menuCode,mainCategory,subCategory,menuName,weight,foodCount
D011001,밥류,쌀밥,눌은밥,440.0,1
D011002,밥류,쌀밥,쌀밥,210.0,1
D011003,밥류,쌀밥,찰밥,210.0,1
D011004,밥류,쌀밥,현미밥,210.0,1
D011006,밥류,쌀밥,현미밥,160.0,1
D011007,밥류,쌀밥,누룽지(멥쌀),100.0,1
D011008,밥류,쌀밥,흑미밥,90.0,2
D011009,밥류,쌀밥,발아현미밥,100.0,2
D011010,밥류,쌀밥,흑미현미밥,95.0,3
D012001,밥류,잡곡밥류,검정콩밥,200.0,2
D012002,밥류,잡곡밥류,기장밥,205.0,2
D012003,밥류,잡곡밥류,녹두밥,210.0,3
D012004,밥류,잡곡밥류,땅콩밥,200.0,2
D012005,밥류,잡곡밥류,밤밥,210.0,2
D012006,밥류,잡곡밥류,보리밥,200.0,2
D012007,밥류,잡곡밥류,보리밥(강낭콩),210.0,3
D012008,밥류,잡곡밥류,보리밥(조),200.0,3
D012009,밥류,잡곡밥류,보리밥(팥),200.0,3
D012010,밥류,잡곡밥류,수수밥,200.0,2
D012011,밥류,잡곡밥류,쑥밥,230.0,2
D012012,밥류,잡곡밥류,약식,197.0,7
D012013,밥류,잡곡밥류,오곡밥,206.0,8
D012014,밥류,잡곡밥류,옥수수밥,210.0,2
D012015,밥류,잡곡밥류,완두콩밥,200.0,3
D012016,밥류,잡곡밥류,율무밥,200.0,3
D012017,밥류,잡곡밥류,잡곡밥(강낭콩),208.0,3
D012018,밥류,잡곡밥류,잡곡밥(옥수수),180.0,5
D012019,밥류,잡곡밥류,잡곡밥(팥),220.0,4
D012020,밥류,잡곡밥류,조밥,190.0,2
D012021,밥류,잡곡밥류,차수수밥,180.0,3
D012022,밥류,잡곡밥류,차조밥,180.0,3
D012023,밥류,잡곡밥류,찰밥(멥쌀),200.0,2
D012024,밥류,잡곡밥류,찰밥(수수),180.0,3
D012025,밥류,잡곡밥류,콩밥,190.0,3
D012026,밥류,잡곡밥류,팥밥,210.0,2
D012027,밥류,잡곡밥류,귀리누룽지,70.0,2
D012029,밥류,잡곡밥류,귀리밥,190.0,2
D012034,밥류,잡곡밥류,보리고구마밥,158.0,3
D012037,밥류,잡곡밥류,양주밤밥,186.0,4
D012043,밥류,잡곡밥류,조감자밥,300.0,2
D012047,밥류,잡곡밥류,보리옥수수밥,120.0,3
D012048,밥류,잡곡밥류,보리옥수수밥,169.9,3
D012049,밥류,잡곡밥류,잡곡밥,200.1,8
D012050,밥류,잡곡밥류,잡곡밥,270.1,8
D012051,밥류,잡곡밥류,귀리밥,140.0,2
D012052,밥류,잡곡밥류,보리고구마밥,342.0,3
D012053,밥류,잡곡밥류,옥수수밥,180.0,2
D012054,밥류,잡곡밥류,잡곡밥(강낭콩),88.6,3
D012055,밥류,잡곡밥류,귀리누룽지,175.0,2
D012056,밥류,잡곡밥류,보리고구마밥,144.8,3
D012057,밥류,잡곡밥류,귀리밥,168.5,2
D012058,밥류,잡곡밥류,귀리영양밥,190.0,7
D012059,밥류,잡곡밥류,기장 영양밥,210.0,17
D012060,밥류,잡곡밥류,대추영양밥,289.0,15
D012061,밥류,잡곡밥류,상추쌈보리밥,270.0,7
D012062,밥류,잡곡밥류,영양찰밥 품은 팥,170.5,6
D012063,밥류,잡곡밥류,오곡밥,194.0,8
D012064,밥류,잡곡밥류,오곡연잎밥,207.7,10
D012065,밥류,잡곡밥류,옥수수영양밥,262.8,11
D012066,밥류,잡곡밥류,강낭콩밥,100.0,2
D012067,밥류,잡곡밥류,꽁보리밥,80.0,2
D012068,밥류,잡곡밥류,늘보리밥,90.0,2
D012069,밥류,잡곡밥류,동부콩밥,100.0,2
D012070,밥류,잡곡밥류,렌틸콩밥,90.0,3
D012071,밥류,잡곡밥류,모듬콩밥,65.0,3
D012072,밥류,잡곡밥류,서리태밥,102.0,3
D012073,밥류,잡곡밥류,오곡찰밥,129.1,7
D012074,밥류,잡곡밥류,찰보리밥,80.0,2
D012075,밥류,잡곡밥류,찰현미밥,100.0,2
D012076,밥류,잡곡밥류,귀리수수밥,96.0,3
D012077,밥류,잡곡밥류,귀리차조밥,96.0,3
D012078,밥류,잡곡밥류,귀리현미밥,88.0,3
D012079,밥류,잡곡밥류,기장보리밥,98.0,3
D012080,밥류,잡곡밥류,기장현미밥,98.0,3
D012081,밥류,잡곡밥류,대추밤찰밥,130.0,5
D012082,밥류,잡곡밥류,더덕영양밥,124.0,5
D012083,밥류,잡곡밥류,병아리콩밥,90.0,2
D012084,밥류,잡곡밥류,보리현미밥,110.0,3
D012085,밥류,잡곡밥류,수수현미밥,93.0,3
D012086,밥류,잡곡밥류,옥수수콩밥,95.0,3
D012087,밥류,잡곡밥류,차조기장밥,106.0,3
D012088,밥류,잡곡밥류,차조현미밥,98.0,3
D012089,밥류,잡곡밥류,찰옥수수밥,140.0,3
D012090,밥류,잡곡밥류,찹쌀기장밥,60.0,3
D012091,밥류,잡곡밥류,찹쌀녹두밥,67.0,3
D012092,밥류,잡곡밥류,찹쌀차조밥,108.0,3
D012093,밥류,잡곡밥류,찹쌀현미밥,108.0,3
D012094,밥류,잡곡밥류,현미기장밥,90.0,3
D012095,밥류,잡곡밥류,현미수수밥,100.0,3
D012096,밥류,잡곡밥류,현미찹쌀밥,100.0,3
D012097,밥류,잡곡밥류,현미흑미밥,90.0,3
D012098,밥류,잡곡밥류,흑미차조밥,96.0,3
D012099,밥류,잡곡밥류,강낭콩현미밥,125.0,3
D012100,밥류,잡곡밥류,서리태보리밥,97.0,4
D012101,밥류,잡곡밥류,서리태흑미밥,104.0,4
D012102,밥류,잡곡밥류,옥수수기장밥,93.0,3
D012103,밥류,잡곡밥류,옥수수차조밥,103.0,3
D012104,밥류,잡곡밥류,찹쌀검정콩밥,90.0,3
D012105,밥류,잡곡밥류,찹쌀서리태밥,113.0,3
D012106,밥류,잡곡밥류,연근흑미영양밥,156.0,8
D012107,밥류,잡곡밥류,도라지전복영양밥,156.0,8
D012108,밥류,잡곡밥류,렌틸콩발아현미밥,110.0,3
D012109,밥류,잡곡밥류,흑미초당옥수수밥,100.0,3
D012110,밥류,잡곡밥류,잡곡밥(검정콩밥),88.0,2
D012111,밥류,잡곡밥류,잡곡밥(병아리콩),90.0,2
D012112,밥류,잡곡밥류,잡곡밥(찹쌀흑미),110.0,2
D012113,밥류,잡곡밥류,오곡밥(대보름),120.0,6
D012114,밥류,잡곡밥류,잡곡밥(완두콩),105.0,3
D012115,밥류,잡곡밥류,잡곡밥(차수수),98.0,3
D012116,밥류,잡곡밥류,잡곡밥(보리),105.0,2
D012117,밥류,잡곡밥류,잡곡밥(차조),110.0,2
D012118,밥류,잡곡밥류,잡곡밥(혼합),90.0,4
D012119,밥류,잡곡밥류,잡곡(녹두)밥,100.0,2
D012120,밥류,잡곡밥류,크렌베리귀리밥,185.0,3
D013001,밥류,채소밥류,감자밥,220.5,4
D013002,밥류,채소밥류,고구마밥,210.0,2
D013003,밥류,채소밥류,야채밥,225.0,10
D013004,밥류,채소밥류,야채밥(치즈),235.0,11
D013005,밥류,채소밥류,콩나물밥,254.0,10
D013007,밥류,채소밥류,김치밥,365.0,4
D013010,밥류,채소밥류,마밥,240.0,2
D013012,밥류,채소밥류,무밥,287.5,8
D013014,밥류,채소밥류,버섯밥,250.5,8
D013019,밥류,채소밥류,감자밥,136.7,4
D013020,밥류,채소밥류,감자밥,209.9,4
D013021,밥류,채소밥류,감자밥,240.0,2
D013022,밥류,채소밥류,콩나물밥,250.1,9
D013023,밥류,채소밥류,깻잎 소고기 쌈밥,296.1,9
D013024,밥류,채소밥류,단호박약식,99.3,10
D013025,밥류,채소밥류,시래기 영양밥,266.0,15
D013026,밥류,채소밥류,연근 연잎밥,197.2,11
D013027,밥류,채소밥류,죽순영양밥,267.4,17
D013028,밥류,채소밥류,가지밥,95.0,9
D013029,밥류,채소밥류,곤드레밥,138.3,7
D013030,밥류,채소밥류,취나물밥,108.0,5
D013031,밥류,채소밥류,가지표고밥,152.2,7
D013032,밥류,채소밥류,두릅영양밥,134.0,5
D013033,밥류,채소밥류,은행영양밥,108.2,9
D013034,밥류,채소밥류,콩나물국밥,209.3,9
D013035,밥류,채소밥류,곤드레나물밥,124.0,8
D013036,밥류,채소밥류,단호박은행밥,95.0,4
D013037,밥류,채소밥류,취나물영양밥,181.0,6
D013038,밥류,채소밥류,뿌리채소영양밥,156.0,9
D013039,밥류,채소밥류,뿌리채소은행밥,90.0,6
D013040,밥류,채소밥류,소고기콩나물밥,126.6,7
D013041,밥류,채소밥류,아주까리나물밥,141.0,11
D013042,밥류,채소밥류,표고버섯콩나물밥,131.6,6
D013043,밥류,채소밥류,뿌리채소버섯영양밥,152.0,10
D013044,밥류,채소밥류,단호박약식,439.0,8
D013045,밥류,채소밥류,울금해초밥,180.0,10
D013046,밥류,채소밥류,강황고구마밥,535.0,9
D013047,밥류,채소밥류,버섯곤드레밥,241.0,11
D014001,밥류,비빔밥 및 볶음밥류,김치볶음밥(돼지고기),357.0,11
D014002,밥류,비빔밥 및 볶음밥류,김치볶음밥(콩나물),280.5,7
D014003,밥류,비빔밥 및 볶음밥류,비빔밥(고추장),333.5,11
D014004,밥류,비빔밥 및 볶음밥류,"비빔밥(고추장, 돼지고기)",324.5,14
D014005,밥류,비빔밥 및 볶음밥류,"비빔밥(고추장, 소고기)",415.0,10
D014006,밥류,비빔밥 및 볶음밥류,산채비빔밥(고추장),333.5,11
D014007,밥류,비빔밥 및 볶음밥류,소고기볶음밥,341.0,13
D014008,밥류,비빔밥 및 볶음밥류,"열무비빔밥(고추장, 소고기)",309.0,10
D014009,밥류,비빔밥 및 볶음밥류,영양돌솥밥,240.0,6
D014010,밥류,비빔밥 및 볶음밥류,오므라이스,396.0,10
D014011,밥류,비빔밥 및 볶음밥류,콩나물비빔밥(소고기),333.0,9
D014012,밥류,비빔밥 및 볶음밥류,해초비빔밥(고추장),325.0,11
D014019,밥류,비빔밥 및 볶음밥류,비빔밥,500.0,15
D014026,밥류,비빔밥 및 볶음밥류,육회비빔밥,549.0,19
D014036,밥류,비빔밥 및 볶음밥류,김치볶음밥(콩나물),220.0,7
D014037,밥류,비빔밥 및 볶음밥류,겨자소스를 곁들인 영양밥 강정,264.1,20
D014038,밥류,비빔밥 및 볶음밥류,귀리토마토리소토,355.9,8
D014039,밥류,비빔밥 및 볶음밥류,닭가슴살 곤드레밥,288.3,13
D014040,밥류,비빔밥 및 볶음밥류,바지락비빔밥,338.0,12
D014041,밥류,비빔밥 및 볶음밥류,양배추 볶음밥,326.7,10
D014042,밥류,비빔밥 및 볶음밥류,열무김치 불고기비빔밥,365.55,17
D014043,밥류,비빔밥 및 볶음밥류,율무볶음밥,238.95,11
D014044,밥류,비빔밥 및 볶음밥류,참나물불고기비빔밥,349.05,19
D014045,밥류,비빔밥 및 볶음밥류,비빔밥,321.5,15
D014046,밥류,비빔밥 및 볶음밥류,간장달걀밥,190.0,8
D014047,밥류,비빔밥 및 볶음밥류,게살볶음밥,103.5,9
D014048,밥류,비빔밥 및 볶음밥류,김밥볶음밥,111.8,14
D014049,밥류,비빔밥 및 볶음밥류,꼬막비빔밥,163.9,15
D014050,밥류,비빔밥 및 볶음밥류,나물비빔밥,82.1,7
D014051,밥류,비빔밥 및 볶음밥류,낙지비빔밥,268.4,15
D014052,밥류,비빔밥 및 볶음밥류,달걀볶음밥,46.3,4
D014053,밥류,비빔밥 및 볶음밥류,목살필라프,83.91,16
D014054,밥류,비빔밥 및 볶음밥류,삼색도리아,313.2,14
D014055,밥류,비빔밥 및 볶음밥류,새우볶음밥,80.3,11
D014056,밥류,비빔밥 및 볶음밥류,야채볶음밥,149.0,9
D014057,밥류,비빔밥 및 볶음밥류,열무비빔밥,282.0,11
D014058,밥류,비빔밥 및 볶음밥류,참치볶음밥,96.8,10
D014059,밥류,비빔밥 및 볶음밥류,채소볶음밥,82.3,7
D014060,밥류,비빔밥 및 볶음밥류,통영비빔밥,262.6,12
D014061,밥류,비빔밥 및 볶음밥류,해물볶음밥,96.0,14
D014062,밥류,비빔밥 및 볶음밥류,깍두기볶음밥,120.5,10
D014063,밥류,비빔밥 및 볶음밥류,날치알볶음밥,93.4,12
D014064,밥류,비빔밥 및 볶음밥류,바지락비빔밥,163.8,11
D014065,밥류,비빔밥 및 볶음밥류,봄나물비빔밥,169.0,11
D014066,밥류,비빔밥 및 볶음밥류,산나물비빔밥,177.0,12
D014067,밥류,비빔밥 및 볶음밥류,삼겹살볶음밥,105.4,11
D014068,밥류,비빔밥 및 볶음밥류,새우살볶음밥,223.0,9
D014069,밥류,비빔밥 및 볶음밥류,중국식볶음밥,83.7,13
D014070,밥류,비빔밥 및 볶음밥류,중국식잡채밥,164.9,17
D014071,밥류,비빔밥 및 볶음밥류,중화풍볶음밥,200.0,9
D014072,밥류,비빔밥 및 볶음밥류,햄달걀볶음밥,82.0,6
D014073,밥류,비빔밥 및 볶음밥류,햄야채볶음밥,147.0,9
D014074,밥류,비빔밥 및 볶음밥류,간장게살볶음밥,126.1,8
D014075,밥류,비빔밥 및 볶음밥류,게살달걀볶음밥,123.72,11
D014076,밥류,비빔밥 및 볶음밥류,꼬막야채비빔밥,243.9,15
D014077,밥류,비빔밥 및 볶음밥류,나물된장비빔밥,147.52,14
D014078,밥류,비빔밥 및 볶음밥류,낙지강황비빔밥,247.4,16
D014079,밥류,비빔밥 및 볶음밥류,달걀버터비빔밥,147.8,8
D014080,밥류,비빔밥 및 볶음밥류,닭살채소볶음밥,123.5,12
D014081,밥류,비빔밥 및 볶음밥류,도토리묵비빔밥,217.2,12
D014082,밥류,비빔밥 및 볶음밥류,두부카레볶음밥,100.0,7
D014083,밥류,비빔밥 및 볶음밥류,보리열무비빔밥,175.0,6
D014084,밥류,비빔밥 및 볶음밥류,새우야채볶음밥,126.8,11
D014085,밥류,비빔밥 및 볶음밥류,야채나물비빔밥,201.0,10
D014086,밥류,비빔밥 및 볶음밥류,열무김치비빔밥,127.0,8
D014087,밥류,비빔밥 및 볶음밥류,열무보리비빔밥,214.0,9
D014088,밥류,비빔밥 및 볶음밥류,참치채소볶음밥,118.6,10
D014089,밥류,비빔밥 및 볶음밥류,파인애플볶음밥,179.1,13
D014090,밥류,비빔밥 및 볶음밥류,굴소스해물볶음밥,173.6,10
D014091,밥류,비빔밥 및 볶음밥류,깍두기달걀볶음밥,144.71,17
D014092,밥류,비빔밥 및 볶음밥류,날치알계란볶음밥,84.5,12
D014093,밥류,비빔밥 및 볶음밥류,닭고기산채비빔밥,127.0,9
D014094,밥류,비빔밥 및 볶음밥류,소고기가지볶음밥,121.8,12
D014095,밥류,비빔밥 및 볶음밥류,소고기채소볶음밥,65.0,13
D014096,밥류,비빔밥 및 볶음밥류,참치생야채비빔밥,149.0,6
D014097,밥류,비빔밥 및 볶음밥류,청경채두부볶음밥,92.3,6
D014098,밥류,비빔밥 및 볶음밥류,토마토달걀볶음밥,104.5,6
D014099,밥류,비빔밥 및 볶음밥류,해물굴소스볶음밥,156.6,10
D014100,밥류,비빔밥 및 볶음밥류,닭가슴살우엉볶음밥,126.2,10
D014101,밥류,비빔밥 및 볶음밥류,돼지고기채소볶음밥,112.0,12
D014102,밥류,비빔밥 및 볶음밥류,명란아보카도비빔밥,219.3,8
D014103,밥류,비빔밥 및 볶음밥류,새우파인애플볶음밥,121.5,12
D014104,밥류,비빔밥 및 볶음밥류,소고기고사리볶음밥,88.2,11
D014105,밥류,비빔밥 및 볶음밥류,아보카도명란비빔밥,186.8,11
D014106,밥류,비빔밥 및 볶음밥류,파인애플새우볶음밥,167.8,16
D014107,밥류,비빔밥 및 볶음밥류,파프리카야채볶음밥,151.0,9
D014108,밥류,비빔밥 및 볶음밥류,안매운김치치즈볶음밥,88.0,5
D014109,밥류,비빔밥 및 볶음밥류,한우장조림버터비빔밥,81.5,14
D014110,밥류,비빔밥 및 볶음밥류,닭가슴살과견과류비빔밥,159.5,9
D014111,밥류,비빔밥 및 볶음밥류,닭가슴살데리야끼채소비빔밥,334.0,20
D014112,밥류,비빔밥 및 볶음밥류,굴소스야채볶음밥(소),123.0,9
D014113,밥류,비빔밥 및 볶음밥류,멕시칸볶음밥(세계음식-멕시코),165.0,12
D014114,밥류,비빔밥 및 볶음밥류,배추나물밥&amp;양념장,107.0,9
D014115,밥류,비빔밥 및 볶음밥류,김치볶음밥&amp;달걀후라이,255.32,17
D014116,밥류,비빔밥 및 볶음밥류,산채비빔밥&amp;표고약고추장,347.5,19
D014117,밥류,비빔밥 및 볶음밥류,곤드레무밥/양념장,124.9,9
D014118,밥류,비빔밥 및 볶음밥류,버섯영양밥/양념장,81.9,9
D014119,밥류,비빔밥 및 볶음밥류,시래기무밥/양념장,146.3,8
D014120,밥류,비빔밥 및 볶음밥류,콩나물무밥/양념장,121.5,9
D014121,밥류,비빔밥 및 볶음밥류,소라톳밥&amp;부추양념장,112.2,9
D014122,밥류,비빔밥 및 볶음밥류,꽁보리밥(비빔밥용),54.0,4
D014123,밥류,비빔밥 및 볶음밥류,톳영양밥/양념장,216.2,8
D014124,밥류,비빔밥 및 볶음밥류,곤드레밥/부추파프리카양념장,183.3,15
D014125,밥류,비빔밥 및 볶음밥류,냉이 강된장비빔밥,238.0,11
D014126,밥류,비빔밥 및 볶음밥류,가지볶음밥,556.3,12
D014127,밥류,비빔밥 및 볶음밥류,미역볶음밥,231.3,14
D014128,밥류,비빔밥 및 볶음밥류,채소비빔밥,866.0,16
D014129,밥류,비빔밥 및 볶음밥류,해물볶음밥,313.0,13
D014130,밥류,비빔밥 및 볶음밥류,근채류주먹밥,289.0,13
D014131,밥류,비빔밥 및 볶음밥류,닭고기볶음밥,268.0,9
D014132,밥류,비빔밥 및 볶음밥류,청국장볶음밥,330.0,19
D014133,밥류,비빔밥 및 볶음밥류,파인애플볶음밥,538.0,14
D014134,밥류,비빔밥 및 볶음밥류,토마토카레 채소볶음밥,348.1,13
D015001,밥류,덮밥 및 국밥류,계란덮밥,397.0,13
D015002,밥류,덮밥 및 국밥류,닭고기덮밥,356.5,11
D015003,밥류,덮밥 및 국밥류,두부덮밥,387.0,12
D015004,밥류,덮밥 및 국밥류,소고기국밥,1007.0,7
D015005,밥류,덮밥 및 국밥류,소고기덮밥,367.0,11
D015006,밥류,덮밥 및 국밥류,소고기덮밥(양송이버섯),377.0,12
D015007,밥류,덮밥 및 국밥류,순대국밥,1053.5,12
D015008,밥류,덮밥 및 국밥류,오징어덮밥(고추장),390.0,12
D015009,밥류,덮밥 및 국밥류,잡채밥,319.5,10
D015010,밥류,덮밥 및 국밥류,잡탕밥,380.5,13
D015011,밥류,덮밥 및 국밥류,제육덮밥(고추장),360.0,14
D015012,밥류,덮밥 및 국밥류,짜장밥,363.0,11
D015013,밥류,덮밥 및 국밥류,카레라이스,389.0,10
D015014,밥류,덮밥 및 국밥류,하이라이스,338.0,11
D015015,밥류,덮밥 및 국밥류,한치덮밥(고추장),416.0,14
D015016,밥류,덮밥 및 국밥류,해물덮밥(고추장),369.0,13
D015017,밥류,덮밥 및 국밥류,"회덮밥(참치, 고추장)",389.0,12
D015018,밥류,덮밥 및 국밥류,"회덮밥(참치, 초고추장)",380.0,13
D015021,밥류,덮밥 및 국밥류,다슬기국밥(올갱이국밥),961.1,11
D015029,밥류,덮밥 및 국밥류,전주콩나물국밥,875.0,10
D015030,밥류,덮밥 및 국밥류,해물덮밥(고추장),249.0,12
D015031,밥류,덮밥 및 국밥류,카레라이스,226.6,10
D015032,밥류,덮밥 및 국밥류,수수차밥,241.0,6
D015033,밥류,덮밥 및 국밥류,양파버섯덮밥,326.05,12
D015034,밥류,덮밥 및 국밥류,장어밥,218.5,9
D015035,밥류,덮밥 및 국밥류,차돌박이미나리덮밥,306.05,13
D015036,밥류,덮밥 및 국밥류,굴국밥,91.7,11
D015037,밥류,덮밥 및 국밥류,날치알밥,123.0,6
D015038,밥류,덮밥 및 국밥류,달걀덮밥,107.0,11
D015039,밥류,덮밥 및 국밥류,짬뽕덮밥,184.6,19
D015040,밥류,덮밥 및 국밥류,닭갈비덮밥,170.3,12
D015041,밥류,덮밥 및 국밥류,닭살짜장밥,133.0,10
D015042,밥류,덮밥 및 국밥류,소고기규동,264.2,16
D015043,밥류,덮밥 및 국밥류,야채자장밥,125.0,8
D015044,밥류,덮밥 및 국밥류,양송이덮밥,197.2,14
D015045,밥류,덮밥 및 국밥류,팔보채덮밥,233.0,19
D015046,밥류,덮밥 및 국밥류,고추잡채덮밥,255.02,13
D015047,밥류,덮밥 및 국밥류,단호박리조또,146.3,9
D015048,밥류,덮밥 및 국밥류,마파두부덮밥,147.0,12
D015049,밥류,덮밥 및 국밥류,참치마요덮밥,153.8,17
D015050,밥류,덮밥 및 국밥류,치킨마요덮밥,88.2,12
D015051,밥류,덮밥 및 국밥류,해물볶음덮밥,362.0,12
D015052,밥류,덮밥 및 국밥류,훈제연어덮밥,177.7,8
D015053,밥류,덮밥 및 국밥류,바질새우리조또,134.3,10
D015054,밥류,덮밥 및 국밥류,버섯카레라이스,225.5,10
D015055,밥류,덮밥 및 국밥류,소고기미역국밥,51.3,6
D015056,밥류,덮밥 및 국밥류,주꾸미볶음덮밥,196.0,8
D015057,밥류,덮밥 및 국밥류,쭈꾸미볶음덮밥,190.0,12
D015058,밥류,덮밥 및 국밥류,토마토제육덮밥,352.1,18
D015059,밥류,덮밥 및 국밥류,토마토카레덮밥,217.3,10
D015060,밥류,덮밥 및 국밥류,깐풍돼지고기덮밥,111.5,13
D015061,밥류,덮밥 및 국밥류,돼지고기부추덮밥,213.08,13
D015062,밥류,덮밥 및 국밥류,돼지고기짜장덮밥,112.5,11
D015063,밥류,덮밥 및 국밥류,베이컨로제리조또,140.9,10
D015064,밥류,덮밥 및 국밥류,새우살굴소스덮밥,126.0,9
D015065,밥류,덮밥 및 국밥류,소고기카레라이스,184.0,8
D015066,밥류,덮밥 및 국밥류,소고기하이라이스,255.0,8
D015067,밥류,덮밥 및 국밥류,토마토비프리조또,252.41,15
D015068,밥류,덮밥 및 국밥류,훈제오리양파덮밥,121.0,7
D015069,밥류,덮밥 및 국밥류,돼지고기양송이덮밥,8.54,16
D015070,밥류,덮밥 및 국밥류,새우살마파두부덮밥,205.0,13
D015071,밥류,덮밥 및 국밥류,중화풍마파두부덮밥,168.5,17
D015072,밥류,덮밥 및 국밥류,돼지고기마파두부덮밥,117.5,10
D015073,밥류,덮밥 및 국밥류,코코넛밀크새우그린커리,252.0,11
D015074,밥류,덮밥 및 국밥류,단호박병아리콩카레라이스,228.0,11
D015075,밥류,덮밥 및 국밥류,팽이버섯덮밥/달걀후라이,103.6,11
D015076,밥류,덮밥 및 국밥류,구운달걀 카레덮밥,293.8,10
D015077,밥류,덮밥 및 국밥류,돼지고기 가지덮밥,205.4,15
D015078,밥류,덮밥 및 국밥류,묵계밥,424.0,13
D015079,밥류,덮밥 및 국밥류,봄나물밥,200.0,9
D015080,밥류,덮밥 및 국밥류,불고기덮밥,620.0,16
D015081,밥류,덮밥 및 국밥류,전복내장밥,318.0,12
D015082,밥류,덮밥 및 국밥류,치즈리조또,176.0,7
D015083,밥류,덮밥 및 국밥류,두부달걀덮밥,332.1,13
D015084,밥류,덮밥 및 국밥류,매생이찰범벅,366.0,7
D015085,밥류,덮밥 및 국밥류,바비큐리조또,810.0,14
D015086,밥류,덮밥 및 국밥류,닭가슴살리조또,537.0,14
D016001,밥류,김(초)밥,김밥(게맛살),283.0,9
D016002,밥류,김(초)밥,김밥(비엔나소시지),289.0,9
D016003,밥류,김(초)밥,김밥(어묵),280.0,9
D016004,밥류,김(초)밥,김밥(햄),276.0,9
D016005,밥류,김(초)밥,미역유부밥(새우젓),298.0,4
D016006,밥류,김(초)밥,주먹밥,272.0,10
D016007,밥류,김(초)밥,초밥(문어),247.0,7
D016008,밥류,김(초)밥,초밥(새우),257.0,7
D016009,밥류,김(초)밥,초밥(연어),239.0,7
D016010,밥류,김(초)밥,초밥(유부),290.0,9
D016011,밥류,김(초)밥,초밥(장어),267.0,7
D016012,밥류,김(초)밥,초밥(참치),267.0,7
D016019,밥류,김(초)밥,기장상추주먹밥,222.6,13
D016020,밥류,김(초)밥,두부초밥,271.4,8
D016021,밥류,김(초)밥,수수떡갈비김밥,250.2,21
D016022,밥류,김(초)밥,우리통밀 뿌리채소주먹밥,256.05,12
D016023,밥류,김(초)밥,현미채소초밥,279.0,11
D016024,밥류,김(초)밥,김주먹밥,35.8,5
D016025,밥류,김(초)밥,충무김밥,73.0,10
D016026,밥류,김(초)밥,참치주먹밥,146.8,10
D016027,밥류,김(초)밥,김가루주먹밥,92.5,10
D016028,밥류,김(초)밥,묵은지주먹밥,102.23,10
D016029,밥류,김(초)밥,소고기주먹밥,83.02,9
D016030,밥류,김(초)밥,햄채소주먹밥,61.6,9
D016031,밥류,김(초)밥,잔멸치김가루주먹밥(소),70.1,7
D016032,밥류,김(초)밥,봄주먹밥,319.0,19
D016033,밥류,김(초)밥,양배추롤,262.0,9
D016034,밥류,김(초)밥,구운주먹밥,195.0,8
D016035,밥류,김(초)밥,깐풍주먹밥,336.0,14
D016036,밥류,김(초)밥,닭봉주먹밥,412.0,19
D016037,밥류,김(초)밥,깻잎장아찌롤,401.0,12
D016038,밥류,김(초)밥,새싹참치김밥,242.0,10
D016039,밥류,김(초)밥,참치비빔밥롤,326.0,17
D016040,밥류,김(초)밥,오징어불고기김밥,605.0,13
D016041,밥류,김(초)밥,채소 초밥,186.9,15
D017001,밥류,기타,밤밥,100.0,3
D017002,밥류,기타,강황밥,90.01,3
D017003,밥류,기타,굴무밥,225.0,4
D017004,밥류,기타,녹차밥,92.3,3
D017005,밥류,기타,영양밥,67.0,5
D017006,밥류,기타,홍합밥,112.0,5
D017007,밥류,기타,닭고기솥밥,92.5,8
D017008,밥류,기타,클로렐라밥,85.0,3
D017009,밥류,기타,소불고기브리또,175.6,10
D017010,밥류,기타,제주고구마밥(향토-제주도),130.0,2
D017011,밥류,기타,이천영양밥(향토-경기도),99.0,5
D021001,과자 및 빵류,빵류,건포도빵,80.0,1
D021002,과자 및 빵류,빵류,곰보빵,80.0,1
D021003,과자 및 빵류,빵류,단팥빵,80.0,1
D021004,과자 및 빵류,빵류,도우넛(링),80.0,1
D021005,과자 및 빵류,빵류,도우넛(팥),80.0,1
D021006,과자 및 빵류,빵류,바게트빵,80.0,1
D021007,과자 및 빵류,빵류,식빵(옥수수),100.0,1
D021009,과자 및 빵류,빵류,토스트,100.0,1
D021010,과자 및 빵류,빵류,팬케이크,78.0,4
D021011,과자 및 빵류,빵류,프렌치토스트,191.0,5
D021012,과자 및 빵류,빵류,"피자(슈퍼슈프림, 냉동)",150.0,1
D021013,과자 및 빵류,빵류,핫도그(냉동),60.0,1
D021014,과자 및 빵류,빵류,햄버거(소고기패티),150.0,1
D021023,과자 및 빵류,빵류,꽈배기빵,100.0,1
D021024,과자 및 빵류,빵류,롤빵(하드),100.0,1
D021025,과자 및 빵류,빵류,롤빵(소프트),100.0,1
D021026,과자 및 빵류,빵류,마늘빵,100.0,1
D021027,과자 및 빵류,빵류,머핀(우유),100.0,1
D021028,과자 및 빵류,빵류,모닝빵,100.0,1
D021029,과자 및 빵류,빵류,모카빵,100.0,1
D021030,과자 및 빵류,빵류,베이글,100.0,1
D021031,과자 및 빵류,빵류,식빵,100.0,1
D021032,과자 및 빵류,빵류,식빵(우유),100.0,1
D021033,과자 및 빵류,빵류,옥수수빵,100.0,1
D021034,과자 및 빵류,빵류,잼빵,100.0,1
D021035,과자 및 빵류,빵류,찐빵(팥),100.0,1
D021036,과자 및 빵류,빵류,찐빵(채소),100.0,1
D021037,과자 및 빵류,빵류,찐빵(단호박),100.0,1
D021038,과자 및 빵류,빵류,카스텔라,100.0,1
D021039,과자 및 빵류,빵류,크로와상,100.0,1
D021042,과자 및 빵류,빵류,크로켓(채소),200.0,2
D021043,과자 및 빵류,빵류,크림빵,100.0,1
D021045,과자 및 빵류,빵류,페이스트리,100.0,1
D021046,과자 및 빵류,빵류,치즈 페이스트리,100.0,1
D021047,과자 및 빵류,빵류,과일 페이스트리,100.0,1
D021048,과자 및 빵류,빵류,붕어빵,100.0,1
D021049,과자 및 빵류,빵류,소시지빵,100.0,1
D021050,과자 및 빵류,빵류,난,100.0,1
D021051,과자 및 빵류,빵류,케이크(후르츠 과일),100.0,1
D021052,과자 및 빵류,빵류,롤케이크,100.0,1
D021054,과자 및 빵류,빵류,생크림 케이크(블루베리),100.0,1
D021056,과자 및 빵류,빵류,스펀지 케이크,100.0,1
D021057,과자 및 빵류,빵류,엔젤푸드 케이크,100.0,1
D021058,과자 및 빵류,빵류,초콜릿 케이크,100.0,1
D021059,과자 및 빵류,빵류,치즈 케이크,100.0,1
D021060,과자 및 빵류,빵류,파운드 케이크,100.0,1
D021061,과자 및 빵류,빵류,찹쌀빵(찹쌀도우넛),100.0,1
D021062,과자 및 빵류,빵류,호밀빵,100.0,1
D021063,과자 및 빵류,빵류,크로켓(감자),100.0,1
D021064,과자 및 빵류,빵류,크로켓(크림),100.0,1
D021065,과자 및 빵류,빵류,곶감토르띠야피자,84.0,7
D021066,과자 및 빵류,빵류,늙은 호박 찐빵,113.6,6
D021067,과자 및 빵류,빵류,달걀빵,184.4,8
D021068,과자 및 빵류,빵류,닭고기또띠아쌈(치킨타코),202.5,15
D021069,과자 및 빵류,빵류,메밀갈레트,228.85,17
D021070,과자 및 빵류,빵류,발효생햄줄줄이토스트,125.1,9
D021071,과자 및 빵류,빵류,보리브리또,226.5,14
D021072,과자 및 빵류,빵류,보리술빵,107.0,7
D021073,과자 및 빵류,빵류,보리카스텔라,85.1,8
D021074,과자 및 빵류,빵류,사과조림 샌드,112.2,10
D021075,과자 및 빵류,빵류,수수카나페,58.3,10
D021076,과자 및 빵류,빵류,쌀 파운드케이크,60.3,7
D021077,과자 및 빵류,빵류,오곡불고기부리토,173.0,20
D021078,과자 및 빵류,빵류,우리밀 옥수수빵,68.5,9
D021079,과자 및 빵류,빵류,율무밥크로켓,234.65,16
D021080,과자 및 빵류,빵류,채소쌀케익,130.3,12
D021081,과자 및 빵류,빵류,팥찹쌀떡팬케이크,107.2,9
D021082,과자 및 빵류,빵류,카스텔라케이크와 해독주스,345.0,10
D022001,과자 및 빵류,과자류,건빵,30.0,1
D022002,과자 및 빵류,과자류,"과자(스넥, 새우)",110.0,1
D022003,과자 및 빵류,과자류,과자(초코파이),85.0,1
D022004,과자 및 빵류,과자류,"멥쌀과자(튀밥, 팽화)",110.0,1
D022005,과자 및 빵류,과자류,"시리얼(옥수수, 아몬드)",110.0,1
D022006,과자 및 빵류,과자류,참깨과자(엿강정),10.0,1
D022007,과자 및 빵류,과자류,찹쌀과자(검정깨 다식),60.0,1
D022012,과자 및 빵류,과자류,깨엿강정,184.0,4
D022015,과자 및 빵류,과자류,모약과,2075.0,10
D022019,과자 및 빵류,과자류,인삼정과,365.0,4
D022024,과자 및 빵류,과자류,멥쌀과자,100.0,1
D022025,과자 및 빵류,과자류,멥쌀과자(쌀엿강정),100.0,1
D022026,과자 및 빵류,과자류,만주(밤),100.0,1
D022027,과자 및 빵류,과자류,모나카(과자),100.0,1
D022028,과자 및 빵류,과자류,하드 비스킷(과자),100.0,1
D022029,과자 및 빵류,과자류,소프트 비스킷(과자),100.0,1
D022030,과자 및 빵류,과자류,사과파이(과자),100.0,1
D022031,과자 및 빵류,과자류,전병(과자),100.0,1
D022032,과자 및 빵류,과자류,김전병(과자),100.0,1
D022033,과자 및 빵류,과자류,옥수수스넥(과자),100.0,1
D022034,과자 및 빵류,과자류,약과(과자),100.0,1
D022039,과자 및 빵류,과자류,바닐라 웨하스(과자),100.0,1
D022040,과자 및 빵류,과자류,초코볼(과자),100.0,1
D022041,과자 및 빵류,과자류,통밀쿠키(과자),100.0,1
D022042,과자 및 빵류,과자류,땅콩버터쿠키(과자),100.0,1
D022043,과자 및 빵류,과자류,초코칩쿠키(과자),100.0,1
D022044,과자 및 빵류,과자류,버터쿠키(과자),100.0,1
D022045,과자 및 빵류,과자류,크랙커(과자),100.0,1
D022046,과자 및 빵류,과자류,땅콩샌드 크랙커(과자),100.0,1
D022047,과자 및 빵류,과자류,치즈샌드 크랙커(과자),100.0,1
D022048,과자 및 빵류,과자류,채소 크랙커(과자),100.0,1
D022050,과자 및 빵류,과자류,뻥튀기(팽화),100.0,1
D022051,과자 및 빵류,과자류,마카로니(과자),100.0,1
D022052,과자 및 빵류,과자류,시리얼(옥수수),100.0,1
D022053,과자 및 빵류,과자류,시리얼(현미),100.0,1
D022054,과자 및 빵류,과자류,그래놀라(코코넛),100.0,1
D022055,과자 및 빵류,과자류,그래놀라(건조과일),100.0,1
D022056,과자 및 빵류,과자류,시리얼(쌀),100.0,1
D022057,과자 및 빵류,과자류,시리얼(코코아),100.0,1
D022058,과자 및 빵류,과자류,옥수수과자(강냉이),100.0,1
D022060,과자 및 빵류,과자류,찹쌀과자(송화다식),100.0,1
D022061,과자 및 빵류,과자류,찹쌀과자(산자),100.0,1
D022062,과자 및 빵류,과자류,찹쌀과자(유과),100.0,1
D022064,과자 및 빵류,과자류,"감자칩(과자,구운것)",100.0,1
D022065,과자 및 빵류,과자류,"감자칩(과자,튀긴것)",100.0,1
D022066,과자 및 빵류,과자류,풍선껌,100.0,1
D022067,과자 및 빵류,과자류,껌(무설탕),100.0,1
D022068,과자 및 빵류,과자류,엿(고구마),100.0,1
D022069,과자 및 빵류,과자류,사탕(마쉬멜로),100.0,1
D022070,과자 및 빵류,과자류,사탕(박하사탕),100.0,1
D022071,과자 및 빵류,과자류,사탕(버터),100.0,1
D022072,과자 및 빵류,과자류,사탕(땅콩),100.0,1
D022073,과자 및 빵류,과자류,팥 양갱,100.0,1
D022074,과자 및 빵류,과자류,젤리(구미),100.0,1
D022075,과자 및 빵류,과자류,초코바(땅콩 카라멜),100.0,1
D022076,과자 및 빵류,과자류,초코바(쿠키 카라멜),100.0,1
D022077,과자 및 빵류,과자류,초콜릿(다크),100.0,1
D022078,과자 및 빵류,과자류,초콜릿(땅콩),100.0,1
D022079,과자 및 빵류,과자류,초콜릿(크런치),100.0,1
D022080,과자 및 빵류,과자류,초콜릿(밀크 아몬드),100.0,1
D022081,과자 및 빵류,과자류,초콜릿(스위트),100.0,1
D022082,과자 및 빵류,과자류,초콜릿(화이트),100.0,1
D022083,과자 및 빵류,과자류,카라멜(밀크),100.0,1
D022084,과자 및 빵류,과자류,푸딩(커스터드),100.0,1
D022085,과자 및 빵류,과자류,강정,1932.0,13
D022086,과자 및 빵류,과자류,대추초,1153.0,8
D022087,과자 및 빵류,과자류,도라지정과,1344.0,4
D022088,과자 및 빵류,과자류,매작과,1153.0,8
D022089,과자 및 빵류,과자류,엿,11928.0,3
D022090,과자 및 빵류,과자류,콩엿강정,1143.0,6
D022091,과자 및 빵류,과자류,마늘바게트,100.0,1
D022092,과자 및 빵류,과자류,밀쌀스낵,100.0,1
D022093,과자 및 빵류,과자류,대추영양바,52.4,12
D022094,과자 및 빵류,과자류,보리하트쿠키,33.1,6
D022095,과자 및 빵류,과자류,오곡강정,43.0,10
D022096,과자 및 빵류,과자류,우리밀 시나몬초코칩쿠키,40.5,9
D022097,과자 및 빵류,과자류,호두땅콩크로캉,38.0,7
D022098,과자 및 빵류,과자류,효도강정,195.0,8
D031001,면 및 만두류,면류,국수장국,940.0,12
D031002,면 및 만두류,면류,도토리국수,842.0,10
D031003,면 및 만두류,면류,라면,719.0,3
D031004,면 및 만두류,면류,메밀국수,481.0,9
D031005,면 및 만두류,면류,물냉면,926.0,10
D031007,면 및 만두류,면류,비빔냉면,908.0,10
D031008,면 및 만두류,면류,소면,640.0,6
D031009,면 및 만두류,면류,수제비,689.0,9
D031010,면 및 만두류,면류,"수제비(계란, 소고기맛 조미료)",810.0,10
D031011,면 및 만두류,면류,열무김치국수,791.0,6
D031012,면 및 만두류,면류,우동,771.0,7
D031013,면 및 만두류,면류,유부국수,794.0,9
D031014,면 및 만두류,면류,잔치국수,641.0,8
D031015,면 및 만두류,면류,짜장면,423.0,11
D031016,면 및 만두류,면류,짬뽕,884.0,13
D031017,면 및 만두류,면류,쫄면,201.0,9
D031018,면 및 만두류,면류,칡냉면,356.0,13
D031019,면 및 만두류,면류,칼국수(닭고기),791.0,7
D031020,면 및 만두류,면류,칼국수(소고기),787.0,13
D031021,면 및 만두류,면류,콩국수,805.0,6
D031022,면 및 만두류,면류,회냉면(홍어),365.0,14
D031039,면 및 만두류,면류,메밀콧등치기,1324.0,14
D031045,면 및 만두류,면류,비빔국수,386.5,9
D031060,면 및 만두류,면류,"수제비(계란, 소고기맛 조미료)",649.9,11
D031061,면 및 만두류,면류,녹두 칼국수,432.5,6
D031062,면 및 만두류,면류,도토리온국수,497.8,15
D031063,면 및 만두류,면류,들깨수제비,527.0,10
D031064,면 및 만두류,면류,메밀국수김말이,165.75,12
D031065,면 및 만두류,면류,메밀샐러드국수,270.0,14
D031066,면 및 만두류,면류,메밀수제비,522.9,21
D031067,면 및 만두류,면류,수수들깨칼국수,496.5,16
D031068,면 및 만두류,면류,우엉비빔면,215.0,16
D031069,면 및 만두류,면류,풋콩국수,473.7,9
D031070,면 및 만두류,면류,간편콩국수,513.0,11
D031071,면 및 만두류,면류,삼겹살라면,205.0,9
D031072,면 및 만두류,면류,오색볶음면,232.0,12
D031073,면 및 만두류,면류,토마토라면,458.0,11
D031074,면 및 만두류,면류,다이어트국수,628.0,10
D031075,면 및 만두류,면류,닭갈비볶음면,338.0,13
D031076,면 및 만두류,면류,로제소스라면,546.0,13
D031077,면 및 만두류,면류,열무곤약국수,438.0,8
D031078,면 및 만두류,면류,까르보나라뇨끼,618.0,13
D031079,면 및 만두류,면류,열무김치파스타,347.0,11
D031080,면 및 만두류,면류,유자샐러드라면,148.0,9
D031081,면 및 만두류,면류,황태포당면국수,254.1,15
D031082,면 및 만두류,면류,간장곤약볶음국수,402.0,11
D031083,면 및 만두류,면류,바나나크림파스타,819.0,12
D031084,면 및 만두류,면류,토마토샐러드라면,279.1,14
D031085,면 및 만두류,면류,토마토스프파스타,512.0,13
D031086,면 및 만두류,면류,얼큰 콩나물 수제비,207.0,6
D031087,면 및 만두류,면류,감자칼국수,185.3,13
D031088,면 및 만두류,면류,계란잔치국수,93.0,13
D031089,면 및 만두류,면류,골뱅이비빔면,157.5,14
D031090,면 및 만두류,면류,까르보나라스파게티,198.32,13
D031091,면 및 만두류,면류,꼬치어묵우동,193.5,13
D031092,면 및 만두류,면류,달걀스파게티피자,289.6,15
D031093,면 및 만두류,면류,닭고기와사랑에빠진수제비,151.5,13
D031094,면 및 만두류,면류,돼지고기김치크림파스타,157.4,15
D031095,면 및 만두류,면류,들깨버섯칼국수,158.5,15
D031096,면 및 만두류,면류,들깨인삼칼국수,166.0,13
D031097,면 및 만두류,면류,들깨칼국수,109.0,10
D031098,면 및 만두류,면류,로제크림파스타,142.31,12
D031099,면 및 만두류,면류,로제파스타,141.3,10
D031100,면 및 만두류,면류,매생이칼국수,103.52,8
D031101,면 및 만두류,면류,메밀막국수,90.5,8
D031102,면 및 만두류,면류,메밀비빔국수,84.0,13
D031103,면 및 만두류,면류,멸치튀김잔치국수,146.52,13
D031104,면 및 만두류,면류,미나리봉골레파스타,134.1,8
D031105,면 및 만두류,면류,미나리해물파스타,125.0,11
D031106,면 및 만두류,면류,미니김치말이국수,191.0,9
D031107,면 및 만두류,면류,미니양지쌀국수,132.5,9
D031108,면 및 만두류,면류,미니우동,40.1,7
D031109,면 및 만두류,면류,미니잔치국수,73.0,10
D031110,면 및 만두류,면류,미니홍합국수,105.0,10
D031111,면 및 만두류,면류,미트볼스파게티,103.0,7
D031112,면 및 만두류,면류,미트스파게티,245.5,15
D031113,면 및 만두류,면류,바지락칼국수,86.5,9
D031114,면 및 만두류,면류,버섯우동면굴소스볶음,156.5,9
D031115,면 및 만두류,면류,버섯칼국수,165.3,18
D031116,면 및 만두류,면류,베이컨로제파스타,125.9,10
D031117,면 및 만두류,면류,베이컨크림스파게티,172.32,13
D031118,면 및 만두류,면류,베이컨크림파스타,198.02,10
D031119,면 및 만두류,면류,볶음우동,155.61,19
D031120,면 및 만두류,면류,블랙 크림파스타,145.0,6
D031121,면 및 만두류,면류,삼색수제비,58.0,11
D031122,면 및 만두류,면류,삼선자장면,143.02,14
D031123,면 및 만두류,면류,새우볶음우동,124.1,13
D031124,면 및 만두류,면류,새우크림스파게티,97.1,10
D031125,면 및 만두류,면류,새우크림파스타,147.1,10
D031126,면 및 만두류,면류,새우튀김우동,186.0,9
D031127,면 및 만두류,면류,소고기양지쌀국수,124.5,11
D031128,면 및 만두류,면류,쌀국수,141.1,8
D031129,면 및 만두류,면류,애호박닭칼국수,150.21,17
D031130,면 및 만두류,면류,어린이쌀국수,71.8,12
D031131,면 및 만두류,면류,어묵우동,60.6,9
D031132,면 및 만두류,면류,열무물국수,292.0,9
D031133,면 및 만두류,면류,온면&amp;양념장,138.4,14
D031134,면 및 만두류,면류,우무묵콩국수,215.8,10
D031135,면 및 만두류,면류,유부우동,90.89,11
D031136,면 및 만두류,면류,장칼국수,177.1,16
D031137,면 및 만두류,면류,쟁반짜장면,286.2,11
D031138,면 및 만두류,면류,채소짬뽕,275.0,12
D031139,면 및 만두류,면류,채식토마토파스타,210.2,11
D031140,면 및 만두류,면류,초계냉국수,379.0,11
D031141,면 및 만두류,면류,콩나물 비빔면,433.75,8
D031142,면 및 만두류,면류,크림파스타,218.02,10
D031143,면 및 만두류,면류,토마토파스타,87.2,9
D031144,면 및 만두류,면류,토마토해물파스타,208.0,13
D031145,면 및 만두류,면류,팥칼국수,147.0,4
D031146,면 및 만두류,면류,해물칼국수,60.3,10
D031147,면 및 만두류,면류,호박칼국수,138.3,13
D032001,면 및 만두류,만두류,군만두(초간장포함),19.0,5
D032002,면 및 만두류,만두류,김치만두,180.0,10
D032003,면 및 만두류,만두류,"떡만둣국(김치만두, 멸치)",829.0,8
D032004,면 및 만두류,만두류,"떡만둣국(김치만두, 소고기)",880.0,10
D032005,면 및 만두류,만두류,"떡만둣국(닭고기만두, 멸치)",834.0,17
D032006,면 및 만두류,만두류,"떡만둣국(돼지고기만두, 멸치)",834.0,17
D032007,면 및 만두류,만두류,만둣국,801.0,8
D032011,면 및 만두류,만두류,채만두,874.0,9
D032017,면 및 만두류,만두류,만두,759.0,10
D032018,면 및 만두류,만두류,버섯만두,82.45,11
D040001,죽류,죽류,감자죽,111.0,5
D040002,죽류,죽류,깨죽,61.0,3
D040003,죽류,죽류,닭죽,286.0,7
D040004,죽류,죽류,버섯죽,104.0,6
D040005,죽류,죽류,새우죽,101.0,4
D040006,죽류,죽류,소고기죽,81.0,3
D040007,죽류,죽류,소라죽,91.0,10
D040008,죽류,죽류,수수죽,61.0,3
D040009,죽류,죽류,야채죽,121.0,8
D040010,죽류,죽류,잣죽,63.0,3
D040011,죽류,죽류,전복죽,83.0,5
D040012,죽류,죽류,콩죽,127.0,4
D040014,죽류,죽류,호박죽,118.0,5
D040015,죽류,죽류,흰죽,315.0,1
D040022,죽류,죽류,녹두죽,3972.0,3
D040041,죽류,죽류,옥수수채소죽,2015.0,4
D040043,죽류,죽류,인삼어죽,3475.0,11
D040049,죽류,죽류,팥죽,486.0,3
D040052,죽류,죽류,호두죽,296.0,4
D040057,죽류,죽류,전복죽,249.3,5
D040058,죽류,죽류,전복죽,370.7,5
D040059,죽류,죽류,버섯죽,283.8,6
D040060,죽류,죽류,야채죽,202.6,9
D040061,죽류,죽류,닭죽,220.2,8
D040062,죽류,죽류,소고기죽,306.0,3
D040063,죽류,죽류,미음(백미),100.0,1
D040064,죽류,죽류,미음(현미),100.0,1
D040065,죽류,죽류,흰죽(현미),100.0,1
D040066,죽류,죽류,율무죽,100.0,1
D040067,죽류,죽류,참깨죽,100.0,1
D040068,죽류,죽류,단호박타락죽,168.0,6
D040069,죽류,죽류,대추죽,300.8,8
D040070,죽류,죽류,브로콜리 타락죽,332.2,10
D040071,죽류,죽류,세발나물기장죽,367.35,12
D040072,죽류,죽류,전복보리죽,307.5,7
D040073,죽류,죽류,팥스프,188.8,7
D040074,죽류,죽류,황태 된장 누룽지 죽,285.0,9
D040075,죽류,죽류,호박죽,473.0,8
D040076,죽류,죽류,미역전복죽,221.0,7
D040077,죽류,죽류,새우아욱죽,210.0,5
D040078,죽류,죽류,웰빙카레죽,785.0,10
D040079,죽류,죽류,함초타락죽,280.0,6
D040080,죽류,죽류,닭가슴살스튜,670.0,12
D040081,죽류,죽류,두부청국장죽,356.0,14
D040082,죽류,죽류,브로콜리스프,406.0,10
D040083,죽류,죽류,비타민이유식,410.0,5
D040084,죽류,죽류,퀴노아팥수프,216.0,11
D040085,죽류,죽류,관자브로콜리스프,426.0,11
D040086,죽류,죽류,바다향이 풍부한 전복죽,210.0,8
D051001,국(탕)류,맑은국류,감잣국,523.0,5
D051002,국(탕)류,맑은국류,감잣국(당면),505.0,6
D051003,국(탕)류,맑은국류,감잣국(양파),543.0,6
D051004,국(탕)류,맑은국류,감잣국(유부),533.0,6
D051005,국(탕)류,맑은국류,감잣국(호박),482.0,7
D051006,국(탕)류,맑은국류,게장국,576.0,8
D051007,국(탕)류,맑은국류,계란국,333.0,6
D051008,국(탕)류,맑은국류,계란국(표고버섯),453.0,8
D051009,국(탕)류,맑은국류,고등어국,523.0,8
D051010,국(탕)류,맑은국류,고사리국,484.0,8
D051011,국(탕)류,맑은국류,굴국,520.0,7
D051012,국(탕)류,맑은국류,김국,475.0,5
D051013,국(탕)류,맑은국류,김칫국(돼지고기),556.0,10
D051014,국(탕)류,맑은국류,김칫국(두부),502.0,6
D051015,국(탕)류,맑은국류,김칫국(무),492.0,7
D051016,국(탕)류,맑은국류,김칫국(소시지),495.0,5
D051017,국(탕)류,맑은국류,김칫국(수제비),586.0,7
D051018,국(탕)류,맑은국류,김칫국(참치),492.0,7
D051019,국(탕)류,맑은국류,김칫국(콩나물),556.0,9
D051020,국(탕)류,맑은국류,꽁치국,523.0,8
D051021,국(탕)류,맑은국류,다슬기국,444.0,4
D051022,국(탕)류,맑은국류,대구국,585.0,9
D051023,국(탕)류,맑은국류,대합국,480.0,9
D051024,국(탕)류,맑은국류,대합국(근대),490.0,10
D051025,국(탕)류,맑은국류,대합국(냉이),495.0,10
D051026,국(탕)류,맑은국류,대합국(부추),490.0,10
D051027,국(탕)류,맑은국류,대합국(시금치),490.0,10
D051028,국(탕)류,맑은국류,대합국(쑥갓),490.0,10
D051029,국(탕)류,맑은국류,대합국(콩나물),490.0,10
D051030,국(탕)류,맑은국류,동탯국(무),513.0,7
D051031,국(탕)류,맑은국류,"동탯국(무, 양파)",521.0,8
D051032,국(탕)류,맑은국류,돼지고기국(고추장),512.0,8
D051033,국(탕)류,맑은국류,두부국(계란),535.0,6
D051034,국(탕)류,맑은국류,두부국(조갯살),496.0,7
D051035,국(탕)류,맑은국류,떡국,797.0,8
D051036,국(탕)류,맑은국류,명탯국,523.0,8
D051037,국(탕)류,맑은국류,뭇국,464.0,6
D051038,국(탕)류,맑은국류,뭇국(김치),497.0,7
D051039,국(탕)류,맑은국류,뭇국(새우젓),494.0,7
D051040,국(탕)류,맑은국류,뭇국(소고기),479.0,7
D051041,국(탕)류,맑은국류,"뭇국(소고기, 김치)",512.0,8
D051042,국(탕)류,맑은국류,"뭇국(소고기, 유부)",479.0,8
D051043,국(탕)류,맑은국류,미역국(감자),439.0,5
D051044,국(탕)류,맑은국류,미역국(경단),432.0,6
D051045,국(탕)류,맑은국류,미역국(닭고기),439.0,7
D051046,국(탕)류,맑은국류,미역국(대합),422.0,5
D051047,국(탕)류,맑은국류,미역국(멸치),427.0,6
D051048,국(탕)류,맑은국류,미역국(소고기),551.0,6
D051049,국(탕)류,맑은국류,"미역국(소고기, 바지락)",449.0,8
D051050,국(탕)류,맑은국류,미역국(홍합),453.0,6
D051051,국(탕)류,맑은국류,바지락국,467.0,7
D051052,국(탕)류,맑은국류,복맑은탕(미나리),522.0,7
D051053,국(탕)류,맑은국류,복맑은탕(쑥갓),522.0,7
D051054,국(탕)류,맑은국류,북엇국(두부),489.0,9
D051055,국(탕)류,맑은국류,"북엇국(두부, 계란)",499.0,10
D051056,국(탕)류,맑은국류,북엇국(표고버섯),500.0,7
D051057,국(탕)류,맑은국류,소고기국(감자),573.0,7
D051058,국(탕)류,맑은국류,소고기국(당면),485.0,10
D051059,국(탕)류,맑은국류,"소고기국(당면, 새우)",505.0,11
D051060,국(탕)류,맑은국류,"소고기국(당면, 양배추)",500.0,11
D051061,국(탕)류,맑은국류,소고기국(두부),603.0,8
D051062,국(탕)류,맑은국류,"소고기국(두부, 양배추)",623.0,9
D051063,국(탕)류,맑은국류,소고기국(무),582.0,9
D051064,국(탕)류,맑은국류,어묵국,508.0,7
D051065,국(탕)류,맑은국류,어묵국(감자),468.0,8
D051066,국(탕)류,맑은국류,어묵국(멸치),514.0,8
D051067,국(탕)류,맑은국류,어묵국(무),528.0,8
D051068,국(탕)류,맑은국류,어묵국(쑥갓),528.0,8
D051069,국(탕)류,맑은국류,오징엇국,484.0,7
D051070,국(탕)류,맑은국류,유부국,478.0,8
D051071,국(탕)류,맑은국류,재첩국,483.0,7
D051072,국(탕)류,맑은국류,콩나물국,434.0,7
D051073,국(탕)류,맑은국류,콩나물국(고춧가루),438.0,8
D051074,국(탕)류,맑은국류,"콩나물국(고춧가루, 소고기)",550.0,8
D051075,국(탕)류,맑은국류,콩나물국(김치),481.0,6
D051076,국(탕)류,맑은국류,콩나물국(무),527.0,8
D051077,국(탕)류,맑은국류,콩나물국(북어),467.0,7
D051078,국(탕)류,맑은국류,콩나물국(소고기),548.0,8
D051079,국(탕)류,맑은국류,콩나물국밥,724.0,8
D051080,국(탕)류,맑은국류,토란국,479.0,9
D051081,국(탕)류,맑은국류,팟국,452.0,7
D051082,국(탕)류,맑은국류,팟국(고추장),508.0,9
D051083,국(탕)류,맑은국류,"호박국(새우젓, 육젓)",508.0,6
D051084,국(탕)류,맑은국류,"호박국(새우젓, 젓새우젓)",491.0,4
D051085,국(탕)류,맑은국류,홍합국,454.0,7
D051086,국(탕)류,맑은국류,홍합국(무),484.0,8
D051096,국(탕)류,맑은국류,매생이국,545.0,5
D051114,국(탕)류,맑은국류,장국국물(메밀콧등치기),1845.0,7
D051124,국(탕)류,맑은국류,대구국,194.0,8
D051125,국(탕)류,맑은국류,김칫국(무),337.0,7
D051126,국(탕)류,맑은국류,계란국(표고버섯),237.0,8
D051127,국(탕)류,맑은국류,미역국(소고기),200.6,6
D051128,국(탕)류,맑은국류,대합국(근대),135.9,10
D051129,국(탕)류,맑은국류,미역국(소고기),142.1,6
D051130,국(탕)류,맑은국류,동태국,2124.0,10
D051131,국(탕)류,맑은국류,오징어국,1995.0,6
D051132,국(탕)류,맑은국류,동치미 들깨 무국,241.0,7
D051133,국(탕)류,맑은국류,무맑은탕,316.2,11
D051134,국(탕)류,맑은국류,옥수수 감자 옹심이,635.2,11
D051135,국(탕)류,맑은국류,해물 굴림 만둣국,559.6,16
D051136,국(탕)류,맑은국류,효종갱,630.0,11
D051137,국(탕)류,맑은국류,대구지리탕,791.0,14
D051138,국(탕)류,맑은국류,양지해장국,212.0,10
D051139,국(탕)류,맑은국류,황태두부무국,240.0,9
D051140,국(탕)류,맑은국류,토마토맑은장국,435.0,6
D051141,국(탕)류,맑은국류,토마토돼지고기해장국,486.7,13
D051142,국(탕)류,맑은국류,쇠고기 무국,207.0,8
D051143,국(탕)류,맑은국류,바지락 맑은국,365.0,9
D051144,국(탕)류,맑은국류,바지락 미역국,645.0,11
D051145,국(탕)류,맑은국류,북어 무국,362.1,9
D051146,국(탕)류,맑은국류,홍합 배춧국,436.3,8
D051147,국(탕)류,맑은국류,만두국,139.7,16
D051148,국(탕)류,맑은국류,북어국,29.8,8
D051149,국(탕)류,맑은국류,산채국,141.0,15
D051150,국(탕)류,맑은국류,토란국,46.71,12
D051151,국(탕)류,맑은국류,달걀파국,7.51,7
D051152,국(탕)류,맑은국류,두부젓국,47.5,8
D051153,국(탕)류,맑은국류,떡만둣국,62.3,9
D051154,국(탕)류,맑은국류,무들깨국,29.0,7
D051155,국(탕)류,맑은국류,물만두국,168.0,7
D051156,국(탕)류,맑은국류,북어무국,88.5,10
D051157,국(탕)류,맑은국류,손만두국,102.2,7
D051158,국(탕)류,맑은국류,순두부국,76.0,9
D051159,국(탕)류,맑은국류,시금치국,71.3,9
D051160,국(탕)류,맑은국류,양지무국,133.3,7
D051161,국(탕)류,맑은국류,얼큰무국,56.5,8
D051162,국(탕)류,맑은국류,연두부국,33.8,7
D051163,국(탕)류,맑은국류,왕만두국,168.0,7
D051164,국(탕)류,맑은국류,유부파국,7.2,4
D051165,국(탕)류,맑은국류,황태뭇국,52.5,13
D051166,국(탕)류,맑은국류,황태채국,16.1,9
D051167,국(탕)류,맑은국류,가지양팟국,15.9,7
D051168,국(탕)류,맑은국류,감자맑은국,31.2,12
D051169,국(탕)류,맑은국류,감자무챗국,54.9,9
D051170,국(탕)류,맑은국류,감자양파국,50.1,10
D051171,국(탕)류,맑은국류,건새우무국,55.2,8
D051172,국(탕)류,맑은국류,게살달걀국,64.3,6
D051173,국(탕)류,맑은국류,꼬치어묵국,98.5,8
D051174,국(탕)류,맑은국류,꽃게어묵국,80.53,9
D051175,국(탕)류,맑은국류,다시마무국,56.5,8
D051176,국(탕)류,맑은국류,달걀부추국,85.25,8
D051177,국(탕)류,맑은국류,달걀실파국,18.01,7
D051178,국(탕)류,맑은국류,대구살뭇국,78.2,10
D051179,국(탕)류,맑은국류,동죽미역국,30.2,7
D051180,국(탕)류,맑은국류,두부들깨국,26.5,7
D051181,국(탕)류,맑은국류,두부맑은국,53.5,6
D051182,국(탕)류,맑은국류,두부미역국,27.1,7
D051183,국(탕)류,맑은국류,들깨감자국,51.4,6
D051184,국(탕)류,맑은국류,들깨무채국,29.0,7
D051185,국(탕)류,맑은국류,들깨미역국,9.4,7
D051186,국(탕)류,맑은국류,들깨채소국,21.3,8
D051187,국(탕)류,맑은국류,만두달걀국,49.5,8
D051188,국(탕)류,맑은국류,매생이굴국,48.7,10
D051189,국(탕)류,맑은국류,매생이떡국,89.0,4
D051190,국(탕)류,맑은국류,모시조개탕,13.1,7
D051191,국(탕)류,맑은국류,무채양팟국,68.9,8
D051192,국(탕)류,맑은국류,바지락무국,112.9,9
D051193,국(탕)류,맑은국류,배추당면국,28.52,8
D051194,국(탕)류,맑은국류,배추들깨국,33.5,8
D051195,국(탕)류,맑은국류,배추맑은국,37.4,5
D051196,국(탕)류,맑은국류,버섯달걀국,37.0,5
D051197,국(탕)류,맑은국류,부추달걀국,120.25,7
D051198,국(탕)류,맑은국류,부추맑은국,19.7,6
D051199,국(탕)류,맑은국류,부추제첩국,102.0,5
D051200,국(탕)류,맑은국류,북어달걀국,27.0,7
D051201,국(탕)류,맑은국류,북어두부국,66.9,11
D051202,국(탕)류,맑은국류,북어미역국,8.3,7
D051203,국(탕)류,맑은국류,북어해장국,86.5,12
D051204,국(탕)류,맑은국류,사색어묵국,87.03,6
D051205,국(탕)류,맑은국류,산채해장국,142.0,14
D051206,국(탕)류,맑은국류,새우달걀국,67.0,6
D051207,국(탕)류,맑은국류,새우살무국,68.0,6
D051208,국(탕)류,맑은국류,소고기떡국,36.5,8
D051209,국(탕)류,맑은국류,숙주당면국,24.02,8
D051210,국(탕)류,맑은국류,실파달걀국,62.0,11
D051211,국(탕)류,맑은국류,쑥갓맑은국,11.4,6
D051212,국(탕)류,맑은국류,애호박젓국,32.5,7
D051213,국(탕)류,맑은국류,온청포묵국,116.0,8
D051214,국(탕)류,맑은국류,유부당면국,21.52,8
D051215,국(탕)류,맑은국류,유부맑은국,35.5,6
D051216,국(탕)류,맑은국류,유부어묵국,84.03,6
D051217,국(탕)류,맑은국류,재첩미역국,29.0,6
D051218,국(탕)류,맑은국류,전복미역국,29.5,6
D051219,국(탕)류,맑은국류,조개맑은국,43.6,7
D051220,국(탕)류,맑은국류,참치미역국,52.01,7
D051221,국(탕)류,맑은국류,팽이맑은국,46.0,8
D051222,국(탕)류,맑은국류,호박양파국,31.5,7
D051223,국(탕)류,맑은국류,홍게달걀국,124.0,8
D051224,국(탕)류,맑은국류,홍합미역국,28.0,6
D051225,국(탕)류,맑은국류,홍합살무국,71.0,8
D051226,국(탕)류,맑은국류,황태달걀국,87.8,9
D051227,국(탕)류,맑은국류,황태미역국,19.3,7
D051228,국(탕)류,맑은국류,황태해장국,57.8,9
D051229,국(탕)류,맑은국류,가자미미역국,52.01,7
D051230,국(탕)류,맑은국류,감자애호박국,36.3,8
D051231,국(탕)류,맑은국류,감자풋고추국,56.5,11
D051232,국(탕)류,맑은국류,건새우근대국,71.0,5
D051233,국(탕)류,맑은국류,건새우미역국,8.0,5
D051234,국(탕)류,맑은국류,고사리들깨국,23.5,8
D051235,국(탕)류,맑은국류,고추장어묵국,62.53,9
D051236,국(탕)류,맑은국류,근대콩나물국,43.0,8
D051237,국(탕)류,맑은국류,단호박맑은국,40.0,8
D051238,국(탕)류,맑은국류,닭장영양떡국,313.5,14
D051239,국(탕)류,맑은국류,동태살맑은국,34.52,9
D051240,국(탕)류,맑은국류,두부바지락국,102.9,9
D051241,국(탕)류,맑은국류,두부새우젓국,33.5,8
D051242,국(탕)류,맑은국류,들기름무채국,72.5,5
D051243,국(탕)류,맑은국류,들깨머위대국,91.0,8
D051244,국(탕)류,맑은국류,맑은우동국물,22.0,7
D051245,국(탕)류,맑은국류,매생이만두국,65.0,8
D051246,국(탕)류,맑은국류,매콤콩나물국,63.7,10
D051247,국(탕)류,맑은국류,무우새우젓국,69.0,7
D051248,국(탕)류,맑은국류,무채콩나물국,72.2,10
D051249,국(탕)류,맑은국류,물만두달걀국,198.0,8
D051250,국(탕)류,맑은국류,미역북어채국,19.3,7
D051251,국(탕)류,맑은국류,바지락맑은국,30.9,4
D051252,국(탕)류,맑은국류,바지락미역국,27.0,5
D051253,국(탕)류,맑은국류,백김치맑은국,25.5,6
D051254,국(탕)류,맑은국류,보리새우무국,71.1,7
D051255,국(탕)류,맑은국류,북어채미역국,17.0,5
D051256,국(탕)류,맑은국류,새우살미역국,61.5,5
D051257,국(탕)류,맑은국류,소고기감자국,164.0,7
D051258,국(탕)류,맑은국류,소고기당면국,68.0,8
D051259,국(탕)류,맑은국류,소고기배추국,63.7,12
D051260,국(탕)류,맑은국류,소고기버섯국,59.1,11
D051261,국(탕)류,맑은국류,소고기샤브국,41.3,11
D051262,국(탕)류,맑은국류,소고기숙주국,43.5,8
D051263,국(탕)류,맑은국류,속풀이해장국,79.0,7
D051264,국(탕)류,맑은국류,순두부김칫국,94.0,9
D051265,국(탕)류,맑은국류,순두부달걀국,60.8,9
D051266,국(탕)류,맑은국류,순두부맑은국,36.5,7
D051267,국(탕)류,맑은국류,시금치들깨국,38.5,6
D051268,국(탕)류,맑은국류,애호박양파국,33.6,8
D051269,국(탕)류,맑은국류,어린이만둣국,28.3,7
D051270,국(탕)류,맑은국류,어린이어묵국,36.5,7
D051271,국(탕)류,맑은국류,연두부달걀국,126.0,8
D051272,국(탕)류,맑은국류,전복살미역국,19.0,6
D051273,국(탕)류,맑은국류,조개살미역국,16.0,4
D051274,국(탕)류,맑은국류,채소닭고기국,50.0,10
D051275,국(탕)류,맑은국류,청경채맑은국,18.6,6
D051276,국(탕)류,맑은국류,호박새우젓국,69.5,7
D051277,국(탕)류,맑은국류,감자들깨미역국,39.9,7
D051278,국(탕)류,맑은국류,건새우시금치국,47.5,7
D051279,국(탕)류,맑은국류,건새우콩나물국,69.8,11
D051280,국(탕)류,맑은국류,게맛살연두부국,103.0,7
D051281,국(탕)류,맑은국류,달걀쪽파맑은국,61.5,11
D051282,국(탕)류,맑은국류,닭가슴살미역국,20.4,6
D051283,국(탕)류,맑은국류,들깨감자미역국,41.1,8
D051284,국(탕)류,맑은국류,맑은감자양파국,90.11,11
D051285,국(탕)류,맑은국류,매콤오징어무국,89.7,11
D051286,국(탕)류,맑은국류,모시조개맑은탕,31.1,7
D051287,국(탕)류,맑은국류,모시조개미역국,18.5,6
D051288,국(탕)류,맑은국류,바지락살미역국,7.1,7
D051289,국(탕)류,맑은국류,바지락순두부국,80.5,10
D051290,국(탕)류,맑은국류,바지락콩나물국,30.9,8
D051291,국(탕)류,맑은국류,부추새우맑은국,58.1,6
D051292,국(탕)류,맑은국류,북어두부해장국,86.5,12
D051293,국(탕)류,맑은국류,삼색조랭이떡국,88.2,8
D051294,국(탕)류,맑은국류,새우젓콩나물국,67.3,10
D051295,국(탕)류,맑은국류,소고기달걀떡국,106.1,9
D051296,국(탕)류,맑은국류,소고기들깨뭇국,51.55,8
D051297,국(탕)류,맑은국류,송이버섯미역국,24.7,7
D051298,국(탕)류,맑은국류,시금치콩나물국,80.0,9
D051299,국(탕)류,맑은국류,애호박고추장국,115.0,11
D051300,국(탕)류,맑은국류,애호박새우젓국,64.5,7
D051301,국(탕)류,맑은국류,어린이콩나물국,27.5,5
D051302,국(탕)류,맑은국류,오징어두부무국,104.0,12
D051303,국(탕)류,맑은국류,오징어콩나물국,57.9,8
D051304,국(탕)류,맑은국류,제주도식해장국,79.5,10
D051305,국(탕)류,맑은국류,청양건새우무국,56.2,9
D051306,국(탕)류,맑은국류,팽이버섯달걀국,89.7,11
D051307,국(탕)류,맑은국류,팽이버섯유부국,57.03,5
D051308,국(탕)류,맑은국류,냉이순두부맑은국,91.6,8
D051309,국(탕)류,맑은국류,모시조개콩나물국,92.0,6
D051310,국(탕)류,맑은국류,미역오이양파냉국,38.0,9
D051311,국(탕)류,맑은국류,바지락살콩나물국,67.9,8
D051312,국(탕)류,맑은국류,북어채감자미역국,43.3,8
D051313,국(탕)류,맑은국류,북어콩나물해장국,76.5,11
D051314,국(탕)류,맑은국류,새우연두부달걀국,176.0,9
D051315,국(탕)류,맑은국류,소고기두부맑은국,59.7,10
D051316,국(탕)류,맑은국류,얼큰김치콩나물국,99.5,7
D051317,국(탕)류,맑은국류,얼큰청양콩나물국,43.9,8
D051318,국(탕)류,맑은국류,잘게썬오징어뭇국,34.6,8
D051319,국(탕)류,맑은국류,조개순두부맑은국,111.6,8
D051320,국(탕)류,맑은국류,황태채사골만두국,87.0,10
D051321,국(탕)류,맑은국류,황태콩나물해장국,72.8,10
D051322,국(탕)류,맑은국류,날콩가루배추된장국,63.2,8
D051323,국(탕)류,맑은국류,닭가슴살배추들깨국,164.5,9
D051324,국(탕)류,맑은국류,바지락순두부김치국,53.5,9
D051325,국(탕)류,맑은국류,소고기느타리버섯국,105.0,15
D051326,국(탕)류,맑은국류,순한들깨가루미역국,6.83,6
D051327,국(탕)류,맑은국류,어린이느타리버섯국,40.0,8
D051328,국(탕)류,맑은국류,어린이소고기미역국,12.5,6
D051329,국(탕)류,맑은국류,어린이조갯살미역국,25.4,6
D051330,국(탕)류,맑은국류,괴산올갱이국(향토-충청도),66.0,7
D051331,국(탕)류,맑은국류,와각탕(모시조개탕),58.6,8
D051332,국(탕)류,맑은국류,편수(유두절),145.7,12
D052001,국(탕)류,된장국류,감자된장국,528.0,9
D052002,국(탕)류,된장국류,감자된장국(고비),529.0,9
D052003,국(탕)류,된장국류,"감자된장국(열무, 고추장)",499.0,7
D052004,국(탕)류,된장국류,고비된장국,489.0,8
D052005,국(탕)류,된장국류,근대된장국,495.0,5
D052006,국(탕)류,된장국류,근대된장국(고추장),524.0,8
D052007,국(탕)류,된장국류,꽃게된장국,566.0,6
D052008,국(탕)류,된장국류,냉이된장국,537.0,6
D052009,국(탕)류,된장국류,냉이된장국(고추장),537.0,6
D052010,국(탕)류,된장국류,"냉이된장국(고추장, 바지락)",552.0,7
D052011,국(탕)류,된장국류,"냉이된장국(고추장, 콩가루)",547.0,7
D052012,국(탕)류,된장국류,달래된장국,531.0,7
D052013,국(탕)류,된장국류,달래된장국(멸치),534.0,8
D052014,국(탕)류,된장국류,두부된장국,519.0,8
D052015,국(탕)류,된장국류,두부된장국(고추장),524.0,9
D052016,국(탕)류,된장국류,"두부된장국(고추장, 근대)",534.0,10
D052017,국(탕)류,된장국류,"두부된장국(고추장, 무)",544.0,10
D052018,국(탕)류,된장국류,"두부된장국(고추장, 실파)",529.0,9
D052019,국(탕)류,된장국류,미역된장국,486.0,8
D052020,국(탕)류,된장국류,배추된장국(고추장),481.0,6
D052021,국(탕)류,된장국류,"배추된장국(고추장, 시금치)",496.0,7
D052022,국(탕)류,된장국류,"배추된장국(고추장, 콩가루)",501.0,7
D052023,국(탕)류,된장국류,"배추된장국(고추장, 호박)",501.0,7
D052024,국(탕)류,된장국류,배추된장국(들깨),519.0,8
D052025,국(탕)류,된장국류,배추된장국(무),517.0,6
D052026,국(탕)류,된장국류,배추된장국(소고기),509.0,7
D052027,국(탕)류,된장국류,배추된장국(양배추),527.0,7
D052028,국(탕)류,된장국류,배추된장국(조개살),525.0,7
D052029,국(탕)류,된장국류,버섯된장국(양송이버섯),537.0,7
D052030,국(탕)류,된장국류,버섯된장국(팽이버섯),531.0,9
D052031,국(탕)류,된장국류,순두부된장국(고추장),624.0,9
D052032,국(탕)류,된장국류,시금치된장국,486.0,4
D052033,국(탕)류,된장국류,시금치된장국(멸치),468.0,5
D052034,국(탕)류,된장국류,"시금치된장국(멸치, 풋고추)",472.0,6
D052035,국(탕)류,된장국류,시래기된장국(소고기),509.0,7
D052036,국(탕)류,된장국류,시래기된장국(소고기맛 조미료),474.0,5
D052037,국(탕)류,된장국류,쑥국,491.0,5
D052038,국(탕)류,된장국류,"아욱된장국(고추장, 건새우)",458.0,7
D052039,국(탕)류,된장국류,"아욱된장국(고추장, 멸치)",497.0,6
D052040,국(탕)류,된장국류,아욱된장국(배추),537.0,7
D052041,국(탕)류,된장국류,얼갈이된장국(멸치),489.0,6
D052042,국(탕)류,된장국류,얼갈이된장국(소고기),513.0,6
D052043,국(탕)류,된장국류,열무된장국,527.0,7
D052044,국(탕)류,된장국류,열무된장국(멸치),497.0,7
D052045,국(탕)류,된장국류,우거지된장국(두부),507.0,6
D052046,국(탕)류,된장국류,우거지된장국(소고기),459.0,5
D052047,국(탕)류,된장국류,"우거지된장국(소고기, 콩나물)",469.0,6
D052048,국(탕)류,된장국류,우거지된장국(홍합),499.0,5
D052049,국(탕)류,된장국류,콩나물된장국,478.0,7
D052050,국(탕)류,된장국류,해물된장국,542.0,10
D052051,국(탕)류,된장국류,호박된장국,537.0,7
D052052,국(탕)류,된장국류,호박된장국(멸치),464.0,6
D052053,국(탕)류,된장국류,호박잎된장국(소고기),499.0,8
D052059,국(탕)류,된장국류,들깨우거지국,485.0,6
D052064,국(탕)류,된장국류,들깨우거지국,220.1,6
D052065,국(탕)류,된장국류,들깨우거지국,220.0,6
D052066,국(탕)류,된장국류,미역들깨된장국,220.0,8
D052069,국(탕)류,된장국류,시금치된장국,225.9,4
D052070,국(탕)류,된장국류,들깨우거지국,159.9,6
D052071,국(탕)류,된장국류,무된장국,484.0,8
D052072,국(탕)류,된장국류,애호박국,1904.0,6
D052073,국(탕)류,된장국류,냉이된장국,279.35,10
D052074,국(탕)류,된장국류,쑥바지락국,276.0,8
D052075,국(탕)류,된장국류,죽순미나리된장국,293.0,9
D052076,국(탕)류,된장국류,콩가루 냉이 된장국,247.0,7
D052077,국(탕)류,된장국류,된장냉국,578.0,14
D052078,국(탕)류,된장국류,샤브된장국,203.5,12
D052079,국(탕)류,된장국류,완자된장국,152.0,17
D052080,국(탕)류,된장국류,굴림만두된장국,839.0,18
D052081,국(탕)류,된장국류,단호박배추된장국,675.0,8
D052082,국(탕)류,된장국류,된장시금치옹심이,516.0,11
D052083,국(탕)류,된장국류,새우단배추된장국,438.3,14
D052084,국(탕)류,된장국류,토마토요구르트된장국,596.7,17
D052085,국(탕)류,된장국류,아욱국,69.8,7
D052086,국(탕)류,된장국류,두부장국,71.0,6
D052087,국(탕)류,된장국류,미역장국,13.5,6
D052088,국(탕)류,된장국류,버섯장국,40.5,8
D052089,국(탕)류,된장국류,시래기국,56.3,8
D052090,국(탕)류,된장국류,실파장국,25.5,6
D052091,국(탕)류,된장국류,유부장국,16.1,8
D052092,국(탕)류,된장국류,유부채국,61.2,12
D052093,국(탕)류,된장국류,팽이장국,30.0,6
D052094,국(탕)류,된장국류,근대토장국,77.81,9
D052095,국(탕)류,된장국류,냉이두부국,85.5,14
D052096,국(탕)류,된장국류,무순된장국,35.2,9
D052097,국(탕)류,된장국류,바지락쑥국,104.5,14
D052098,국(탕)류,된장국류,봄동된장국,76.5,6
D052099,국(탕)류,된장국류,부추된장국,35.5,7
D052100,국(탕)류,된장국류,쑥바지락국,34.5,6
D052101,국(탕)류,된장국류,양파된장국,46.0,9
D052102,국(탕)류,된장국류,열무감자국,115.0,7
D052103,국(탕)류,된장국류,유부된장국,55.0,7
D052104,국(탕)류,된장국류,유부두부국,62.2,12
D052105,국(탕)류,된장국류,유채된장국,44.5,5
D052106,국(탕)류,된장국류,콩가루쑥국,104.1,9
D052107,국(탕)류,된장국류,파유부장국,27.0,8
D052108,국(탕)류,된장국류,팽이미역국,23.0,6
D052109,국(탕)류,된장국류,호박된장국,38.1,8
D052110,국(탕)류,된장국류,미역팽이장국,14.5,7
D052111,국(탕)류,된장국류,보리순된장국,60.2,10
D052112,국(탕)류,된장국류,애호박된장국,32.5,7
D052113,국(탕)류,된장국류,양배추된장국,45.5,6
D052114,국(탕)류,된장국류,양송이된장국,28.8,5
D052115,국(탕)류,된장국류,어린이근대국,36.0,9
D052116,국(탕)류,된장국류,얼갈이토장국,172.0,8
D052117,국(탕)류,된장국류,유부팽이장국,24.02,7
D052118,국(탕)류,된장국류,일식팽이장국,24.02,5
D052119,국(탕)류,된장국류,조갯살근대국,93.0,5
D052120,국(탕)류,된장국류,콩가루배추국,63.2,7
D052121,국(탕)류,된장국류,호박잎된장국,93.2,14
D052122,국(탕)류,된장국류,달래두부된장국,34.3,7
D052123,국(탕)류,된장국류,두부양파된장국,49.2,7
D052124,국(탕)류,된장국류,마른새우아욱국,77.0,8
D052125,국(탕)류,된장국류,바지락된장찌개,132.2,12
D052126,국(탕)류,된장국류,바지락살냉이국,54.0,8
D052127,국(탕)류,된장국류,소고기쑥된장국,67.2,13
D052128,국(탕)류,된장국류,시래기콩나물국,43.0,8
D052129,국(탕)류,된장국류,아욱두부된장국,33.0,6
D052130,국(탕)류,된장국류,아욱부추된장국,69.0,7
D052131,국(탕)류,된장국류,아욱양파된장국,75.0,7
D052132,국(탕)류,된장국류,얼큰감자된장국,67.0,12
D052133,국(탕)류,된장국류,채소미소된장국,49.5,8
D052134,국(탕)류,된장국류,팽이미소된장국,43.1,7
D052135,국(탕)류,된장국류,두부시금치된장국,101.2,14
D052136,국(탕)류,된장국류,들깨시래기된장국,98.5,15
D052137,국(탕)류,된장국류,배추콩나물된장국,60.0,10
D052138,국(탕)류,된장국류,소고기감자된장국,99.5,8
D052139,국(탕)류,된장국류,소고기배추된장국,67.81,12
D052140,국(탕)류,된장국류,소고기봄동된장국,28.9,8
D052141,국(탕)류,된장국류,소고기아욱된장국,91.2,6
D052142,국(탕)류,된장국류,시금치두부된장국,99.0,9
D052143,국(탕)류,된장국류,시래기열무된장국,54.0,6
D052144,국(탕)류,된장국류,어린이냉이된장국,46.5,6
D052145,국(탕)류,된장국류,어린이아욱된장국,37.5,7
D052146,국(탕)류,된장국류,어린이유부된장국,35.0,7
D052147,국(탕)류,된장국류,열무바지락된장국,78.5,11
D052148,국(탕)류,된장국류,우거지숙주토장국,60.0,6
D052149,국(탕)류,된장국류,조갯살냉이된장국,81.3,7
D052150,국(탕)류,된장국류,차돌얼갈이된장국,91.2,6
D052151,국(탕)류,된장국류,근대바지락살된장국,103.0,8
D052152,국(탕)류,된장국류,바지락살달래된장국,47.3,10
D052153,국(탕)류,된장국류,바지락시금치된장국,79.2,9
D052154,국(탕)류,된장국류,시금치조갯살된장국,97.0,9
D052155,국(탕)류,된장국류,시금치콩나물된장국,68.0,9
D052156,국(탕)류,된장국류,어린이시금치된장국,33.5,6
D052157,국(탕)류,된장국류,얼갈이콩나물된장국,53.5,9
D052158,국(탕)류,된장국류,모시조개시금치된장국,82.2,8
D052159,국(탕)류,된장국류,팽이버섯시금치된장국,64.0,8
D052160,국(탕)류,된장국류,바지락냉이된장국(대보름),55.0,8
D052161,국(탕)류,된장국류,다슬기(올갱이)아욱된장국,74.0,6
D053001,국(탕)류,곰국 및 탕류,갈비탕,1136.0,9
D053002,국(탕)류,곰국 및 탕류,감자탕,1159.0,10
D053003,국(탕)류,곰국 및 탕류,곰국,1064.0,3
D053004,국(탕)류,곰국 및 탕류,"곱창국(소고기, 고추장)",761.0,11
D053005,국(탕)류,곰국 및 탕류,꼬리곰탕,1112.0,8
D053006,국(탕)류,곰국 및 탕류,꽃게탕,647.0,11
D053007,국(탕)류,곰국 및 탕류,닭개장,781.0,7
D053008,국(탕)류,곰국 및 탕류,닭고깃국,734.0,7
D053009,국(탕)류,곰국 및 탕류,닭곰탕(감자),725.0,8
D053010,국(탕)류,곰국 및 탕류,닭곰탕(무),732.0,7
D053011,국(탕)류,곰국 및 탕류,닭백숙,735.0,8
D053012,국(탕)류,곰국 및 탕류,도가니탕,1110.0,8
D053013,국(탕)류,곰국 및 탕류,버섯국(느타리버섯),468.0,9
D053014,국(탕)류,곰국 및 탕류,버섯국(모듬),488.0,10
D053015,국(탕)류,곰국 및 탕류,버섯국(팽이버섯),467.0,8
D053016,국(탕)류,곰국 및 탕류,보신탕(소고기),1137.0,9
D053017,국(탕)류,곰국 및 탕류,사골탕,1081.0,5
D053018,국(탕)류,곰국 및 탕류,삼계탕,924.0,9
D053019,국(탕)류,곰국 및 탕류,선짓국(소고기),951.0,8
D053020,국(탕)류,곰국 및 탕류,설렁탕,1091.0,7
D053021,국(탕)류,곰국 및 탕류,"순댓국(소고기, 고추장)",948.0,12
D053022,국(탕)류,곰국 및 탕류,오골계탕,929.0,9
D053023,국(탕)류,곰국 및 탕류,오리백숙,909.0,8
D053024,국(탕)류,곰국 및 탕류,완자탕(소고기),678.0,10
D053025,국(탕)류,곰국 및 탕류,우거지해장국(소고기),933.0,8
D053026,국(탕)류,곰국 및 탕류,우족탕,1267.0,6
D053027,국(탕)류,곰국 및 탕류,육개장,994.0,10
D053028,국(탕)류,곰국 및 탕류,육수(소고기),870.0,1
D053029,국(탕)류,곰국 및 탕류,짬뽕국,782.0,14
D053030,국(탕)류,곰국 및 탕류,추어탕(고추장),763.0,11
D053031,국(탕)류,곰국 및 탕류,해물탕(고추장),633.0,12
D053036,국(탕)류,곰국 및 탕류,나주곰탕,2111.0,11
D053038,국(탕)류,곰국 및 탕류,낙지연포탕,670.0,7
D053042,국(탕)류,곰국 및 탕류,밀국낙지탕,4591.0,8
D053045,국(탕)류,곰국 및 탕류,박속낙지탕,3674.0,11
D053055,국(탕)류,곰국 및 탕류,초교탕,6367.5,19
D053057,국(탕)류,곰국 및 탕류,추어탕,1319.6,11
D053059,국(탕)류,곰국 및 탕류,콩비지탕,795.0,7
D053062,국(탕)류,곰국 및 탕류,토란탕,672.0,5
D053068,국(탕)류,곰국 및 탕류,꼬리곰탕,353.1,8
D053069,국(탕)류,곰국 및 탕류,사골우거지국,2636.0,9
D053070,국(탕)류,곰국 및 탕류,두유버섯들깨탕,350.3,9
D053071,국(탕)류,곰국 및 탕류,무사골 곰탕,292.1,9
D053072,국(탕)류,곰국 및 탕류,배추백짬뽕탕,383.7,18
D053073,국(탕)류,곰국 및 탕류,새송이버섯들깨탕,341.3,14
D053074,국(탕)류,곰국 및 탕류,쑥완자탕,273.1,13
D053075,국(탕)류,곰국 및 탕류,오리고기묵은지탕,226.2,14
D053076,국(탕)류,곰국 및 탕류,오리육개장,365.0,11
D053077,국(탕)류,곰국 및 탕류,토란 들깨탕,303.2,11
D053078,국(탕)류,곰국 및 탕류,하계백탕,465.6,12
D053079,국(탕)류,곰국 및 탕류,흑미삼계탕,450.0,10
D053080,국(탕)류,곰국 및 탕류,관자해장국,1028.0,16
D053081,국(탕)류,곰국 및 탕류,맑은육개장,542.0,13
D053082,국(탕)류,곰국 및 탕류,해물들깨탕,1036.0,12
D053083,국(탕)류,곰국 및 탕류,주꾸미연포탕,801.0,11
D053084,국(탕)류,곰국 및 탕류,들깨된장육개장,517.0,16
D053085,국(탕)류,곰국 및 탕류,견과류들깨해장탕,550.0,11
D053086,국(탕)류,곰국 및 탕류,코다리 뿌리채소 들깨탕,818.7,20
D053087,국(탕)류,곰국 및 탕류,대구탕,150.5,10
D053088,국(탕)류,곰국 및 탕류,양지탕,165.5,8
D053089,국(탕)류,곰국 및 탕류,어묵탕,82.5,12
D053090,국(탕)류,곰국 및 탕류,오리탕,155.2,15
D053091,국(탕)류,곰국 및 탕류,조개탕,51.0,6
D053092,국(탕)류,곰국 및 탕류,홍합탕,122.83,8
D053093,국(탕)류,곰국 및 탕류,영계백숙,230.5,9
D053094,국(탕)류,곰국 및 탕류,곤약어묵탕,97.03,7
D053095,국(탕)류,곰국 및 탕류,꽃게지리탕,150.5,13
D053096,국(탕)류,곰국 및 탕류,닭다리백숙,140.5,8
D053097,국(탕)류,곰국 및 탕류,대파육개장,137.5,13
D053098,국(탕)류,곰국 및 탕류,들깨닭곰탕,64.3,7
D053099,국(탕)류,곰국 및 탕류,들깨버섯탕,120.0,10
D053100,국(탕)류,곰국 및 탕류,맑은어묵탕,87.03,6
D053101,국(탕)류,곰국 및 탕류,버섯들깨탕,107.1,12
D053102,국(탕)류,곰국 및 탕류,버섯매운탕,160.0,16
D053103,국(탕)류,곰국 및 탕류,버섯육개장,220.5,13
D053104,국(탕)류,곰국 및 탕류,북어들깨탕,39.1,13
D053105,국(탕)류,곰국 및 탕류,수삼닭백숙,68.0,6
D053106,국(탕)류,곰국 및 탕류,순두부백탕,45.5,11
D053107,국(탕)류,곰국 및 탕류,어묵매운탕,89.1,8
D053108,국(탕)류,곰국 및 탕류,얼큰닭개장,115.0,8
D053109,국(탕)류,곰국 및 탕류,얼큰동태탕,177.7,16
D053110,국(탕)류,곰국 및 탕류,영양닭곰탕,62.91,16
D053111,국(탕)류,곰국 및 탕류,채소게살탕,83.5,8
D053112,국(탕)류,곰국 및 탕류,콩비지백탕,60.3,8
D053113,국(탕)류,곰국 및 탕류,황태설렁탕,97.61,13
D053114,국(탕)류,곰국 및 탕류,게살연두부탕,52.71,12
D053115,국(탕)류,곰국 및 탕류,단호박꽃게탕,140.5,13
D053116,국(탕)류,곰국 및 탕류,맑은순두부탕,73.0,11
D053117,국(탕)류,곰국 및 탕류,바지락조개탕,112.9,9
D053118,국(탕)류,곰국 및 탕류,소고기토란탕,110.0,7
D053119,국(탕)류,곰국 및 탕류,순두부달걀탕,69.5,7
D053120,국(탕)류,곰국 및 탕류,어린이육개장,50.2,10
D053121,국(탕)류,곰국 및 탕류,참치우거지탕,63.0,10
D053122,국(탕)류,곰국 및 탕류,콩비지들깨탕,123.0,6
D053123,국(탕)류,곰국 및 탕류,한우알토란탕,102.5,11
D053124,국(탕)류,곰국 및 탕류,낙지전복삼계탕,162.0,8
D053125,국(탕)류,곰국 및 탕류,느타리버섯개장,120.0,15
D053126,국(탕)류,곰국 및 탕류,돼지갈비감자탕,248.75,22
D053127,국(탕)류,곰국 및 탕류,바지락두부탕국,56.1,6
D053128,국(탕)류,곰국 및 탕류,버섯들깨매운탕,111.1,12
D053129,국(탕)류,곰국 및 탕류,얼큰버섯매운탕,110.0,16
D053130,국(탕)류,곰국 및 탕류,얼큰새우매운탕,90.0,12
D053131,국(탕)류,곰국 및 탕류,차돌박이육개장,124.0,14
D053132,국(탕)류,곰국 및 탕류,표고버섯들깨탕,136.0,8
D053133,국(탕)류,곰국 및 탕류,미나리낙지연포탕,79.5,13
D053134,국(탕)류,곰국 및 탕류,바지락순두부백탕,176.0,9
D053135,국(탕)류,곰국 및 탕류,소고기배추샤브탕,208.2,12
D053136,국(탕)류,곰국 및 탕류,순살돼지고기감자탕,62.0,9
D053137,국(탕)류,곰국 및 탕류,어린이안매운육개장,50.0,9
D053138,국(탕)류,곰국 및 탕류,쑥애탕국(단오),78.62,11
D054001,국(탕)류,냉국류,가지냉국(고춧가루),387.0,8
D054002,국(탕)류,냉국류,미역냉국(고춧가루),365.0,11
D054003,국(탕)류,냉국류,오이냉국,404.0,7
D054004,국(탕)류,냉국류,오이냉국(미역),408.0,7
D054005,국(탕)류,냉국류,오이냉국(콩나물),414.0,8
D054006,국(탕)류,냉국류,초계탕,648.0,14
D054011,국(탕)류,냉국류,닭가슴살냉국,271.25,8
D054012,국(탕)류,냉국류,들깨냉채,97.0,9
D054013,국(탕)류,냉국류,삼색묵냉국,605.0,27
D054014,국(탕)류,냉국류,코다리맑은탕,461.0,11
D054015,국(탕)류,냉국류,콩나물냉국,72.0,5
D054016,국(탕)류,냉국류,냉도토리묵국,68.9,10
D054017,국(탕)류,냉국류,도토리묵냉국,70.5,13
D054018,국(탕)류,냉국류,도토리묵채국,68.9,10
D054019,국(탕)류,냉국류,상추오이냉국,24.2,10
D054020,국(탕)류,냉국류,수박미역냉국,40.5,11
D054021,국(탕)류,냉국류,참외오이냉국,38.5,10
D055001,국(탕)류,기타,감자스프,79.02,9
D055002,국(탕)류,기타,당근스프,81.02,9
D055003,국(탕)류,기타,백짬뽕국,127.6,18
D055004,국(탕)류,기타,양파스프,76.02,8
D055005,국(탕)류,기타,장터국밥,168.0,10
D055006,국(탕)류,기타,해물짬뽕,142.6,19
D055007,국(탕)류,기타,고구마수프,108.0,5
D055008,국(탕)류,기타,마크림스프,181.02,9
D055009,국(탕)류,기타,버섯매운국,120.5,20
D055010,국(탕)류,기타,소고기스프,94.02,12
D055011,국(탕)류,기타,양송이스프,81.02,9
D055012,국(탕)류,기타,옥수수스프,105.12,7
D055013,국(탕)류,기타,짬뽕순두부,171.1,14
D055014,국(탕)류,기타,홍합해장국,128.5,9
D055015,국(탕)류,기타,감자양파스프,37.48,8
D055016,국(탕)류,기타,감자크림스프,93.02,9
D055017,국(탕)류,기타,당근크림스프,52.02,7
D055018,국(탕)류,기타,브로콜리스프,89.02,9
D055019,국(탕)류,기타,아브고레모노,74.1,7
D055020,국(탕)류,기타,우유감자스프,79.02,9
D055021,국(탕)류,기타,흑미크림수프,143.1,9
D055022,국(탕)류,기타,시금치감자수프,127.0,9
D055023,국(탕)류,기타,옥수수크림스프,91.02,9
D055024,국(탕)류,기타,차돌박이짬뽕국,162.6,19
D055025,국(탕)류,기타,크루통감자수프,72.0,6
D055026,국(탕)류,기타,토마토채소수프,96.96,15
D055027,국(탕)류,기타,해물토마토스튜,667.0,17
D055028,국(탕)류,기타,브로콜리감자스프,99.02,10
D055029,국(탕)류,기타,브로콜리크림스프,88.12,9
D055030,국(탕)류,기타,스위트콘크림스프,57.02,9
D055031,국(탕)류,기타,토마소소고기스튜,712.0,16
D061001,찌개류,어패류찌개,가자미매운탕(고추장),133.0,10
D061002,찌개류,어패류찌개,갈치찌개(고추장),151.0,10
D061003,찌개류,어패류찌개,게맛살찌개(고추장),151.0,10
D061004,찌개류,어패류찌개,"고등어찌개(고추장, 된장)",182.0,9
D061005,찌개류,어패류찌개,광어찌개(고추장),196.0,10
D061006,찌개류,어패류찌개,꽁치찌개(고추장),171.0,10
D061007,찌개류,어패류찌개,꽃게찌개(고추장),151.0,10
D061008,찌개류,어패류찌개,낙지찌개(고추장),204.0,12
D061009,찌개류,어패류찌개,넙치찌개(고추장),151.0,10
D061010,찌개류,어패류찌개,"대구매운탕(고추장, 된장)",173.0,9
D061011,찌개류,어패류찌개,대구찌개(고추장),151.0,10
D061012,찌개류,어패류찌개,대합찌개(고추장),151.0,10
D061013,찌개류,어패류찌개,도루묵찌개(고추장),151.0,10
D061014,찌개류,어패류찌개,도미찌개(고추장),165.0,10
D061015,찌개류,어패류찌개,동태매운탕(고추장),173.0,10
D061016,찌개류,어패류찌개,동태찌개(고추장),182.0,10
D061017,찌개류,어패류찌개,"동태찌개(고추장, 간장)",173.0,10
D061018,찌개류,어패류찌개,"동태찌개(고추장, 된장)",186.0,11
D061019,찌개류,어패류찌개,망둑어찌개(고추장),166.0,10
D061020,찌개류,어패류찌개,"메기매운탕(고추장, 된장)",165.0,11
D061021,찌개류,어패류찌개,"명태찌개(고추장, 된장)",232.0,11
D061022,찌개류,어패류찌개,미꾸라지매운탕,190.0,12
D061023,찌개류,어패류찌개,민어찌개(고추장),151.0,10
D061024,찌개류,어패류찌개,바지락찌개(고추장),151.0,10
D061025,찌개류,어패류찌개,방어찌개(고추장),151.0,10
D061026,찌개류,어패류찌개,뱅어찌개(고추장),151.0,10
D061027,찌개류,어패류찌개,병어찌개(고추장),166.0,10
D061028,찌개류,어패류찌개,복매운탕(고추장),185.0,11
D061029,찌개류,어패류찌개,볼락찌개(고추장),151.0,10
D061030,찌개류,어패류찌개,북어찌개(고추장),105.0,8
D061031,찌개류,어패류찌개,붕어매운탕,171.0,11
D061032,찌개류,어패류찌개,삼치찌개(고추장),165.0,10
D061033,찌개류,어패류찌개,새우젓찌개(호박),118.0,8
D061034,찌개류,어패류찌개,새우찌개(고추장),151.0,10
D061035,찌개류,어패류찌개,"생선내장탕(대구, 고추장)",151.0,10
D061036,찌개류,어패류찌개,"생태찌개(고추장, 된장)",212.0,9
D061037,찌개류,어패류찌개,숭어찌개(고추장),151.0,10
D061038,찌개류,어패류찌개,쏘가리매운탕(고추장),199.0,11
D061039,찌개류,어패류찌개,쏨뱅이찌개(고추장),151.0,10
D061040,찌개류,어패류찌개,아구매운탕(고추장),187.0,11
D061041,찌개류,어패류찌개,알탕(대구),145.0,13
D061042,찌개류,어패류찌개,양미리찌개(고추장),151.0,10
D061043,찌개류,어패류찌개,오징어찌개(고추장),174.0,10
D061044,찌개류,어패류찌개,"우럭매운탕(고추장, 된장)",198.0,12
D061045,찌개류,어패류찌개,임연수어찌개(고추장),151.0,10
D061046,찌개류,어패류찌개,잉어찌개(고추장),151.0,10
D061047,찌개류,어패류찌개,장어찌개(고추장),151.0,10
D061048,찌개류,어패류찌개,적어찌개(고추장),151.0,10
D061049,찌개류,어패류찌개,전갱이찌개(고추장),151.0,10
D061050,찌개류,어패류찌개,전어찌개(고추장),151.0,10
D061051,찌개류,어패류찌개,정어리찌개(고추장),151.0,10
D061052,찌개류,어패류찌개,조기매운탕(고추장),176.0,11
D061053,찌개류,어패류찌개,조기찌개(고추장),167.0,10
D061054,찌개류,어패류찌개,쥐치찌개(고추장),151.0,10
D061055,찌개류,어패류찌개,참치찌개,41.0,7
D061056,찌개류,어패류찌개,청어찌개(고추장),164.0,10
D061057,찌개류,어패류찌개,코다리찌개(고추장),151.0,10
D061058,찌개류,어패류찌개,해물잡탕(소고기),134.0,12
D061059,찌개류,어패류찌개,해물찌개(된장),173.0,12
D061060,찌개류,어패류찌개,홍어찌개(고추장),151.0,10
D061072,찌개류,어패류찌개,해물김치찌개,890.0,14
D061073,찌개류,어패류찌개,오징어김치찌개,784.0,15
D061074,찌개류,어패류찌개,주꾸미머리순대,403.0,10
D061075,찌개류,어패류찌개,해물토마토김치찌개,263.0,18
D061076,찌개류,어패류찌개,명란젓찌개,133.4,13
D061077,찌개류,어패류찌개,참치짜글이,81.5,10
D061078,찌개류,어패류찌개,물오징어찌개,136.1,11
D061079,찌개류,어패류찌개,참치채소찌개,107.8,17
D061080,찌개류,어패류찌개,감자주꾸미찌개,155.5,15
D061081,찌개류,어패류찌개,꽃게청국장찌개,133.1,14
D061082,찌개류,어패류찌개,두부명란젓찌개,93.8,14
D061083,찌개류,어패류찌개,명란순두부찌개,171.5,13
D061084,찌개류,어패류찌개,얼갈이꽃게찌개,196.0,13
D061085,찌개류,어패류찌개,참치고추장찌개,163.3,11
D061086,찌개류,어패류찌개,해물순두부찌개,98.8,13
D061087,찌개류,어패류찌개,호박명란젓찌개,114.0,8
D061088,찌개류,어패류찌개,두부참치김치찌개,54.8,9
D061089,찌개류,어패류찌개,바지락순두부찌개,185.0,10
D061090,찌개류,어패류찌개,새우젓순두부찌개,167.0,10
D061091,찌개류,어패류찌개,오징어순두부찌개,190.0,10
D061092,찌개류,어패류찌개,청양참치김치찌개,88.3,10
D061093,찌개류,어패류찌개,두부쑥갓오징어찌개,121.3,10
D061094,찌개류,어패류찌개,참치콩나물김치찌개,98.6,14
D062001,찌개류,육류찌개,닭고기찌개(고추장),90.0,7
D062002,찌개류,육류찌개,돼지고기찌개(고추장),198.0,12
D062003,찌개류,육류찌개,부대찌개(고추장),198.0,12
D062004,찌개류,육류찌개,섞어찌개(고추장),148.0,10
D062005,찌개류,육류찌개,"섞어찌개(고추장, 오징어)",168.0,11
D062006,찌개류,육류찌개,"섞어찌개(고추장, 햄)",158.0,11
D062007,찌개류,육류찌개,"소고기찌개(고추장, 감자)",166.0,10
D062008,찌개류,육류찌개,"소고기찌개(고추장, 두부)",99.0,10
D062009,찌개류,육류찌개,햄찌개(고추장),69.0,8
D062010,찌개류,육류찌개,가래떡김치말이짜글이,286.0,11
D062011,찌개류,육류찌개,닭안심 김치스튜,201.95,11
D062012,찌개류,육류찌개,돈육된장찌개,357.6,19
D062013,찌개류,육류찌개,완자김치찌개,265.0,9
D062014,찌개류,육류찌개,닭고기김치찌개,766.0,18
D062015,찌개류,육류찌개,부대찌개,48.2,11
D062016,찌개류,육류찌개,돈육짜글이찌개,161.3,10
D062017,찌개류,육류찌개,두부청국장찌개,97.1,13
D062018,찌개류,육류찌개,목살고추장찌개,156.1,9
D062019,찌개류,육류찌개,배추콩비지찌개,99.7,14
D062020,찌개류,육류찌개,흑돼지김치찌개,73.5,8
D062021,찌개류,육류찌개,돼지고기두부찌개,118.1,11
D062022,찌개류,육류찌개,돼지고기청국장찌개,106.4,13
D062023,찌개류,육류찌개,돼지고기콩비지찌개,70.5,13
D062024,찌개류,육류찌개,가지돼지고기된장찌개,135.5,13
D062025,찌개류,육류찌개,돼지고기두부김치찌개,91.0,7
D063001,찌개류,된장찌개류,김치된장찌개(고추장),126.0,11
D063002,찌개류,된장찌개류,달래된장찌개,116.0,8
D063003,찌개류,된장찌개류,"달래된장찌개(고추장, 냉이)",120.0,12
D063004,찌개류,된장찌개류,돼지고기된장찌개(고추장),118.0,10
D063005,찌개류,된장찌개류,돼지고기된장찌개(양배추),170.0,12
D063006,찌개류,된장찌개류,돼지고기된장찌개(호박잎),110.0,10
D063007,찌개류,된장찌개류,두부된장찌개(고추장),131.0,9
D063008,찌개류,된장찌개류,우거지된장찌개(소고기),140.0,10
D063009,찌개류,된장찌개류,우렁된장찌개,131.0,9
D063010,찌개류,된장찌개류,차돌박이된장찌개,150.0,11
D063012,찌개류,된장찌개류,청국장찌개(고추장),122.0,10
D063013,찌개류,된장찌개류,청국장찌개(소고기),146.0,8
D063014,찌개류,된장찌개류,해물된장찌개,178.0,12
D063015,찌개류,된장찌개류,호박된장찌개(고추장),150.0,10
D063016,찌개류,된장찌개류,호박된장찌개(달래),416.0,8
D063017,찌개류,된장찌개류,호박된장찌개(돼지고기),145.0,11
D063018,찌개류,된장찌개류,호박된장찌개(미더덕),142.0,8
D063026,찌개류,된장찌개류,청국장찌개,320.0,9
D063027,찌개류,된장찌개류,늙은 호박 해물 된장찌개,349.0,11
D063028,찌개류,된장찌개류,산나물된장찌개,419.5,18
D063029,찌개류,된장찌개류,해물순두부된장찌개,180.0,9
D063030,찌개류,된장찌개류,강된장찌개,113.0,9
D063031,찌개류,된장찌개류,해물청국장,118.1,15
D063032,찌개류,된장찌개류,감자된장찌개,66.0,11
D063033,찌개류,된장찌개류,꽃게된장찌개,171.6,13
D063034,찌개류,된장찌개류,부추된장찌개,42.0,9
D063035,찌개류,된장찌개류,호박된장찌개,76.0,11
D063036,찌개류,된장찌개류,소고기된장찌개,42.9,8
D063037,찌개류,된장찌개류,애호박된장찌개,72.5,10
D063038,찌개류,된장찌개류,청국장김치찌개,68.5,8
D063039,찌개류,된장찌개류,순두부청국장찌개,168.3,10
D063040,찌개류,된장찌개류,차돌두부된장찌개,31.3,11
D063041,찌개류,된장찌개류,호박두부된장찌개,79.2,14
D063042,찌개류,된장찌개류,애호박감자된장찌개,134.5,13
D063043,찌개류,된장찌개류,차돌박이달래된장국,102.5,13
D064001,찌개류,전골류,곱창전골(소고기),98.0,10
D064002,찌개류,전골류,국수전골,104.0,11
D064003,찌개류,전골류,김치전골(돼지고기),207.0,12
D064004,찌개류,전골류,"김치전골(돼지고기, 떡)",217.0,13
D064005,찌개류,전골류,낙지전골,249.0,14
D064006,찌개류,전골류,버섯전골,164.0,13
D064007,찌개류,전골류,불낙전골,229.0,13
D064008,찌개류,전골류,샤부샤부,136.0,12
D064009,찌개류,전골류,소고기전골,129.0,9
D064010,찌개류,전골류,소고기전골(고추장),150.0,11
D064011,찌개류,전골류,야채전골,62.0,12
D064016,찌개류,전골류,낙지전골,100.0,14
D064017,찌개류,전골류,두부전골,1129.0,15
D064018,찌개류,전골류,굴림만두 전골,524.1,13
D064019,찌개류,전골류,불고기 만두 된장 전골,528.1,17
D064020,찌개류,전골류,오리고기전골,523.0,14
D064021,찌개류,전골류,표고버섯 된장전골,456.0,15
D064022,찌개류,전골류,맑은부대찌개,375.2,18
D064023,찌개류,전골류,쑥갓부대찌개,268.5,12
D064024,찌개류,전골류,나가사키부대찌개,810.0,25
D064025,찌개류,전골류,돼지수육맑은전골,777.0,18
D064026,찌개류,전골류,돼지머리수육맑은전골,751.0,12
D064027,찌개류,전골류,어묵전골,91.7,12
D064028,찌개류,전골류,밀푀유나베,216.0,8
D064029,찌개류,전골류,샤브샤브전골,172.2,12
D064030,찌개류,전골류,차돌박이전골,147.1,22
D064031,찌개류,전골류,소고기버섯전골,127.0,15
D065001,찌개류,기타찌개류,감자찌개(고추장),116.0,9
D065002,찌개류,기타찌개류,"감자찌개(고추장, 돼지고기)",146.0,10
D065003,찌개류,기타찌개류,김치찌개(돼지고기),146.0,9
D065004,찌개류,기타찌개류,"김치찌개(돼지고기, 된장)",171.0,11
D065005,찌개류,기타찌개류,김치찌개(어묵),188.0,8
D065006,찌개류,기타찌개류,김치찌개(참치),160.0,9
D065007,찌개류,기타찌개류,두부찌개,123.0,7
D065008,찌개류,기타찌개류,두부찌개(고추장),134.0,8
D065009,찌개류,기타찌개류,"두부찌개(고추장, 된장)",111.0,8
D065010,찌개류,기타찌개류,두부찌개(된장),138.0,8
D065011,찌개류,기타찌개류,무찌개(고추장),72.0,6
D065012,찌개류,기타찌개류,버섯찌개(소고기),186.0,9
D065013,찌개류,기타찌개류,비지찌개(돼지고기),178.0,9
D065014,찌개류,기타찌개류,비지찌개(소고기),170.0,9
D065016,찌개류,기타찌개류,연두부찌개,184.0,9
D065019,찌개류,기타찌개류,삼채 김치찌개,847.0,7
D065021,찌개류,기타찌개류,순두부찌개,363.1,12
D065024,찌개류,기타찌개류,순두부찌개,160.2,12
D065025,찌개류,기타찌개류,늙은 호박찌개,274.0,12
D065026,찌개류,기타찌개류,토란대비지찌개,336.5,10
D065027,찌개류,기타찌개류,들깨순두부찌개,250.0,14
D065028,찌개류,기타찌개류,백태순두부찌개,526.0,15
D065029,찌개류,기타찌개류,버섯순두부찌개,304.5,15
D065030,찌개류,기타찌개류,토란순두부찌개,403.0,7
D065031,찌개류,기타찌개류,백김치콩비지찌개,230.2,7
D065032,찌개류,기타찌개류,감자짜글이,45.3,10
D065033,찌개류,기타찌개류,고추장찌개,121.3,13
D065034,찌개류,기타찌개류,햄김치찌개,134.0,6
D065035,찌개류,기타찌개류,두부김치찌개,85.0,7
D065036,찌개류,기타찌개류,로제부대찌개,79.1,12
D065037,찌개류,기타찌개류,버섯맑은찌개,135.3,10
D065038,찌개류,기타찌개류,스팸김치찌개,89.0,5
D065039,찌개류,기타찌개류,스팸부대찌개,112.5,13
D065040,찌개류,기타찌개류,어묵김치찌개,119.0,6
D065041,찌개류,기타찌개류,치즈부대찌개,117.5,13
D065042,찌개류,기타찌개류,감자고추장찌개,79.2,15
D065043,찌개류,기타찌개류,김치콩비지찌개,40.1,8
D065044,찌개류,기타찌개류,모듬햄부대찌개,126.22,12
D065045,찌개류,기타찌개류,버섯고추장찌개,93.0,11
D065046,찌개류,기타찌개류,어린이부대찌개,57.0,10
D065047,찌개류,기타찌개류,초당순두부찌개,149.1,11
D065048,찌개류,기타찌개류,호박고추장찌개,106.0,11
D065049,찌개류,기타찌개류,스팸고추장짜글이,163.3,11
D065050,찌개류,기타찌개류,애호박고추장찌개,42.0,11
D071001,찜류,어패류찜,가오리찜,146.0,11
D071002,찜류,어패류찜,가자미찜,146.0,11
D071003,찜류,어패류찜,갈치찜,146.0,11
D071004,찜류,어패류찜,고등어찜,146.0,11
D071005,찜류,어패류찜,고등어찜(자반고등어),129.0,9
D071006,찜류,어패류찜,꼬막찜,114.0,9
D071007,찜류,어패류찜,꽃게찜,171.0,5
D071008,찜류,어패류찜,대구찜,146.0,11
D071009,찜류,어패류찜,대합찜,115.0,10
D071010,찜류,어패류찜,도미찜,146.0,11
D071011,찜류,어패류찜,동태찜,146.0,11
D071012,찜류,어패류찜,망둑어찜,146.0,11
D071013,찜류,어패류찜,미더덕찜,132.0,12
D071014,찜류,어패류찜,복찜,146.0,11
D071015,찜류,어패류찜,북어찜,132.0,8
D071016,찜류,어패류찜,새우찜,171.0,5
D071018,찜류,어패류찜,숭어찜,146.0,11
D071019,찜류,어패류찜,아구찜,146.0,11
D071020,찜류,어패류찜,알찜(대구),85.0,8
D071021,찜류,어패류찜,오징어순대,151.0,11
D071022,찜류,어패류찜,오징어찜,135.0,11
D071023,찜류,어패류찜,우럭찜,146.0,11
D071024,찜류,어패류찜,조기찜,84.0,8
D071025,찜류,어패류찜,코다리찜,88.0,7
D071026,찜류,어패류찜,홍어찜,146.0,11
D071037,찜류,어패류찜,서대찜,525.0,4
D071043,찜류,어패류찜,대하찜,500.0,8
D071044,찜류,어패류찜,어선,534.0,20
D071045,찜류,어패류찜,수삼전복찜,98.6,6
D071046,찜류,어패류찜,장어찜,505.8,11
D071047,찜류,어패류찜,모듬해물찜,680.0,15
D071048,찜류,어패류찜,오징어콩순대,491.0,15
D071049,찜류,어패류찜,코다리맑은찜,460.0,14
D072001,찜류,육류찜,닭고기찜,147.0,13
D072002,찜류,육류찜,도가니수육,72.0,6
D072003,찜류,육류찜,돼지갈비찜(고추장),134.0,12
D072004,찜류,육류찜,돼지고기찜,129.0,7
D072005,찜류,육류찜,돼지족발찜,239.0,9
D072006,찜류,육류찜,소갈비찜(양조간장),196.0,9
D072007,찜류,육류찜,소갈비찜(재래간장),99.0,11
D072008,찜류,육류찜,소꼬리찜,238.0,8
D072009,찜류,육류찜,편육(돼지고기),164.0,6
D072010,찜류,육류찜,갈비찜,707.0,8
D072018,찜류,육류찜,닭고기찜,120.0,13
D072019,찜류,육류찜,사태편육,1538.0,8
D072020,찜류,육류찜,쇠고기떡찜,455.0,14
D072021,찜류,육류찜,가래떡소고기찜,316.3,19
D072022,찜류,육류찜,늙은 호박 영양찜닭,224.1,16
D072023,찜류,육류찜,단호박 영양닭찜,179.6,17
D072024,찜류,육류찜,돼지고기 찜,210.6,13
D072025,찜류,육류찜,마늘소스수육,210.7,16
D072026,찜류,육류찜,미나리삼겹살찜,118.1,12
D072027,찜류,육류찜,봄동오리쌈,240.2,13
D072028,찜류,육류찜,사태찜,235.6,19
D072029,찜류,육류찜,애호박 소고기찜,117.1,8
D072030,찜류,육류찜,오겹와인구이찜,179.5,13
D072031,찜류,육류찜,오리고기찜,140.0,4
D072032,찜류,육류찜,오색미등갈비찜,170.05,11
D072033,찜류,육류찜,조미트볼찜,126.1,11
D072034,찜류,육류찜,토란 사태찜,270.5,16
D072035,찜류,육류찜,족발수육,968.0,7
D072036,찜류,육류찜,해초갈비찜,391.0,17
D072037,찜류,육류찜,베이컨밀푀유,1202.0,13
D072038,찜류,육류찜,소고기표고찜,161.0,15
D072039,찜류,육류찜,돈수육과 해물냉채,265.0,19
D073001,찜류,채소류찜,가지찜,113.0,9
D073002,찜류,채소류찜,깻잎찜,17.0,7
D073003,찜류,채소류찜,무찜,90.0,8
D073004,찜류,채소류찜,애호박찜,96.0,8
D073005,찜류,채소류찜,양배추찜,84.0,6
D073006,찜류,채소류찜,콩나물찜,131.0,14
D073007,찜류,채소류찜,풋고추찜,43.0,5
D073010,찜류,채소류찜,호박잎쌈,90.0,8
D073012,찜류,채소류찜,양배추찜,70.8,5
D073013,찜류,채소류찜,애호박선,594.0,11
D073014,찜류,채소류찜,오이선,552.0,15
D073015,찜류,채소류찜,가지선,140.0,10
D073016,찜류,채소류찜,단호박닭찜,211.05,18
D073017,찜류,채소류찜,맛양념장을 곁들인 애호박찜,95.2,14
D073018,찜류,채소류찜,무 선,144.2,15
D073019,찜류,채소류찜,묵은지들깨찜,155.0,8
D073020,찜류,채소류찜,미나리들깨찜,169.0,12
D073021,찜류,채소류찜,양배추소시지찜,160.7,7
D073022,찜류,채소류찜,양파두부찜,187.85,15
D073023,찜류,채소류찜,연근쌈,125.2,13
D073024,찜류,채소류찜,연근찹쌀찜,133.25,10
D073025,찜류,채소류찜,움파찜,65.0,8
D073026,찜류,채소류찜,층층배추찜,173.6,15
D073027,찜류,채소류찜,콩나물소고기찜,258.1,9
D074001,찜류,기타 찜류,계란찜,64.0,4
D074002,찜류,기타 찜류,두부찜,84.0,7
D074003,찜류,기타 찜류,순대,92.0,6
D074004,찜류,기타 찜류,옥수수(찐것),100.0,1
D074009,찜류,기타 찜류,계란찜,60.1,4
D074010,찜류,기타 찜류,두부찜,39.9,7
D074011,찜류,기타 찜류,고구마순프리타타,163.05,8
D074012,찜류,기타 찜류,녹두 달걀 버섯찜,219.05,9
D074013,찜류,기타 찜류,버섯새우찜,111.2,13
D074014,찜류,기타 찜류,두부말이찜,397.5,13
D074015,찜류,기타 찜류,뿌리채소두부선,655.0,17
D074016,찜류,기타 찜류,해산물두부샌드,250.0,9
D074017,찜류,기타 찜류,닭가슴살 두부선,214.2,12
D081001,구이류,어패류구이,가오리구이,87.0,3
D081002,구이류,어패류구이,가자미구이,76.0,3
D081003,구이류,어패류구이,갈치구이,87.0,3
D081004,구이류,어패류구이,고등어구이,87.0,3
D081005,구이류,어패류구이,고등어구이(자반고등어),72.0,2
D081006,구이류,어패류구이,굴비구이,85.0,2
D081007,구이류,어패류구이,꽁치구이,87.0,3
D081008,구이류,어패류구이,낙지구이(고추장),148.0,13
D081009,구이류,어패류구이,넙치구이,87.0,3
D081010,구이류,어패류구이,노가리구이,26.0,3
D081011,구이류,어패류구이,노래미구이,87.0,3
D081012,구이류,어패류구이,농어구이,87.0,3
D081013,구이류,어패류구이,동태구이,87.0,3
D081014,구이류,어패류구이,명태포구이(고추장),74.0,10
D081015,구이류,어패류구이,민어구이,87.0,3
D081016,구이류,어패류구이,방어구이,87.0,3
D081017,구이류,어패류구이,밴댕이구이,87.0,3
D081018,구이류,어패류구이,뱅어포구이(고추장),37.0,10
D081019,구이류,어패류구이,병어구이,87.0,3
D081020,구이류,어패류구이,복어구이,87.0,3
D081021,구이류,어패류구이,볼락구이,87.0,3
D081022,구이류,어패류구이,볼락구이(불볼락),87.0,3
D081023,구이류,어패류구이,북어구이(고추장),44.0,9
D081024,구이류,어패류구이,삼치구이,87.0,3
D081025,구이류,어패류구이,서대구이,87.0,3
D081026,구이류,어패류구이,쏨뱅이구이,87.0,3
D081027,구이류,어패류구이,양미리구이,87.0,3
D081028,구이류,어패류구이,연어구이,72.0,2
D081029,구이류,어패류구이,오징어구이(버터),30.0,3
D081030,구이류,어패류구이,옥돔구이,90.0,3
D081031,구이류,어패류구이,임연수어구이,87.0,3
D081032,구이류,어패류구이,장어구이(고추장),114.0,10
D081033,구이류,어패류구이,적어구이,87.0,3
D081034,구이류,어패류구이,전어구이,87.0,3
D081035,구이류,어패류구이,조기구이,87.0,3
D081036,구이류,어패류구이,쥐포구이,18.0,1
D081037,구이류,어패류구이,참돔구이,87.0,3
D081038,구이류,어패류구이,참치구이,87.0,3
D081039,구이류,어패류구이,청어구이,87.0,3
D081040,구이류,어패류구이,황새치구이,87.0,3
D081042,구이류,어패류구이,고등어구이(간고등어구이),316.0,3
D081043,구이류,어패류구이,낙지호롱구이,1122.0,8
D081048,구이류,어패류구이,북어구이,75.0,3
D081054,구이류,어패류구이,장어구이,313.0,8
D081056,구이류,어패류구이,연어구이,31.0,2
D081057,구이류,어패류구이,연어구이,53.2,3
D081058,구이류,어패류구이,조기구이,55.7,3
D081059,구이류,어패류구이,오징어구이,298.0,10
D081060,구이류,어패류구이,스트링치즈카프리제그라탕,169.1,10
D081061,구이류,어패류구이,웰빙꼬치,1020.0,17
D081062,구이류,어패류구이,오징어구이,576.0,14
D081063,구이류,어패류구이,가지연어구이,331.0,9
D081064,구이류,어패류구이,꽁치채소말이,634.6,12
D081065,구이류,어패류구이,연어스테이크,459.0,14
D081066,구이류,어패류구이,장어수육구이,390.0,7
D081067,구이류,어패류구이,갈릭칩동태구이,180.0,4
D081068,구이류,어패류구이,맛간장삼치구이,399.0,8
D081069,구이류,어패류구이,저염된장삼치구이,245.0,9
D081070,구이류,어패류구이,저지방 장어구이,606.0,11
D082001,구이류,육류구이,곱창구이(소고기),93.0,7
D082002,구이류,육류구이,닭내장구이,93.0,7
D082003,구이류,육류구이,돼지갈비구이(고추장),201.0,11
D082004,구이류,육류구이,돼지고기주물럭(고추장),273.0,9
D082005,구이류,육류구이,"등심구이(돼지고기, 고추장)",99.0,11
D082006,구이류,육류구이,"등심구이(돼지고기, 고추장, 생강)",108.0,11
D082007,구이류,육류구이,등심구이(소고기),61.0,2
D082008,구이류,육류구이,멧돼지고기구이(고추장),115.0,13
D082009,구이류,육류구이,삼겹살구이,62.0,2
D082010,구이류,육류구이,소갈비구이,114.0,8
D082011,구이류,육류구이,소고기산적(게맛살),161.0,9
D082012,구이류,육류구이,소고기산적(어묵),161.0,9
D082013,구이류,육류구이,소시지구이,62.0,3
D082014,구이류,육류구이,안심구이(소고기),61.0,2
D082015,구이류,육류구이,오리고기구이,67.0,4
D082016,구이류,육류구이,채끝살구이(소고기),61.0,2
D082017,구이류,육류구이,칠면조구이,62.0,3
D082018,구이류,육류구이,통닭구이,67.0,4
D082019,구이류,육류구이,햄구이,45.0,2
D082020,구이류,육류구이,"햄버그스테이크(돼지고기, 토마토소스)",258.0,14
D082029,구이류,육류구이,"햄버그스테이크(돼지고기, 토마토소스)",170.0,15
D082030,구이류,육류구이,염통구이,280.0,11
D082031,구이류,육류구이,깻잎석쇠불고기,101.0,12
D082032,구이류,육류구이,꽈리고추 소고기말이,112.55,13
D082033,구이류,육류구이,녹두함박스테이크,126.5,14
D082034,구이류,육류구이,닭가슴살 가리비 구이,114.7,14
D082035,구이류,육류구이,돈육찜구이,299.2,14
D082036,구이류,육류구이,돼지고기모둠채소구이,265.6,14
D082037,구이류,육류구이,버섯떡갈비,67.5,8
D082038,구이류,육류구이,상추소고기롤,81.15,9
D082039,구이류,육류구이,새송이버섯치즈오븐구이,247.2,15
D082040,구이류,육류구이,생강채돼지고기구이,107.25,15
D082041,구이류,육류구이,소갈비찜 구이,264.1,13
D082042,구이류,육류구이,오리고기김치말이,143.5,10
D082043,구이류,육류구이,오리떡갈비,77.6,8
D082044,구이류,육류구이,잣가루 떡갈비,72.2,9
D082045,구이류,육류구이,참다래닭구이,156.6,13
D082046,구이류,육류구이,참두릅소고기말이,106.5,8
D082047,구이류,육류구이,청양소고기함박스테이크,432.4,17
D082048,구이류,육류구이,풋고추 돼지 등갈비구이,118.7,12
D082049,구이류,육류구이,유린기,183.5,15
D082050,구이류,육류구이,쪽갈비구이,628.0,14
D082051,구이류,육류구이,퓨전떡갈비,91.0,10
D082052,구이류,육류구이,함초떡갈비,497.0,15
D082053,구이류,육류구이,달콤스테이크,642.5,13
D082054,구이류,육류구이,삼색꼬치구이,300.0,8
D082055,구이류,육류구이,안심스테이크,587.0,13
D082056,구이류,육류구이,매운닭날개구이,405.0,12
D082057,구이류,육류구이,삼겹살꼬치구이,374.0,9
D082058,구이류,육류구이,토마토소고기찜,494.0,11
D082059,구이류,육류구이,통삼겹맥적구이,906.0,14
D082060,구이류,육류구이,통삼겹스테이크,689.0,17
D082061,구이류,육류구이,곤약함박스테이크,459.5,24
D082062,구이류,육류구이,라이스버거떡갈비,523.0,13
D082063,구이류,육류구이,닭가슴살샌드스테이크,987.0,15
D082064,구이류,육류구이,한식풍닭가슴살스테이크,876.0,14
D082065,구이류,육류구이,참치 두부 함박스테이크,133.5,10
D083001,구이류,기타 구이류,감자구이(버터),137.0,3
D083002,구이류,기타 구이류,김구이,4.0,3
D083003,구이류,기타 구이류,더덕구이(고추장),70.0,9
D083004,구이류,기타 구이류,도라지구이(고추장),112.0,8
D083005,구이류,기타 구이류,두부구이(고추장),112.0,11
D083006,구이류,기타 구이류,떡꼬치(고추장),120.0,7
D083007,구이류,기타 구이류,옥수수구이,50.0,1
D083008,구이류,기타 구이류,옥수수구이(버터),56.0,3
D083018,구이류,기타 구이류,가지스테이크,109.5,8
D083019,구이류,기타 구이류,곤드레프리타타,207.85,12
D083020,구이류,기타 구이류,단감드레싱 두부구이,133.0,10
D083021,구이류,기타 구이류,달걀프리타타,206.55,13
D083022,구이류,기타 구이류,배추롤오븐구이,130.6,12
D083023,구이류,기타 구이류,애호박오븐치즈구이,143.7,9
D083024,구이류,기타 구이류,통감자오븐구이,203.2,8
D083025,구이류,기타 구이류,배숙구이,1210.0,5
D083026,구이류,기타 구이류,두부까나페,343.5,12
D083027,구이류,기타 구이류,양송이구이,348.0,10
D083028,구이류,기타 구이류,가지라따뚜이,891.0,8
D083029,구이류,기타 구이류,명란프리타타,476.0,7
D083030,구이류,기타 구이류,웰빙스테이크,553.0,11
D083031,구이류,기타 구이류,한입꼬치구이,671.0,17
D083032,구이류,기타 구이류,묵은지가지말이,750.0,16
D083033,구이류,기타 구이류,고구마두부스테이크,605.0,11
D083034,구이류,기타 구이류,김말이두부스테이크,442.3,18
D083035,구이류,기타 구이류,두부구이와 버섯소스,131.0,7
D091001,전류,어패류전,게맛살전,113.0,6
D091002,전류,어패류전,게맛살전(느타리버섯),92.0,7
D091003,전류,어패류전,고등어전,108.0,5
D091004,전류,어패류전,굴전,113.0,6
D091005,전류,어패류전,대구전,96.0,7
D091006,전류,어패류전,동태전,96.0,7
D091007,전류,어패류전,병어전,109.0,5
D091008,전류,어패류전,새우전,113.0,6
D091009,전류,어패류전,어묵부침,92.0,6
D091010,전류,어패류전,오징어전,183.0,7
D091011,전류,어패류전,참치전,44.0,6
D091012,전류,어패류전,해물파전,146.0,12
D091013,전류,어패류전,홍합전,131.0,6
D091021,전류,어패류전,고춧잎 조갯살전,176.0,12
D091022,전류,어패류전,깻잎 새우전,102.05,7
D091023,전류,어패류전,우리밀싹 명란달걀말이,102.1,6
D092001,전류,육류전,돼지고기전,92.0,6
D092002,전류,육류전,소간전,92.0,6
D092003,전류,육류전,소고기내장전(천엽),93.0,6
D092004,전류,육류전,소고기전,92.0,6
D092005,전류,육류전,소시지부침,94.0,4
D092006,전류,육류전,완자전(돼지고기),113.0,9
D092007,전류,육류전,완자전(소고기),121.0,10
D092008,전류,육류전,햄부침,82.0,6
D092009,전류,육류전,화양적,111.0,9
D092011,전류,육류전,돼지고기완자전,295.0,13
D092013,전류,육류전,겨자깨소스를 곁들인 소고기찹쌀전,156.05,19
D092014,전류,육류전,옥수수고기완자전,154.65,13
D092015,전류,육류전,육전 야채쌈,137.0,12
D092016,전류,육류전,미역 닭가슴살전,311.0,12
D093001,전류,채소류전,가지전,97.0,5
D093002,전류,채소류전,감자전,106.0,5
D093003,전류,채소류전,고구마전,106.0,5
D093004,전류,채소류전,고추전,146.0,10
D093005,전류,채소류전,김치전,258.0,7
D093006,전류,채소류전,깻잎전,57.0,5
D093007,전류,채소류전,깻잎전(소고기),77.0,6
D093008,전류,채소류전,더덕산적,74.0,8
D093009,전류,채소류전,두릅적,102.0,7
D093012,전류,채소류전,버섯전(모둠),87.0,7
D093013,전류,채소류전,부추전,132.0,8
D093014,전류,채소류전,야채전,92.0,8
D093015,전류,채소류전,연근전,72.0,5
D093016,전류,채소류전,파전(오징어),157.0,8
D093017,전류,채소류전,"파전(오징어, 조개살)",167.0,9
D093018,전류,채소류전,피망전,62.0,7
D093019,전류,채소류전,호박전(늙은호박),85.0,5
D093020,전류,채소류전,호박전(애호박),57.0,7
D093025,전류,채소류전,미나리전,653.0,8
D093028,전류,채소류전,배추전,226.3,6
D093032,전류,채소류전,칡전,731.0,7
D093035,전류,채소류전,파전,385.0,7
D093037,전류,채소류전,호박전(애호박),48.7,6
D093039,전류,채소류전,호박전(애호박),70.0,7
D093040,전류,채소류전,배추전,77.9,7
D093041,전류,채소류전,고사리전,126.1,18
D093042,전류,채소류전,기장 감자채전,176.0,8
D093043,전류,채소류전,더덕들깨전병,80.0,11
D093044,전류,채소류전,두릅적,144.8,12
D093045,전류,채소류전,리코타치즈주키니전,101.45,9
D093046,전류,채소류전,메밀배추전,182.7,12
D093047,전류,채소류전,수수배추전,135.6,13
D093048,전류,채소류전,시금치전,95.0,10
D093049,전류,채소류전,애호박새우전,143.55,11
D093050,전류,채소류전,토란대채소산적,118.45,11
D093051,전류,채소류전,카레감자전,378.0,9
D093052,전류,채소류전,단호박 마전,103.3,7
D095001,전류,기타 전류,계란말이,78.0,6
D095002,전류,기타 전류,계란부침(김말이),54.0,4
D095003,전류,기타 전류,"계란부침(양파, 당근)",78.0,6
D095004,전류,기타 전류,"계란부침(양파, 실파)",78.0,6
D095005,전류,기타 전류,계란프라이,55.0,3
D095006,전류,기타 전류,두부부침,111.0,6
D095007,전류,기타 전류,두부전,96.0,4
D095008,전류,기타 전류,두부전(돼지고기),116.0,5
D095009,전류,기타 전류,떡산적,142.0,10
D095010,전류,기타 전류,빈대떡(돼지고기),88.0,7
D095011,전류,기타 전류,수수부침,56.0,3
D095012,전류,기타 전류,스크램블드에그,56.0,4
D095013,전류,기타 전류,오믈렛,90.0,8
D095014,전류,기타 전류,오믈렛(두부),100.0,9
D095015,전류,기타 전류,찹쌀전병,56.0,3
D095025,전류,기타 전류,버섯전,29.0,6
D095026,전류,기타 전류,비지전,548.0,9
D095035,전류,기타 전류,검은콩전,88.5,9
D095036,전류,기타 전류,기장두부패티,212.7,11
D095037,전류,기타 전류,목이버섯전,128.0,12
D095038,전류,기타 전류,새싹달걀말이,150.4,14
D095039,전류,기타 전류,수수밀쌈,136.7,18
D095040,전류,기타 전류,토란 수수 지짐이,171.2,7
D095041,전류,기타 전류,일본식 계란말이,210.0,6
D095042,전류,기타 전류,토마토 채소 계란찜,148.2,9
D095043,전류,기타 전류,삼색 꽃 화전,140.0,7
D101001,볶음류,어패류볶음,건꼴뚜기볶음(고추장),38.0,5
D101002,볶음류,어패류볶음,건새우볶음(고추장),33.0,7
D101003,볶음류,어패류볶음,게맛살볶음,91.0,4
D101004,볶음류,어패류볶음,꽁치볶음(고추장),36.0,5
D101005,볶음류,어패류볶음,꽃게볶음,208.0,7
D101006,볶음류,어패류볶음,낙지볶음(고추장),89.0,12
D101007,볶음류,어패류볶음,멸치볶음,28.0,6
D101008,볶음류,어패류볶음,멸치볶음(견과류),54.0,10
D101009,볶음류,어패류볶음,멸치볶음(고추장),74.0,8
D101010,볶음류,어패류볶음,멸치볶음(꽈리고추),55.0,9
D101011,볶음류,어패류볶음,멸치볶음(잔멸치),53.0,7
D101012,볶음류,어패류볶음,문어볶음,168.0,12
D101013,볶음류,어패류볶음,뱅어포볶음(고추장),33.0,8
D101014,볶음류,어패류볶음,북어볶음(고추장),36.0,5
D101015,볶음류,어패류볶음,새우볶음,98.0,5
D101016,볶음류,어패류볶음,어묵볶음,128.0,9
D101017,볶음류,어패류볶음,어묵볶음(느타리버섯),110.0,8
D101018,볶음류,어패류볶음,어묵볶음(당근),128.0,9
D101019,볶음류,어패류볶음,어묵볶음(마늘종),92.0,7
D101020,볶음류,어패류볶음,어묵볶음(양파),99.0,7
D101021,볶음류,어패류볶음,어묵볶음(햄),108.0,8
D101022,볶음류,어패류볶음,오징어볶음(고추장),118.0,14
D101023,볶음류,어패류볶음,오징어채볶음(고추장),37.0,6
D101024,볶음류,어패류볶음,쥐포볶음(고추장),62.0,8
D101025,볶음류,어패류볶음,참치볶음,91.0,12
D101026,볶음류,어패류볶음,참치볶음(김치),111.0,13
D101027,볶음류,어패류볶음,참치볶음(콩나물),111.0,13
D101031,볶음류,어패류볶음,오징어볶음(고추장),90.2,14
D101032,볶음류,어패류볶음,오징어볶음(고추장),99.8,14
D101033,볶음류,어패류볶음,쥐치포볶음,84.0,8
D101034,볶음류,어패류볶음,녹두멸치볶음,49.0,7
D101035,볶음류,어패류볶음,시금치삼치볶음,118.2,10
D102001,볶음류,육류 및 난류볶음,계란볶음,117.0,3
D102002,볶음류,육류 및 난류볶음,"곱창볶음(돼지고기, 고추장)",160.0,14
D102003,볶음류,육류 및 난류볶음,닭갈비,116.0,11
D102004,볶음류,육류 및 난류볶음,닭고기볶음,152.0,13
D102005,볶음류,육류 및 난류볶음,돼지고기볶음,173.0,12
D102006,볶음류,육류 및 난류볶음,돼지고기볶음(고추장),126.0,13
D102007,볶음류,육류 및 난류볶음,"돼지고기볶음(고추장, 야채)",160.0,16
D102008,볶음류,육류 및 난류볶음,돼지고기볶음(김치),147.0,11
D102009,볶음류,육류 및 난류볶음,돼지고기볶음(콩나물),193.0,13
D102010,볶음류,육류 및 난류볶음,베이컨볶음,108.0,10
D102011,볶음류,육류 및 난류볶음,불고기(닭고기),103.0,10
D102012,볶음류,육류 및 난류볶음,불고기(돼지고기),167.0,9
D102013,볶음류,육류 및 난류볶음,"불고기(돼지고기, 고추장)",187.0,9
D102014,볶음류,육류 및 난류볶음,"불고기(돼지고기, 고추장, 청주)",115.0,13
D102015,볶음류,육류 및 난류볶음,불고기(소고기),94.0,8
D102016,볶음류,육류 및 난류볶음,"불고기(소고기, 배)",121.0,9
D102017,볶음류,육류 및 난류볶음,"불고기(소고기, 오징어)",171.0,10
D102018,볶음류,육류 및 난류볶음,소고기볶음,119.0,10
D102019,볶음류,육류 및 난류볶음,소고기볶음(가지),129.0,11
D102020,볶음류,육류 및 난류볶음,소고기볶음(느타리버섯),121.0,11
D102021,볶음류,육류 및 난류볶음,소고기볶음(양배추),129.0,11
D102022,볶음류,육류 및 난류볶음,소고기볶음(표고버섯),106.0,9
D102023,볶음류,육류 및 난류볶음,소시지볶음,44.0,5
D102024,볶음류,육류 및 난류볶음,소시지볶음(토마토케첩),54.0,6
D102025,볶음류,육류 및 난류볶음,"소시지볶음(토마토케첩, 야채)",91.0,9
D102026,볶음류,육류 및 난류볶음,순대볶음,134.0,10
D102027,볶음류,육류 및 난류볶음,햄볶음,57.0,6
D102028,볶음류,육류 및 난류볶음,햄볶음(감자),82.0,7
D102029,볶음류,육류 및 난류볶음,햄볶음(시금치),67.0,7
D102035,볶음류,육류 및 난류볶음,언양불고기,693.0,3
D102040,볶음류,육류 및 난류볶음,불고기(소고기),55.5,10
D102041,볶음류,육류 및 난류볶음,불고기(소고기),69.8,9
D102042,볶음류,육류 및 난류볶음,닭불고기(고추장),78.1,10
D102043,볶음류,육류 및 난류볶음,닭불고기(고추장),113.2,10
D102044,볶음류,육류 및 난류볶음,불고기(소고기),65.7,9
D102045,볶음류,육류 및 난류볶음,기장 난자완스,192.3,15
D102046,볶음류,육류 및 난류볶음,도라지불고기,150.6,15
D102047,볶음류,육류 및 난류볶음,돈육채볶음,149.6,16
D102048,볶음류,육류 및 난류볶음,돼지고기 간장볶음,139.1,11
D102049,볶음류,육류 및 난류볶음,배 윙볶음,131.1,7
D102050,볶음류,육류 및 난류볶음,사과 닭고기 볶음,216.7,13
D102051,볶음류,육류 및 난류볶음,소고기무나물,96.55,12
D102052,볶음류,육류 및 난류볶음,오리고기피망잡채,106.4,15
D102053,볶음류,육류 및 난류볶음,표고버섯 차돌박이 볶음,142.45,13
D102054,볶음류,육류 및 난류볶음,풋마늘불고기,97.5,8
D102055,볶음류,육류 및 난류볶음,토마토오리볶음,336.0,15
D102056,볶음류,육류 및 난류볶음,돈불고기 파인애플볶음,208.0,11
D103001,볶음류,채소 및 해조류볶음,가지볶음,86.0,8
D103002,볶음류,채소 및 해조류볶음,가지볶음(양파),106.0,9
D103003,볶음류,채소 및 해조류볶음,감자볶음,96.0,7
D103004,볶음류,채소 및 해조류볶음,감자볶음(간장),56.0,7
D103005,볶음류,채소 및 해조류볶음,"감자볶음(간장, 어묵)",143.0,7
D103006,볶음류,채소 및 해조류볶음,감자볶음(당근),106.0,8
D103007,볶음류,채소 및 해조류볶음,감자채볶음,119.0,6
D103008,볶음류,채소 및 해조류볶음,고구마볶음(고추장),91.0,9
D103009,볶음류,채소 및 해조류볶음,고구마줄기볶음,87.0,8
D103010,볶음류,채소 및 해조류볶음,고구마줄기볶음(말린것),30.0,7
D103011,볶음류,채소 및 해조류볶음,고비볶음,96.0,10
D103012,볶음류,채소 및 해조류볶음,고사리나물,75.0,8
D103013,볶음류,채소 및 해조류볶음,고사리나물(들깨),56.0,7
D103014,볶음류,채소 및 해조류볶음,고춧잎볶음,104.0,9
D103015,볶음류,채소 및 해조류볶음,근대볶음,103.0,8
D103016,볶음류,채소 및 해조류볶음,김치볶음,54.0,6
D103017,볶음류,채소 및 해조류볶음,김치볶음(돼지고기),95.0,7
D103018,볶음류,채소 및 해조류볶음,김치볶음(참치),89.0,5
D103019,볶음류,채소 및 해조류볶음,깍두기볶음,54.0,6
D103020,볶음류,채소 및 해조류볶음,깻잎볶음,103.0,8
D103021,볶음류,채소 및 해조류볶음,깻잎볶음(멸치),63.0,8
D103022,볶음류,채소 및 해조류볶음,당근볶음,22.0,6
D103023,볶음류,채소 및 해조류볶음,도라지볶음,39.0,7
D103024,볶음류,채소 및 해조류볶음,도라지볶음(간장),72.0,8
D103025,볶음류,채소 및 해조류볶음,마늘종볶음,87.0,8
D103026,볶음류,채소 및 해조류볶음,명일엽볶음,103.0,8
D103027,볶음류,채소 및 해조류볶음,무볶음,61.0,7
D103028,볶음류,채소 및 해조류볶음,무청볶음(된장),94.0,8
D103029,볶음류,채소 및 해조류볶음,미역볶음,94.0,6
D103030,볶음류,채소 및 해조류볶음,미역줄기볶음,104.0,7
D103031,볶음류,채소 및 해조류볶음,배추나물볶음,58.0,8
D103032,볶음류,채소 및 해조류볶음,버섯볶음(느타리버섯),98.0,8
D103033,볶음류,채소 및 해조류볶음,"버섯볶음(느타리버섯, 부추)",119.0,11
D103034,볶음류,채소 및 해조류볶음,"버섯볶음(느타리버섯, 피망)",108.0,9
D103035,볶음류,채소 및 해조류볶음,"버섯볶음(양송이버섯, 소고기)",129.0,11
D103036,볶음류,채소 및 해조류볶음,"버섯볶음(표고버섯, 소고기)",129.0,11
D103037,볶음류,채소 및 해조류볶음,부추볶음,70.0,7
D103038,볶음류,채소 및 해조류볶음,부추볶음(계란),90.0,8
D103039,볶음류,채소 및 해조류볶음,부추볶음(돼지고기),80.0,8
D103040,볶음류,채소 및 해조류볶음,야채볶음,60.0,7
D103041,볶음류,채소 및 해조류볶음,야채볶음(닭고기),145.0,13
D103042,볶음류,채소 및 해조류볶음,야채볶음(양송이버섯),70.0,8
D103043,볶음류,채소 및 해조류볶음,야채볶음(어묵),80.0,8
D103044,볶음류,채소 및 해조류볶음,야채볶음(표고버섯),70.0,8
D103045,볶음류,채소 및 해조류볶음,양배추볶음,66.0,5
D103046,볶음류,채소 및 해조류볶음,양파볶음,77.0,5
D103047,볶음류,채소 및 해조류볶음,오이볶음,87.0,7
D103048,볶음류,채소 및 해조류볶음,우거지볶음,112.0,8
D103049,볶음류,채소 및 해조류볶음,우엉볶음,72.0,8
D103050,볶음류,채소 및 해조류볶음,죽순볶음,70.0,8
D103051,볶음류,채소 및 해조류볶음,취나물볶음,47.0,7
D103052,볶음류,채소 및 해조류볶음,취나물볶음(말린것),84.0,7
D103053,볶음류,채소 및 해조류볶음,콩나물볶음,216.0,10
D103054,볶음류,채소 및 해조류볶음,풋고추볶음,65.0,7
D103055,볶음류,채소 및 해조류볶음,호박볶음,114.0,9
D103056,볶음류,채소 및 해조류볶음,호박볶음(새우젓),124.0,10
D103065,볶음류,채소 및 해조류볶음,청각볶음(청각조갯살볶음),416.0,7
D103068,볶음류,채소 및 해조류볶음,가지볶음(양파),90.1,9
D103070,볶음류,채소 및 해조류볶음,무청볶음(된장),60.4,8
D103071,볶음류,채소 및 해조류볶음,고구마줄기볶음,74.7,8
D103072,볶음류,채소 및 해조류볶음,무청볶음(된장),39.8,8
D103073,볶음류,채소 및 해조류볶음,미역자반,52.0,4
D103074,볶음류,채소 및 해조류볶음,건곤드레해물볶음,164.0,11
D103075,볶음류,채소 및 해조류볶음,고춧잎지짐이,149.5,14
D103076,볶음류,채소 및 해조류볶음,돼지고기 죽순채 볶음,176.0,13
D103077,볶음류,채소 및 해조류볶음,무매운볶음,129.0,15
D103078,볶음류,채소 및 해조류볶음,소고기머위순들깨볶음,209.25,12
D103079,볶음류,채소 및 해조류볶음,시래기멸치지짐,209.5,9
D103080,볶음류,채소 및 해조류볶음,열무버섯볶음,98.25,11
D103081,볶음류,채소 및 해조류볶음,월과채,117.75,16
D103082,볶음류,채소 및 해조류볶음,콩카레,176.0,8
D103083,볶음류,채소 및 해조류볶음,토마토가지볶음,111.0,8
D103084,볶음류,채소 및 해조류볶음,풋고추볶음과 밀쌈,138.6,13
D103085,볶음류,채소 및 해조류볶음,곤약냉잡채,364.0,17
D103086,볶음류,채소 및 해조류볶음,브로콜리견과류볶음,95.3,5
D104001,볶음류,곡류 및 두류볶음,두부볶음,85.0,3
D104002,볶음류,곡류 및 두류볶음,두부볶음(김치),95.0,4
D104003,볶음류,곡류 및 두류볶음,"떡볶이(간장, 돼지고기)",271.0,12
D104004,볶음류,곡류 및 두류볶음,떡볶이(고추장),388.0,11
D104005,볶음류,곡류 및 두류볶음,"떡볶이(고추장, 어묵)",267.0,11
D104006,볶음류,곡류 및 두류볶음,라면볶음(고추장),259.0,8
D104007,볶음류,곡류 및 두류볶음,마파두부,340.0,15
D104008,볶음류,곡류 및 두류볶음,콩볶음(간장),17.0,4
D104013,볶음류,곡류 및 두류볶음,궁중떡볶이,409.0,10
D104016,볶음류,곡류 및 두류볶음,떡볶이,450.0,6
D104027,볶음류,곡류 및 두류볶음,두부소보로청경채볶음,143.0,10
D104028,볶음류,곡류 및 두류볶음,오리고기 궁중떡볶이,166.55,16
D104029,볶음류,곡류 및 두류볶음,팥리소토,241.35,12
D105001,볶음류,기타 볶음류,구절판,145.0,9
D105002,볶음류,기타 볶음류,메뚜기볶음(고추장),33.0,7
D105003,볶음류,기타 볶음류,부추잡채,101.0,11
D105004,볶음류,기타 볶음류,"잡채(돼지고기, 느타리)",148.0,13
D105005,볶음류,기타 볶음류,"잡채(돼지고기, 표고)",144.0,13
D105006,볶음류,기타 볶음류,"잡채(소고기, 느타리)",114.0,12
D105007,볶음류,기타 볶음류,"잡채(소고기, 목이)",148.0,13
D105008,볶음류,기타 볶음류,"잡채(소고기, 표고)",151.0,13
D105009,볶음류,기타 볶음류,짜장볶음,425.0,6
D105010,볶음류,기타 볶음류,팔보채,159.0,13
D105019,볶음류,기타 볶음류,콩나물잡채,502.0,8
D105020,볶음류,기타 볶음류,우엉튀김과 버섯볶음,147.1,21
D105021,볶음류,기타 볶음류,호박고지잡채,94.05,11
D105022,볶음류,기타 볶음류,삼합잡채,246.0,14
D105023,볶음류,기타 볶음류,김치양배추볶음,46.9,9
D105024,볶음류,기타 볶음류,유부 우엉 잡채,63.0,10
D111001,조림류,어패류조림,가자미조림,143.0,9
D111002,조림류,어패류조림,갈치조림,141.0,9
D111003,조림류,어패류조림,건꼴뚜기조림,46.0,7
D111004,조림류,어패류조림,게조림,160.0,10
D111005,조림류,어패류조림,고등어조림(고추장),155.0,9
D111006,조림류,어패류조림,광어조림(고추장),155.0,9
D111007,조림류,어패류조림,꼴뚜기조림,28.0,6
D111008,조림류,어패류조림,꽁치조림,67.0,6
D111009,조림류,어패류조림,꽁치조림(물엿),77.0,7
D111010,조림류,어패류조림,꽁치조림(통조림),117.0,10
D111011,조림류,어패류조림,노가리조림,38.0,5
D111012,조림류,어패류조림,대구포조림(고추장),35.0,7
D111013,조림류,어패류조림,동태조림,162.0,11
D111014,조림류,어패류조림,멸치조림(고추장),53.0,7
D111015,조림류,어패류조림,"멸치조림(고추장, 풋고추)",63.0,7
D111016,조림류,어패류조림,바지락조림,141.0,9
D111017,조림류,어패류조림,방어조림,67.0,6
D111018,조림류,어패류조림,뱅어포조림,62.0,6
D111019,조림류,어패류조림,병어조림,141.0,9
D111020,조림류,어패류조림,북어조림,39.0,5
D111021,조림류,어패류조림,붕어조림,67.0,6
D111022,조림류,어패류조림,삼치조림,128.0,9
D111023,조림류,어패류조림,새우조림,34.0,6
D111024,조림류,어패류조림,서대조림,67.0,6
D111025,조림류,어패류조림,양미리조림,108.0,9
D111026,조림류,어패류조림,어묵조림(감자),103.0,5
D111027,조림류,어패류조림,"어묵조림(감자, 햄)",113.0,6
D111028,조림류,어패류조림,오징어조림,149.0,8
D111029,조림류,어패류조림,오징어채조림(간장),51.0,7
D111030,조림류,어패류조림,오징어채조림(고추장),17.0,4
D111031,조림류,어패류조림,임연수어조림,67.0,6
D111032,조림류,어패류조림,장어조림(고추장),121.0,11
D111033,조림류,어패류조림,전어조림,122.0,7
D111034,조림류,어패류조림,정어리조림,142.0,8
D111035,조림류,어패류조림,조기조림,139.0,8
D111036,조림류,어패류조림,쥐포조림,29.0,3
D111037,조림류,어패류조림,청어조림,135.0,11
D111038,조림류,어패류조림,코다리조림,143.0,8
D111039,조림류,어패류조림,홍합조림,95.0,7
D111049,조림류,어패류조림,홍합초,115.0,9
D111052,조림류,어패류조림,가자미조림,85.6,10
D111053,조림류,어패류조림,고등어조림(고추장),90.1,9
D111054,조림류,어패류조림,단호박갈치조림,162.1,13
D111055,조림류,어패류조림,생강코다리조림,156.0,12
D111056,조림류,어패류조림,장어조림,360.0,14
D112001,조림류,육류 및 난류조림,계란장조림,143.0,6
D112002,조림류,육류 및 난류조림,계란장조림(소고기),177.0,8
D112003,조림류,육류 및 난류조림,닭고기조림,144.0,10
D112004,조림류,육류 및 난류조림,닭고기조림(고추장),137.0,10
D112005,조림류,육류 및 난류조림,닭다리조림,92.0,8
D112006,조림류,육류 및 난류조림,닭볶음탕(고추장),149.0,10
D112007,조림류,육류 및 난류조림,돼지고기장조림(감자),137.0,7
D112008,조림류,육류 및 난류조림,돼지고기장조림(메추리알),146.0,9
D112009,조림류,육류 및 난류조림,메추리알장조림,73.0,8
D112010,조림류,육류 및 난류조림,소고기장조림,131.0,5
D112011,조림류,육류 및 난류조림,소고기장조림(감자),544.0,7
D112012,조림류,육류 및 난류조림,소고기장조림(메추리알),171.0,6
D112013,조림류,육류 및 난류조림,소고기조림,48.0,9
D112014,조림류,육류 및 난류조림,소시지조림,70.0,7
D112015,조림류,육류 및 난류조림,완자조림(돼지고기),80.0,9
D112016,조림류,육류 및 난류조림,"완자조림(돼지고기, 고추장)",122.0,9
D112017,조림류,육류 및 난류조림,폭찹,180.0,10
D112018,조림류,육류 및 난류조림,햄조림,70.0,7
D112026,조림류,육류 및 난류조림,돼지고기장조림(메추리알),120.0,9
D112028,조림류,육류 및 난류조림,소고기장조림,50.0,5
D112029,조림류,육류 및 난류조림,메추리알장조림,46.0,8
D112030,조림류,육류 및 난류조림,닭 버섯 조림,146.3,15
D112031,조림류,육류 및 난류조림,닭가슴살 채소조림,135.75,15
D112032,조림류,육류 및 난류조림,돼지고기 채소조림,172.5,21
D112033,조림류,육류 및 난류조림,수삼돈육조림,126.5,9
D112034,조림류,육류 및 난류조림,시래기 등갈비 조림,274.6,15
D112035,조림류,육류 및 난류조림,오리고기장조림,115.05,9
D112036,조림류,육류 및 난류조림,육장(장조림),139.1,11
D112037,조림류,육류 및 난류조림,타콤소스닭조림,720.9,18
D112038,조림류,육류 및 난류조림,토마토소고기장조림,568.0,9
D113001,조림류,채소류조림,가지조림,106.0,9
D113002,조림류,채소류조림,감자조림,43.0,4
D113003,조림류,채소류조림,감자조림(어묵),111.0,7
D113004,조림류,채소류조림,고구마조림,122.0,11
D113005,조림류,채소류조림,깻잎조림,39.0,8
D113006,조림류,채소류조림,당근조림,100.0,6
D113007,조림류,채소류조림,마늘종조림,95.0,8
D113008,조림류,채소류조림,마늘종조림(멸치),105.0,9
D113009,조림류,채소류조림,무조림,90.0,7
D113010,조림류,채소류조림,버섯조림(양송이버섯),90.0,8
D113011,조림류,채소류조림,연근조림,69.0,5
D113012,조림류,채소류조림,우엉조림,74.0,6
D113013,조림류,채소류조림,우엉조림(소고기),88.0,5
D113014,조림류,채소류조림,우엉조림(어묵),100.0,6
D113015,조림류,채소류조림,토란조림,91.0,9
D113016,조림류,채소류조림,풋고추조림,67.0,7
D113017,조림류,채소류조림,호박조림,89.0,7
D113020,조림류,채소류조림,가지조림,60.1,9
D113021,조림류,채소류조림,가지조림,56.1,9
D113022,조림류,채소류조림,고춧잎두부조림,118.5,11
D113023,조림류,채소류조림,보리열무지짐,185.0,8
D113024,조림류,채소류조림,토마토콩조림,388.0,7
D113025,조림류,채소류조림,곤약 감자조림,423.0,11
D114001,조림류,기타 조림류,곤약조림,106.0,7
D114002,조림류,기타 조림류,두부조림(고추장),87.0,9
D114003,조림류,기타 조림류,"두부조림(고추장, 물엿)",97.0,10
D114004,조림류,기타 조림류,두부조림(돼지고기),108.0,8
D114005,조림류,기타 조림류,땅콩조림,88.0,8
D114006,조림류,기타 조림류,떡조림(고추장),87.0,9
D114007,조림류,기타 조림류,만두조림(고추장),87.0,9
D114008,조림류,기타 조림류,밤초,69.0,5
D114009,조림류,기타 조림류,유부조림,61.0,6
D114010,조림류,기타 조림류,콩조림,20.0,4
D114013,조림류,기타 조림류,두부조림,226.0,3
D114019,조림류,기타 조림류,찰옥수수 알감자 조림,879.1,11
D114020,조림류,기타 조림류,콩자반,738.0,5
D114022,조림류,기타 조림류,껍질콩두부조림,100.05,13
D121001,튀김류,어패류튀김,가자미튀김,85.0,4
D121002,튀김류,어패류튀김,갈치튀김,82.0,4
D121003,튀김류,어패류튀김,게맛살튀김,70.0,4
D121004,튀김류,어패류튀김,고등어튀김,93.0,5
D121005,튀김류,어패류튀김,광어튀김,93.0,5
D121006,튀김류,어패류튀김,굴비튀김,100.0,4
D121007,튀김류,어패류튀김,꽁치튀김,103.0,5
D121008,튀김류,어패류튀김,농어튀김,70.0,4
D121009,튀김류,어패류튀김,대구튀김,103.0,5
D121010,튀김류,어패류튀김,도미튀김,103.0,5
D121011,튀김류,어패류튀김,동태튀김(녹말가루),66.0,5
D121012,튀김류,어패류튀김,동태튀김(튀김옷),97.0,6
D121013,튀김류,어패류튀김,망둑어튀김,70.0,4
D121014,튀김류,어패류튀김,멸치튀김,87.0,4
D121015,튀김류,어패류튀김,민어튀김,93.0,5
D121016,튀김류,어패류튀김,방게튀김,70.0,4
D121017,튀김류,어패류튀김,방어튀김,70.0,4
D121018,튀김류,어패류튀김,뱅어포튀김,21.0,3
D121019,튀김류,어패류튀김,병어튀김,88.0,4
D121020,튀김류,어패류튀김,볼락튀김,70.0,4
D121021,튀김류,어패류튀김,볼락튀김(불볼락),70.0,4
D121022,튀김류,어패류튀김,볼락튀김(장문볼락),70.0,4
D121023,튀김류,어패류튀김,북어강정,53.0,8
D121024,튀김류,어패류튀김,북어튀김,70.0,4
D121025,튀김류,어패류튀김,삼치튀김,83.0,4
D121026,튀김류,어패류튀김,새우튀김,3.0,1
D121027,튀김류,어패류튀김,새치튀김,70.0,4
D121028,튀김류,어패류튀김,생선가스,85.0,3
D121029,튀김류,어패류튀김,생선뼈튀김(장어),48.0,2
D121030,튀김류,어패류튀김,어묵튀김,85.0,4
D121031,튀김류,어패류튀김,연어튀김,103.0,5
D121032,튀김류,어패류튀김,오징어탕수,142.0,14
D121033,튀김류,어패류튀김,오징어튀김,93.0,5
D121034,튀김류,어패류튀김,우럭튀김,103.0,5
D121035,튀김류,어패류튀김,임연수어튀김,103.0,5
D121036,튀김류,어패류튀김,장어튀김,70.0,4
D121037,튀김류,어패류튀김,조기튀김,93.0,5
D121038,튀김류,어패류튀김,쥐포튀김,40.0,5
D121039,튀김류,어패류튀김,참치강정,98.0,8
D121040,튀김류,어패류튀김,참치튀김,103.0,5
D121041,튀김류,어패류튀김,청어튀김,103.0,5
D121042,튀김류,어패류튀김,황새치튀김,103.0,5
D121043,튀김류,어패류튀김,다시마튀각,68.0,4
D121044,튀김류,어패류튀김,두부해물완자,152.0,12
D121045,튀김류,어패류튀김,고등어카레탕수,930.0,11
D122001,튀김류,육류튀김,깐풍기,124.0,13
D122002,튀김류,육류튀김,닭강정,111.0,12
D122003,튀김류,육류튀김,닭튀김,93.0,7
D122004,튀김류,육류튀김,돈가스,109.0,8
D122005,튀김류,육류튀김,돈저냐,75.0,12
D122006,튀김류,육류튀김,돼지고기강정,102.0,7
D122007,튀김류,육류튀김,돼지고기튀김,82.0,6
D122008,튀김류,육류튀김,라조기,124.0,13
D122009,튀김류,육류튀김,베이컨튀김,82.0,6
D122010,튀김류,육류튀김,비프커틀릿,107.0,7
D122011,튀김류,육류튀김,소고기튀김,97.0,7
D122012,튀김류,육류튀김,소시지튀김,95.0,8
D122013,튀김류,육류튀김,양념통닭,125.0,14
D122014,튀김류,육류튀김,탕수육,152.0,12
D122015,튀김류,육류튀김,햄커틀릿,85.0,7
D122017,튀김류,육류튀김,새우유자마요,131.4,12
D122018,튀김류,육류튀김,쌀 치킨텐더,142.0,13
D122019,튀김류,육류튀김,움파목살강정,72.35,12
D122020,튀김류,육류튀김,불고기미니볼,515.0,18
D122021,튀김류,육류튀김,아몬드치킨볼,316.0,12
D122022,튀김류,육류튀김,과일먹은 닭탕수,747.2,12
D122023,튀김류,육류튀김,단호박 생선탕수,303.0,11
D123001,튀김류,채소류튀김,가지튀김,113.0,9
D123002,튀김류,채소류튀김,고추튀김,61.0,5
D123003,튀김류,채소류튀김,깻잎튀김,36.0,4
D123004,튀김류,채소류튀김,도라지튀김,86.0,5
D123005,튀김류,채소류튀김,연근튀김,96.0,5
D123006,튀김류,채소류튀김,오이튀김,33.0,5
D123007,튀김류,채소류튀김,가죽부각(가죽자반튀김),1787.0,8
D123015,튀김류,채소류튀김,고추부각,137.0,4
D123016,튀김류,채소류튀김,깻잎 부각,64.3,6
D123017,튀김류,채소류튀김,단호박고기튀김,149.3,11
D123018,튀김류,채소류튀김,참깨소스를 곁들인 찹쌀더덕튀김,97.1,10
D123019,튀김류,채소류튀김,풋고추 새우살 튀김,154.15,14
D124001,튀김류,기타 튀김류,감자튀김,137.0,3
D124002,튀김류,기타 튀김류,고구마맛탕,157.0,5
D124003,튀김류,기타 튀김류,고구마튀김,120.0,3
D124004,튀김류,기타 튀김류,고구마튀김(당근),102.0,4
D124005,튀김류,기타 튀김류,두부튀김(간장포함),108.0,7
D124006,튀김류,기타 튀김류,두부튀김(소고기),114.0,10
D124007,튀김류,기타 튀김류,만두탕수,387.0,10
D124008,튀김류,기타 튀김류,만두튀김,252.0,9
D124009,튀김류,기타 튀김류,메추리알튀김,83.0,5
D124010,튀김류,기타 튀김류,밤튀김,63.0,5
D124011,튀김류,기타 튀김류,사과튀김,73.0,5
D124012,튀김류,기타 튀김류,스카치에크,287.0,10
D124013,튀김류,기타 튀김류,식빵튀김,58.0,3
D124014,튀김류,기타 튀김류,옥수수튀김,105.0,7
D124015,튀김류,기타 튀김류,인절미튀김,60.0,2
D124016,튀김류,기타 튀김류,콩튀김,140.0,8
D124019,튀김류,기타 튀김류,소시지강정,93.0,7
D124020,튀김류,기타 튀김류,옥수수맛탕,125.1,9
D124021,튀김류,기타 튀김류,연어주먹밥튀김,595.0,17
D124022,튀김류,기타 튀김류,검은깨라면크로켓,365.0,16
D125001,튀김류,해조류튀김,김말이튀김,77.0,8
D125002,튀김류,해조류튀김,김부각,20.0,5
D125003,튀김류,해조류튀김,다시마부각,22.0,5
D125004,튀김류,해조류튀김,다시마튀김,16.0,3
D125005,튀김류,해조류튀김,미역부각,30.0,5
D125006,튀김류,해조류튀김,미역튀김,12.0,4
D125007,튀김류,해조류튀김,파래튀김,25.0,5
D132002,무침류,숙채,고비나물,64.0,6
D132003,무침류,숙채,고춧잎나물,37.0,6
D132004,무침류,숙채,근대나물(고추장),88.0,9
D132005,무침류,숙채,깻잎나물,50.0,7
D132006,무침류,숙채,냉이나물(고추장),93.0,9
D132007,무침류,숙채,두릅나물(고추장),73.0,9
D132008,무침류,숙채,뜸부기나물,70.0,7
D132009,무침류,숙채,머위나물(고추장),93.0,9
D132010,무침류,숙채,메밀나물,53.0,6
D132011,무침류,숙채,무나물(들깨),47.0,6
D132012,무침류,숙채,무나물(소고기),84.0,7
D132013,무침류,숙채,무청무침,70.0,7
D132014,무침류,숙채,미나리나물(어묵),44.0,6
D132015,무침류,숙채,미나리나물(초고추장),92.0,8
D132016,무침류,숙채,미역나물(식초),81.0,9
D132017,무침류,숙채,배추나물(고추장),94.0,9
D132018,무침류,숙채,버섯무침(팽이버섯),58.0,9
D132019,무침류,숙채,비름나물,79.0,7
D132020,무침류,숙채,숙주나물,38.0,5
D132021,무침류,숙채,숙주나물(게맛살),78.0,6
D132022,무침류,숙채,숙주나물(미나리),74.0,6
D132023,무침류,숙채,시금치나물,93.0,6
D132024,무침류,숙채,시금치나물(간장),85.0,8
D132025,무침류,숙채,시금치나물(된장),98.0,7
D132026,무침류,숙채,시래기나물,57.0,6
D132027,무침류,숙채,쑥갓나물,87.0,8
D132028,무침류,숙채,쑥갓나물(유부),102.0,9
D132029,무침류,숙채,씀바귀나물(초고추장),30.0,7
D132030,무침류,숙채,오이나물,54.0,7
D132031,무침류,숙채,우거지나물,53.0,6
D132032,무침류,숙채,유채나물,70.0,7
D132033,무침류,숙채,질경이나물,70.0,7
D132034,무침류,숙채,취나물무침(된장),47.0,7
D132035,무침류,숙채,"취나물무침(말린것, 된장)",79.0,6
D132036,무침류,숙채,콩나물무침,77.0,5
D132037,무침류,숙채,"콩나물무침(겨자, 미나리)",57.0,10
D132038,무침류,숙채,콩나물무침(고춧가루),46.0,6
D132039,무침류,숙채,"콩나물무침(고춧가루, 어묵)",71.0,8
D132040,무침류,숙채,콩나물무침(무),51.0,7
D132041,무침류,숙채,토란대무침(고추장),93.0,9
D132042,무침류,숙채,호박나물(새우젓),65.0,7
D132044,무침류,숙채,가지나물,434.0,6
D132055,무침류,숙채,양하꽃대무침(양애깐무침),500.0,1
D132060,무침류,숙채,죽순채,454.0,8
D132066,무침류,숙채,탕평채,237.5,9
D132070,무침류,숙채,호박나물(호박탕쉬),612.5,5
D132072,무침류,숙채,"콩나물무침(겨자, 미나리)",39.6,10
D132073,무침류,숙채,오이무침,50.0,8
D132074,무침류,숙채,"콩나물무침(겨자, 미나리)",49.9,11
D132075,무침류,숙채,오이무침,60.6,7
D132077,무침류,숙채,무나물(들깨),60.3,6
D132078,무침류,숙채,참나물무침(된장),65.11,7
D132080,무침류,숙채,버섯무침(팽이버섯),40.1,9
D132081,무침류,숙채,무나물(들깨),48.0,6
D132082,무침류,숙채,유채나물,81.0,7
D132083,무침류,숙채,숙주나물,62.5,5
D132084,무침류,숙채,쑥갓나물,59.7,8
D132085,무침류,숙채,탕평채,118.6,9
D132086,무침류,숙채,호박나물(새우젓),47.8,7
D132087,무침류,숙채,버섯무침(팽이버섯),67.0,9
D132088,무침류,숙채,유채나물,49.3,7
D132090,무침류,숙채,메밀나물,48.0,6
D132091,무침류,숙채,건파래무침,119.0,9
D132092,무침류,숙채,노각생채,441.0,9
D132093,무침류,숙채,달래생채,166.0,7
D132094,무침류,숙채,더덕무침,208.0,10
D132095,무침류,숙채,도라지생채,154.0,8
D132096,무침류,숙채,도라지오이무침,174.0,10
D132097,무침류,숙채,도토리묵무침,456.0,9
D132098,무침류,숙채,마늘종무침,196.0,8
D132099,무침류,숙채,마른김무침,123.0,9
D132100,무침류,숙채,메밀묵무침,450.0,7
D132101,무침류,숙채,무숙채,223.0,7
D132102,무침류,숙채,부추무침,200.0,7
D132103,무침류,숙채,상추겉절이,195.0,8
D132104,무침류,숙채,오이생채,225.0,11
D132105,무침류,숙채,오이지무침,101.0,7
D132106,무침류,숙채,절임고추무침,82.0,7
D132107,무침류,숙채,감자우엉버무림,127.0,10
D132108,무침류,숙채,고사리나물,96.65,8
D132109,무침류,숙채,냉이나물,93.0,10
D132110,무침류,숙채,냉이파강회,193.4,12
D132111,무침류,숙채,녹두 취나물 무침,78.2,9
D132112,무침류,숙채,도라지나물,69.0,9
D132113,무침류,숙채,머위순나물,82.5,6
D132114,무침류,숙채,부추수수가루무침,100.0,8
D132115,무침류,숙채,우리밀 고추찜무침,63.5,8
D132116,무침류,숙채,참나물깨즙무침,103.3,8
D132117,무침류,숙채,"콩가루나물(고사리, 부추, 생표고)",91.6,11
D132118,무침류,숙채,풋마늘김무침,61.5,6
D132119,무침류,숙채,호박오가리나물,51.5,8
D132120,무침류,숙채,연근초무침,409.0,9
D132121,무침류,숙채,미역줄기두부무침,141.0,10
D132122,무침류,숙채,삼색나물과 토마토양념장,179.0,11
D132123,무침류,숙채,비름나물 된장무침,120.0,10
D132124,무침류,숙채,톳나물 두부무침,55.4,6
D132125,무침류,숙채,무염 겉절이,103.0,10
D132126,무침류,숙채,저염 겉절이,103.0,9
D132127,무침류,숙채,아욱 된장무침,235.0,7
D133001,무침류,어패류무침,게맛살무침(고추장),70.0,7
D133002,무침류,어패류무침,골뱅이무침(초고추장),122.0,9
D133003,무침류,어패류무침,굴무침,88.0,6
D133004,무침류,어패류무침,굴무침(무),134.0,8
D133006,무침류,어패류무침,꼴뚜기무침(초고추장),140.0,12
D133007,무침류,어패류무침,낙지무침(초고추장),140.0,12
D133008,무침류,어패류무침,노가리채무침(고추장),30.0,8
D133009,무침류,어패류무침,대구포무침(고추장),30.0,8
D133010,무침류,어패류무침,멸치무침(고추장),30.0,8
D133011,무침류,어패류무침,문어무침(고추장),131.0,12
D133012,무침류,어패류무침,북어채무침(고추장),28.0,6
D133013,무침류,어패류무침,새우무침(고추장),31.0,6
D133014,무침류,어패류무침,소라무침(초고추장),100.0,10
D133015,무침류,어패류무침,오징어무침(초고추장),129.0,9
D133016,무침류,어패류무침,"오징어무침(초고추장, 어묵)",139.0,10
D133017,무침류,어패류무침,"오징어무침(초고추장, 파)",134.0,9
D133018,무침류,어패류무침,"오징어무침(초고추장, 풋마늘)",112.0,8
D133019,무침류,어패류무침,오징어채무침(고추장),34.0,5
D133020,무침류,어패류무침,"오징어채무침(고추장, 물엿)",27.0,6
D133021,무침류,어패류무침,오징어채무침(초고추장),124.0,8
D133022,무침류,어패류무침,쥐포무침(고추장),31.0,7
D133023,무침류,어패류무침,피조개무침(초고추장),162.0,12
D133024,무침류,어패류무침,해파리냉채,117.0,10
D133025,무침류,어패류무침,홍어회무침(초고추장),140.0,12
D133026,무침류,어패류무침,홍합무침(초고추장),162.0,12
D133028,무침류,어패류무침,꼬막무침,983.0,11
D133033,무침류,어패류무침,대하잣즙무침,320.3,6
D133040,무침류,어패류무침,북어보푸라기(3가지색),97.0,7
D133041,무침류,어패류무침,깻잎꼬막무침,340.7,13
D133042,무침류,어패류무침,더덕해물냉채,198.6,17
D133043,무침류,어패류무침,도라지냉채,156.2,11
D133044,무침류,어패류무침,미나리오징어젓갈무침과 쌈,156.0,17
D133045,무침류,어패류무침,미나리황태무침,81.0,10
D133046,무침류,어패류무침,새싹 주꾸미 겨자무침,185.05,16
D133047,무침류,어패류무침,잣가루 냉채,123.15,13
D134001,무침류,육류무침,닭무침,103.0,10
D134002,무침류,육류무침,편육무침(소고기),76.0,8
D134003,무침류,육류무침,닭고기냉채,556.0,15
D134004,무침류,육류무침,닭고기채소무침,169.4,9
D134005,무침류,육류무침,배냉채,126.0,13
D134006,무침류,육류무침,소고기참나물겉절이,98.65,9
D135001,무침류,생채(샐러드),노각무침(고추장),88.0,9
D135002,무침류,생채(샐러드),도라지무침(고추장),85.0,8
D135003,무침류,생채(샐러드),메쉬드포테이토,148.0,9
D135004,무침류,생채(샐러드),삼무침(고추장),96.0,13
D135005,무침류,생채(샐러드),샐러드(감자),20.0,1
D135006,무침류,생채(샐러드),샐러드(참치),102.0,8
D135020,무침류,생채(샐러드),삼채 샐러드,160.0,3
D135027,무침류,생채(샐러드),호두고추장무침,458.0,6
D135028,무침류,생채(샐러드),로메인 감자샐러드,62.7,5
D135031,무침류,생채(샐러드),노각무침(고추장),80.0,9
D135032,무침류,생채(샐러드),삼채 샐러드,80.0,5
D135033,무침류,생채(샐러드),메쉬드포테이토,120.0,9
D135034,무침류,생채(샐러드),강낭콩샐러드,281.4,11
D135035,무침류,생채(샐러드),건과일조샐러드,107.65,13
D135036,무침류,생채(샐러드),껍질콩모둠샐러드,143.7,14
D135037,무침류,생채(샐러드),닭가슴살 수삼냉채,277.4,15
D135038,무침류,생채(샐러드),동부소스를 곁들인 참다래샐러드,143.1,13
D135039,무침류,생채(샐러드),동치미 사과 샐러드,139.1,10
D135040,무침류,생채(샐러드),딸기 두부카프레제,234.2,7
D135041,무침류,생채(샐러드),딸기샐러드,155.85,12
D135042,무침류,생채(샐러드),미삼샐러드,111.0,10
D135043,무침류,생채(샐러드),봄동두부무침,150.5,12
D135044,무침류,생채(샐러드),"상추나물(소금, 고추장, 된장)",99.3,13
D135045,무침류,생채(샐러드),상추토마토샐러드,142.0,9
D135046,무침류,생채(샐러드),오이과일채말이,175.2,10
D135047,무침류,생채(샐러드),율무샐러드1,148.7,13
D135048,무침류,생채(샐러드),율무샐러드2,149.1,13
D135049,무침류,생채(샐러드),참외생채,100.0,11
D135050,무침류,생채(샐러드),표고버섯 토마토 샐러드,138.1,12
D135051,무침류,생채(샐러드),홍시소스를 곁들인 구운채소샐러드,137.0,12
D135052,무침류,생채(샐러드),망고샐러드,633.0,15
D135053,무침류,생채(샐러드),초계샐러드,521.0,13
D135054,무침류,생채(샐러드),계란숙샐러드,612.0,15
D135055,무침류,생채(샐러드),연어롤샐러드,345.0,11
D135056,무침류,생채(샐러드),가지말이샐러드,526.0,13
D135057,무침류,생채(샐러드),두가지묵샐러드,211.0,11
D135058,무침류,생채(샐러드),두부채소샐러드,289.0,10
D135059,무침류,생채(샐러드),새콤한연어샐러드,360.5,10
D135060,무침류,생채(샐러드),주꾸미보양샐러드,327.0,13
D135061,무침류,생채(샐러드),토마토제철나물 샐러드,455.0,16
D135062,무침류,생채(샐러드),고구마순나물 무침,80.0,9
D135063,무침류,생채(샐러드),연근샐러드와 흑임자소스,165.0,6
D135064,무침류,생채(샐러드),코울슬로 샐러드,57.5,7
D135065,무침류,생채(샐러드),완두콩과 당근을 넣은 감자요거트샐러드,90.0,4
D135066,무침류,생채(샐러드),마늘칩 감자샐러드,79.0,8
D135067,무침류,생채(샐러드),단호박 견과류 샐러드,95.0,8
D135068,무침류,생채(샐러드),치즈 두부 샐러드,53.0,9
D136001,무침류,기타,매운 락교무침,32.9,7
D140001,김치류,김치류,갓김치,40.0,1
D140002,김치류,김치류,고들빼기김치,40.0,1
D140003,김치류,김치류,깍두기,40.0,1
D140004,김치류,김치류,깻잎김치,18.0,8
D140005,김치류,김치류,나박김치,40.0,1
D140006,김치류,김치류,동치미,40.0,1
D140007,김치류,김치류,배추김치,40.0,1
D140009,김치류,김치류,보쌈김치,74.0,5
D140010,김치류,김치류,부추김치,61.0,6
D140011,김치류,김치류,양배추김치,96.0,11
D140012,김치류,김치류,열무김치,40.0,1
D140014,김치류,김치류,총각김치,40.0,1
D140015,김치류,김치류,파김치,40.0,1
D140017,김치류,김치류,갓물김치,224.0,9
D140031,김치류,김치류,백김치,335.0,10
D140039,김치류,김치류,오이소박이,110.0,7
D140044,김치류,김치류,배추김치,35.0,1
D140046,김치류,김치류,총각김치,50.0,1
D140047,김치류,김치류,총각김치,70.0,1
D140048,김치류,김치류,총각김치,60.0,1
D140049,김치류,김치류,총각김치,80.0,1
D140057,김치류,김치류,열무김치,70.0,1
D140059,김치류,김치류,백김치,60.0,11
D140060,김치류,김치류,백김치,80.0,11
D140061,김치류,김치류,나박김치,120.0,1
D140063,김치류,김치류,동치미,100.0,1
D140064,김치류,김치류,오이소박이,70.0,7
D140065,김치류,김치류,동치미,250.0,1
D140068,김치류,김치류,나박김치,125.0,1
D140069,김치류,김치류,부추김치,50.0,6
D140070,김치류,김치류,양배추김치,80.0,11
D140072,김치류,김치류,열무 물김치,100.0,1
D140073,김치류,김치류,유채김치,100.0,1
D140074,김치류,김치류,유채 물김치,100.0,1
D140075,김치류,김치류,얼갈이배추 김치,100.0,1
D140076,김치류,김치류,무생채,261.0,8
D140077,김치류,김치류,섞박지,2220.0,10
D140078,김치류,김치류,고구마 김치,114.2,16
D140079,김치류,김치류,고추소박이김치,95.3,16
D140080,김치류,김치류,늙은 호박 김치,91.2,9
D140081,김치류,김치류,무소박이,200.2,11
D140082,김치류,김치류,시금치물김치,103.0,11
D140083,김치류,김치류,열무김치,75.1,15
D140084,김치류,김치류,오이소박이,134.0,9
D140085,김치류,김치류,죽순참외물김치,128.0,12
D140086,김치류,김치류,콩나물물김치,122.8,10
D140087,김치류,김치류,풋고추 물김치,106.9,10
D140088,김치류,김치류,고추김치,291.0,9
D140089,김치류,김치류,함초김치,1150.0,10
D140090,김치류,김치류,가지겉절이,452.0,13
D140091,김치류,김치류,매실동치미,188.0,8
D140092,김치류,김치류,저염동치미,352.0,11
D140093,김치류,김치류,참외깍두기,374.0,11
D140094,김치류,김치류,토마토김치,437.0,14
D140095,김치류,김치류,비트양파김치,521.0,7
D140096,김치류,김치류,더덕비트물김치,220.0,8
D140097,김치류,김치류,치자연근물김치,377.0,11
D140098,김치류,김치류,논우렁순무섞박지,505.0,12
D140099,김치류,김치류,고구마 김치,44.3,8
D140100,김치류,김치류,콜라비 깍두기,92.0,10
D140101,김치류,김치류,비타 오이 물김치,225.0,11
D140102,김치류,김치류,배 깍두기,431.0,5
D151001,회류,어패류회,굴회,80.0,1
D151002,회류,어패류회,낙지회,70.0,1
D151003,회류,어패류회,멍게회,80.0,1
D151004,회류,어패류회,문어회,70.0,1
D151005,회류,어패류회,소라회,80.0,1
D151006,회류,어패류회,오징어숙회,90.0,10
D151007,회류,어패류회,한치회,70.0,1
D151008,회류,어패류회,해삼회,100.0,10
D151009,회류,어패류회,홍어회,110.0,12
D151017,회류,어패류회,생선회,382.0,10
D152001,회류,육류회,양회,38.0,6
D152002,회류,육류회,육회,38.0,6
D153002,회류,채소류회,부추강회,114.0,5
D153003,회류,채소류회,파강회,74.0,4
D153005,회류,채소류회,미나리강회,136.0,5
D160001,젓갈류,젓갈류,갈치젓,15.0,1
D160002,젓갈류,젓갈류,게장,56.0,5
D160003,젓갈류,젓갈류,꼴뚜기젓,15.0,1
D160004,젓갈류,젓갈류,멸치젓,15.0,1
D160006,젓갈류,젓갈류,밴댕이젓,15.0,1
D160007,젓갈류,젓갈류,새우젓,15.0,1
D160008,젓갈류,젓갈류,아가미젓,15.0,1
D160009,젓갈류,젓갈류,어리굴젓,15.0,1
D160011,젓갈류,젓갈류,오징어젓(양념),15.0,1
D160012,젓갈류,젓갈류,전어젓,15.0,1
D160013,젓갈류,젓갈류,조기젓,15.0,1
D160015,젓갈류,젓갈류,황새치젓,15.0,1
D160018,젓갈류,젓갈류,벌떡게장,1520.0,5
D160023,젓갈류,젓갈류,대구젓,100.0,1
D160024,젓갈류,젓갈류,송어젓,100.0,1
D160025,젓갈류,젓갈류,은어젓,100.0,1
D160026,젓갈류,젓갈류,바지락젓,100.0,1
D160027,젓갈류,젓갈류,전복젓(염절임),100.0,1
D160028,젓갈류,젓갈류,게젓(염절임),100.0,1
D160029,젓갈류,젓갈류,성게젓,100.0,1
D160030,젓갈류,젓갈류,해삼젓(염절임),100.0,1
D160031,젓갈류,젓갈류,까나리젓,100.0,1
D160032,젓갈류,젓갈류,명란젓,100.0,1
D160033,젓갈류,젓갈류,조개젓(염절임),100.0,1
D160034,젓갈류,젓갈류,"낙지젓(양념,염절임)",100.0,1
D160035,젓갈류,젓갈류,"멍게젓(양념,염절임)",100.0,1
D170001,절임류,장아찌,고들빼기장아찌,23.0,5
D170002,절임류,장아찌,고추장아찌,25.0,1
D170003,절임류,장아찌,깻잎장아찌,20.0,1
D170004,절임류,장아찌,도라지장아찌,23.0,5
D170005,절임류,장아찌,마늘장아찌,25.0,1
D170007,절임류,장아찌,양파장아찌,10.0,1
D170008,절임류,장아찌,오이장아찌,40.0,5
D170009,절임류,장아찌,참외장아찌,23.0,5
D170012,절임류,장아찌,더덕장아찌,759.0,6
D170023,절임류,장아찌,마늘종 장아찌,100.0,1
D170024,절임류,장아찌,산마늘장아찌(명이나물),100.0,1
D170025,절임류,장아찌,염교(락교)장아찌,100.0,1
D170026,절임류,장아찌,울외장아찌,100.0,1
D170027,절임류,장아찌,가지장아찌,1700.0,8
D170028,절임류,장아찌,무장아찌무침,79.0,9
D170029,절임류,장아찌,새송이버섯장아찌,167.0,12
D170030,절임류,장아찌,양파매실장아찌,98.0,6
D170031,절임류,장아찌,움파장아찌,80.0,5
D170032,절임류,장아찌,사과장아찌,447.0,10
D171001,절임류,절임류,단무지,70.0,1
D171002,절임류,절임류,무절임,1.0,1
D171003,절임류,절임류,무초절임(쌈무),70.0,1
D171004,절임류,절임류,오이지,70.0,1
D171009,절임류,절임류,생강피클,100.0,1
D171010,절임류,절임류,단감 피클,196.25,7
D171011,절임류,절임류,무켜피클,97.9,9
D171012,절임류,절임류,방울토마토 즉석피클,100.0,9
D171013,절임류,절임류,배피클,112.1,6
D171014,절임류,절임류,버섯고추기름절임,109.0,10
D171015,절임류,절임류,생강초절임,34.4,6
D171016,절임류,절임류,연근 피클,168.7,7
D171017,절임류,절임류,유부초절임,88.0,8
D180001,장류,양념류,간장(양조),4.0,1
D180002,장류,양념류,간장(재래),4.0,1
D180003,장류,양념류,고추장,4.0,1
D180004,장류,양념류,된장,80.0,1
D180005,장류,양념류,쌈장,4.0,1
D180006,장류,양념류,약고추장,52.0,8
D180007,장류,양념류,양념간장,9.0,4
D180008,장류,양념류,양념간장(참기름),11.0,5
D180009,장류,양념류,참기름장,6.0,2
D180018,장류,양념류,간장양념장,20.0,7
D180052,장류,양념류,고추장찌개장,172.0,10
D180059,장류,양념류,김치양념장,121.0,9
D180071,장류,양념류,닭살양념(초교탕),30.1,6
D180086,장류,양념류,된장찌개장,200.0,6
D180124,장류,양념류,쇠고기 양념(토란탕),6.1,5
D180130,장류,양념류,쇠고기양념(김치밥),10.6,7
D180136,장류,양념류,쇠고기양념(홍합초),18.5,6
D180183,장류,양념류,양념(콩나물잡채),115.0,6
D180197,장류,양념류,양념장(가지나물),4.8,5
D180208,장류,양념류,양념장(김치밥),11.5,5
D180229,장류,양념류,양념장(마밥),72.0,6
D180240,장류,양념류,양념장(버섯밥),18.9,6
D180254,장류,양념류,양념장(순두부찌개),60.0,4
D180257,장류,양념류,양념장(언양불고기),134.5,8
D180289,장류,양념류,젓갈양념장,20.0,4
D180295,장류,양념류,조림장(홍합초),165.5,7
D180306,장류,양념류,초간장,40.0,3
D180314,장류,양념류,초간장(배추전),22.0,2
D180318,장류,양념류,초고추장,200.0,4
D180324,장류,양념류,초고추장(미나리강회),15.0,3
D180335,장류,양념류,콩나물 양념(전주콩나물국밥),92.0,5
D180339,장류,양념류,양념장(순두부찌개),10.0,4
D180340,장류,양념류,간장양념장,15.3,7
D180341,장류,양념류,초간장(배추전),10.0,2
D180342,장류,양념류,고추장(재래),100.0,1
D180343,장류,양념류,된장(재래),100.0,1
D180344,장류,양념류,청국장,100.0,1
D180345,장류,양념류,양념고추장,93.0,5
D180346,장류,양념류,늙은 호박 강된장,246.0,11
D190001,우유 및 유제품류,우유 및 유제품류,밀크쉐이크,94.0,4
D190002,우유 및 유제품류,우유 및 유제품류,아이스크림(바닐라),100.0,1
D190003,우유 및 유제품류,우유 및 유제품류,요구르트(액상),130.0,2
D190004,우유 및 유제품류,우유 및 유제품류,우유,200.0,1
D190005,우유 및 유제품류,우유 및 유제품류,치즈(체다),20.0,1
D190010,우유 및 유제품류,우유 및 유제품류,잡곡 쉐이크,221.0,3
D190011,우유 및 유제품류,우유 및 유제품류,우유(저지방),200.0,1
D190017,우유 및 유제품류,우유 및 유제품류,우유,150.0,1
D190018,우유 및 유제품류,우유 및 유제품류,요구르트(액상),65.0,1
D190019,우유 및 유제품류,우유 및 유제품류,요구르트(액상),82.0,1
D190020,우유 및 유제품류,우유 및 유제품류,우유(저지방),150.0,1
D190023,우유 및 유제품류,우유 및 유제품류,우유(저지방),100.0,1
D190024,우유 및 유제품류,우유 및 유제품류,분유(1단계),100.0,1
D190025,우유 및 유제품류,우유 및 유제품류,분유(2단계),100.0,1
D190026,우유 및 유제품류,우유 및 유제품류,분유(3단계),100.0,1
D190027,우유 및 유제품류,우유 및 유제품류,분유(전지),100.0,1
D190028,우유 및 유제품류,우유 및 유제품류,분유(탈지),100.0,1
D190029,우유 및 유제품류,우유 및 유제품류,산양유,100.0,1
D190030,우유 및 유제품류,우유 및 유제품류,샤베트,100.0,1
D190031,우유 및 유제품류,우유 및 유제품류,아이스밀크,100.0,1
D190034,우유 및 유제품류,우유 및 유제품류,연유,100.0,1
D190035,우유 및 유제품류,우유 및 유제품류,"요구르트(액상,딸기맛)",100.0,1
D190036,우유 및 유제품류,우유 및 유제품류,"요구르트(액상,플레인)",100.0,1
D190037,우유 및 유제품류,우유 및 유제품류,"요구르트(호상,딸기맛)",100.0,1
D190038,우유 및 유제품류,우유 및 유제품류,"요구르트(호상,플레인)",100.0,1
D190039,우유 및 유제품류,우유 및 유제품류,"요구르트(호상,망고맛)",100.0,1
D190040,우유 및 유제품류,우유 및 유제품류,우유(딸기맛),200.0,1
D190041,우유 및 유제품류,우유 및 유제품류,우유(초코맛),200.0,1
D190042,우유 및 유제품류,우유 및 유제품류,우유(커피맛),200.0,1
D190043,우유 및 유제품류,우유 및 유제품류,우유(바나나맛),200.0,1
D190044,우유 및 유제품류,우유 및 유제품류,우유(고칼슘),200.0,1
D190045,우유 및 유제품류,우유 및 유제품류,우유(저지방우유),200.0,1
D190046,우유 및 유제품류,우유 및 유제품류,치즈(모짜렐라),100.0,1
D190047,우유 및 유제품류,우유 및 유제품류,치즈(카테지),100.0,1
D190048,우유 및 유제품류,우유 및 유제품류,치즈(크림),100.0,1
D190049,우유 및 유제품류,우유 및 유제품류,치즈(파마산),100.0,1
D190050,우유 및 유제품류,우유 및 유제품류,치즈(블루),100.0,1
D190051,우유 및 유제품류,우유 및 유제품류,치즈(브리),100.0,1
D190052,우유 및 유제품류,우유 및 유제품류,치즈(까망베르),100.0,1
D190053,우유 및 유제품류,우유 및 유제품류,치즈(고다),100.0,1
D190054,우유 및 유제품류,우유 및 유제품류,치즈(브릭),100.0,1
D190055,우유 및 유제품류,우유 및 유제품류,치즈(리코타),100.0,1
D190056,우유 및 유제품류,우유 및 유제품류,생크림,100.0,1
D190057,우유 및 유제품류,우유 및 유제품류,딸기요거트아이스크림,176.0,5
D190058,우유 및 유제품류,우유 및 유제품류,리코타치즈,50.2,4
D190059,우유 및 유제품류,우유 및 유제품류,복숭아라씨,215.1,6
D190060,우유 및 유제품류,우유 및 유제품류,우유 아이스크림,65.0,5
D190061,우유 및 유제품류,우유 및 유제품류,우유과일푸딩,163.2,5
D190062,우유 및 유제품류,우유 및 유제품류,녹차귀리라떼,643.5,11
D200001,음료류,과채류,당근주스(캔),100.0,1
D200002,음료류,과채류,사과주스,200.0,1
D200003,음료류,과채류,오렌지주스,200.0,1
D200004,음료류,과채류,토마토주스,200.0,1
D200005,음료류,과채류,포도주스(천연과즙),200.0,1
D200007,음료류,과채류,알로에음료,100.0,1
D200008,음료류,과채류,호박즙,100.0,1
D200009,음료류,과채류,감주스,100.0,1
D200010,음료류,과채류,구아바주스,100.0,1
D200011,음료류,과채류,귤주스(천연과즙),100.0,1
D200012,음료류,과채류,라임주스(천연과즙),100.0,1
D200013,음료류,과채류,레몬과즙,100.0,1
D200014,음료류,과채류,머루주스,100.0,1
D200015,음료류,과채류,배즙,100.0,1
D200016,음료류,과채류,배 음료(캔),100.0,1
D200017,음료류,과채류,사과음료,100.0,1
D200018,음료류,과채류,유자(과육),100.0,1
D200019,음료류,과채류,자몽주스(천연과즙),100.0,1
D200020,음료류,과채류,크랜베리주스,100.0,1
D200021,음료류,과채류,키위주스,100.0,1
D200022,음료류,과채류,파인애플주스,100.0,1
D200023,음료류,과채류,백향과주스(천연과즙),100.0,1
D200024,음료류,과채류,과일채소(음료),100.0,1
D200025,음료류,과채류,배숙,1085.0,5
D201001,음료류,기타 음료류,두유,200.0,1
D201003,음료류,기타 음료류,화채(수박),150.0,2
D201009,음료류,기타 음료류,미숫가루,245.0,7
D201014,음료류,기타 음료류,안동식혜,15555.0,8
D201022,음료류,기타 음료류,호박식혜,249.0,6
D201023,음료류,기타 음료류,매실음료,100.0,1
D201024,음료류,기타 음료류,칡즙,100.0,1
D201025,음료류,기타 음료류,코코넛밀크,100.0,1
D201026,음료류,기타 음료류,커피(무카페인),100.0,1
D201027,음료류,기타 음료류,아메리카노(2샷),100.0,1
D201028,음료류,기타 음료류,커피(에스프레소),100.0,1
D201029,음료류,기타 음료류,기능성음료,100.0,1
D201030,음료류,기타 음료류,레모네이드,100.0,1
D201031,음료류,기타 음료류,쉐이크(딸기맛),100.0,1
D201032,음료류,기타 음료류,쉐이크(바닐라맛),100.0,1
D201033,음료류,기타 음료류,쉐이크(초콜릿맛),100.0,1
D201034,음료류,기타 음료류,식혜(캔),100.0,1
D201035,음료류,기타 음료류,쌀음료,100.0,1
D201036,음료류,기타 음료류,이온음료(레몬향),100.0,1
D201037,음료류,기타 음료류,탄산음료(레몬소다),100.0,1
D201038,음료류,기타 음료류,탄산음료(보리소다),100.0,1
D201039,음료류,기타 음료류,탄산음료(사이다),100.0,1
D201040,음료류,기타 음료류,탄산음료(소다수),100.0,1
D201041,음료류,기타 음료류,탄산음료(오렌지소다),100.0,1
D201042,음료류,기타 음료류,탄산음료(요구르트소다),100.0,1
D201043,음료류,기타 음료류,탄산음료(저칼로리콜라),100.0,1
D201044,음료류,기타 음료류,탄산음료(진저에일),100.0,1
D201045,음료류,기타 음료류,탄산음료(콜라),100.0,1
D201047,음료류,기타 음료류,탄산음료(파인애플소다),100.0,1
D201048,음료류,기타 음료류,탄산음료(포도소다),100.0,1
D201049,음료류,기타 음료류,토닉워터,100.0,1
D201050,음료류,기타 음료류,두유(검은콩),100.0,1
D201051,음료류,기타 음료류,"두유(검은콩,검은참깨)",100.0,1
D201052,음료류,기타 음료류,두유(콩국물),100.0,1
D201053,음료류,기타 음료류,참외스무디,245.0,5
D203001,음료류,차류,결명자차,2.0,1
D203002,음료류,차류,녹차,2.0,1
D203003,음료류,차류,녹차(현미),15.0,1
D203004,음료류,차류,보리차,100.0,1
D203005,음료류,차류,수정과,64.0,6
D203006,음료류,차류,식혜,44.0,3
D203007,음료류,차류,쌍화차,15.0,2
D203008,음료류,차류,오미자차,5.0,1
D203009,음료류,차류,율무차,15.0,1
D203010,음료류,차류,커피(인스턴트),100.0,1
D203011,음료류,차류,커피(캔),200.0,1
D203012,음료류,차류,"코코아(밀크코코아, 가루 )",15.0,1
D203019,음료류,차류,감잎차(가루),100.0,1
D203020,음료류,차류,계피차(가루),100.0,1
D203021,음료류,차류,구기자차(말린것),100.0,1
D203022,음료류,차류,구절초차(말린것),100.0,1
D203023,음료류,차류,국화차(말린것),100.0,1
D203024,음료류,차류,녹차라떼(가루),100.0,1
D203025,음료류,차류,다래나무순차(추출),100.0,1
D203026,음료류,차류,대추차(추출),100.0,1
D203027,음료류,차류,도라지차(추출),100.0,1
D203028,음료류,차류,두충차(가루),100.0,1
D203029,음료류,차류,둥글레차(추출),100.0,1
D203030,음료류,차류,둥글레차(티백),100.0,1
D203031,음료류,차류,민들레차,100.0,1
D203032,음료류,차류,보이차,100.0,1
D203033,음료류,차류,사과차,100.0,1
D203034,음료류,차류,상지차,100.0,1
D203035,음료류,차류,생강차(가루),100.0,1
D203036,음료류,차류,쑥차(말린것),100.0,1
D203037,음료류,차류,야콘차(추출),100.0,1
D203038,음료류,차류,우롱차(추출),100.0,1
D203039,음료류,차류,우롱차(캔),100.0,1
D203040,음료류,차류,유자차(당절임),200.0,2
D203041,음료류,차류,인삼차(가루),100.0,1
D203042,음료류,차류,치커리차(말린것),100.0,1
D203043,음료류,차류,카모마일차(추출),100.0,1
D203044,음료류,차류,헛개차,100.0,1
D203045,음료류,차류,홍삼차(가루),100.0,1
D203046,음료류,차류,홍차(추출),100.0,1
D203047,음료류,차류,홍차(티백),100.0,1
D203048,음료류,차류,생강차(당절임),100.0,1
D203049,음료류,차류,홍삼차(액상),100.0,1
D203050,음료류,차류,"홍차(복숭아,가루)",100.0,1
D203051,음료류,차류,생강대추차,36.0,4
D211001,과일 및 과일가공품,과일류,감(단감),100.0,1
D211002,과일 및 과일가공품,과일류,감(연시),100.0,1
D211003,과일 및 과일가공품,과일류,구아바,100.0,1
D211004,과일 및 과일가공품,과일류,귤,100.0,1
D211005,과일 및 과일가공품,과일류,금귤,100.0,1
D211006,과일 및 과일가공품,과일류,다래,100.0,1
D211007,과일 및 과일가공품,과일류,대추(말린것),10.0,1
D211008,과일 및 과일가공품,과일류,딸기,200.0,1
D211009,과일 및 과일가공품,과일류,라임,100.0,1
D211010,과일 및 과일가공품,과일류,레몬,100.0,1
D211011,과일 및 과일가공품,과일류,매실,100.0,1
D211012,과일 및 과일가공품,과일류,머루,100.0,1
D211013,과일 및 과일가공품,과일류,멜론,100.0,1
D211014,과일 및 과일가공품,과일류,모과,100.0,1
D211015,과일 및 과일가공품,과일류,무화과,100.0,1
D211016,과일 및 과일가공품,과일류,바나나,100.0,1
D211017,과일 및 과일가공품,과일류,버찌,100.0,1
D211018,과일 및 과일가공품,과일류,복숭아(백도),100.0,1
D211019,과일 및 과일가공품,과일류,블루베리,100.0,1
D211020,과일 및 과일가공품,과일류,산딸기,100.0,1
D211021,과일 및 과일가공품,과일류,살구,100.0,1
D211022,과일 및 과일가공품,과일류,석류,100.0,1
D211023,과일 및 과일가공품,과일류,수박,200.0,1
D211024,과일 및 과일가공품,과일류,아보카도,100.0,1
D211025,과일 및 과일가공품,과일류,앵두,100.0,1
D211026,과일 및 과일가공품,과일류,엘더베리,100.0,1
D211027,과일 및 과일가공품,과일류,오디,100.0,1
D211028,과일 및 과일가공품,과일류,오렌지,100.0,1
D211029,과일 및 과일가공품,과일류,자두,100.0,1
D211030,과일 및 과일가공품,과일류,참외,100.0,1
D211031,과일 및 과일가공품,과일류,코코넛(말린것),13.0,1
D211032,과일 및 과일가공품,과일류,크랜베리,100.0,1
D211033,과일 및 과일가공품,과일류,키위,100.0,1
D211034,과일 및 과일가공품,과일류,파인애플,100.0,1
D211036,과일 및 과일가공품,과일류,파파야,100.0,1
D211037,과일 및 과일가공품,과일류,포도(거봉),100.0,1
D211039,과일 및 과일가공품,과일류,수박,150.0,1
D211040,과일 및 과일가공품,과일류,포도(거봉),120.0,1
D211041,과일 및 과일가공품,과일류,사과(아오리),120.0,1
D211042,과일 및 과일가공품,과일류,사과,120.0,1
D211043,과일 및 과일가공품,과일류,감(단감),120.0,1
D211047,과일 및 과일가공품,과일류,배,100.0,1
D211048,과일 및 과일가공품,과일류,복숭아(백도),80.0,1
D211049,과일 및 과일가공품,과일류,멜론,160.0,1
D211050,과일 및 과일가공품,과일류,복숭아(황도),150.0,1
D211051,과일 및 과일가공품,과일류,바나나,120.0,1
D211052,과일 및 과일가공품,과일류,감(연시),110.0,1
D211053,과일 및 과일가공품,과일류,사과,50.0,1
D211054,과일 및 과일가공품,과일류,포도(거봉),70.0,1
D211058,과일 및 과일가공품,과일류,감(대봉),100.0,1
D211059,과일 및 과일가공품,과일류,감(둥시),100.0,1
D211060,과일 및 과일가공품,과일류,구즈베리(생것),100.0,1
D211061,과일 및 과일가공품,과일류,레드향,100.0,1
D211062,과일 및 과일가공품,과일류,신예감,100.0,1
D211063,과일 및 과일가공품,과일류,천혜향,100.0,1
D211064,과일 및 과일가공품,과일류,한라봉,100.0,1
D211065,과일 및 과일가공품,과일류,황금향,100.0,1
D211066,과일 및 과일가공품,과일류,두리안(생것),100.0,1
D211067,과일 및 과일가공품,과일류,라즈베리(냉동),100.0,1
D211068,과일 및 과일가공품,과일류,라즈베리(생것),100.0,1
D211069,과일 및 과일가공품,과일류,리치,100.0,1
D211070,과일 및 과일가공품,과일류,망고,100.0,1
D211071,과일 및 과일가공품,과일류,애플망고,100.0,1
D211072,과일 및 과일가공품,과일류,망고음료,100.0,1
D211073,과일 및 과일가공품,과일류,망고스틴,100.0,1
D211074,과일 및 과일가공품,과일류,복분자,100.0,1
D211075,과일 및 과일가공품,과일류,복숭아(천도),100.0,1
D211076,과일 및 과일가공품,과일류,복숭아(황도),100.0,1
D211077,과일 및 과일가공품,과일류,블랙베리,100.0,1
D211078,과일 및 과일가공품,과일류,블랙커런트,100.0,1
D211079,과일 및 과일가공품,과일류,비파,100.0,1
D211080,과일 및 과일가공품,과일류,사과(부사),100.0,1
D211081,과일 및 과일가공품,과일류,사과(아오리),100.0,1
D211082,과일 및 과일가공품,과일류,사과(홍옥),100.0,1
D211083,과일 및 과일가공품,과일류,"산수유(열매,생것)",100.0,1
D211084,과일 및 과일가공품,과일류,아떼모야,100.0,1
D211085,과일 및 과일가공품,과일류,아로니아,100.0,1
D211086,과일 및 과일가공품,과일류,애플수박,100.0,1
D211087,과일 및 과일가공품,과일류,오미자(생것),100.0,1
D211088,과일 및 과일가공품,과일류,용과(백육종),100.0,1
D211089,과일 및 과일가공품,과일류,용과(적육종),100.0,1
D211090,과일 및 과일가공품,과일류,용과(황색종),100.0,1
D211091,과일 및 과일가공품,과일류,으름,100.0,1
D211092,과일 및 과일가공품,과일류,자몽,100.0,1
D211093,과일 및 과일가공품,과일류,잭프루트,100.0,1
D211094,과일 및 과일가공품,과일류,체리,100.0,1
D211095,과일 및 과일가공품,과일류,골드키위,100.0,1
D211096,과일 및 과일가공품,과일류,백향과,100.0,1
D211097,과일 및 과일가공품,과일류,샤인머스켓,100.0,1
D211098,과일 및 과일가공품,과일류,포도(캠벨엘리),100.0,1
D211099,과일 및 과일가공품,과일류,플럼코트,100.0,1
D211100,과일 및 과일가공품,과일류,귤 프리저브,52.0,5
D211101,과일 및 과일가공품,과일류,쌀푸딩,214.0,9
D212035,과일 및 과일가공품,가공품류,파인애플(통조림),100.0,1
D212038,과일 및 과일가공품,가공품류,프루트칵테일(통조림),100.0,1
D212039,과일 및 과일가공품,가공품류,감잼(단감),100.0,1
D212040,과일 및 과일가공품,가공품류,곶감,100.0,1
D212041,과일 및 과일가공품,가공품류,귤(통조림),100.0,1
D212042,과일 및 과일가공품,가공품류,귤잼,100.0,1
D212043,과일 및 과일가공품,가공품류,딸기(말린것),100.0,1
D212044,과일 및 과일가공품,가공품류,딸기잼,100.0,1
D212045,과일 및 과일가공품,가공품류,람부탄(통조림),100.0,1
D212046,과일 및 과일가공품,가공품류,매실청,100.0,1
D212047,과일 및 과일가공품,가공품류,매실절임,100.0,1
D212048,과일 및 과일가공품,가공품류,무화과(통조림),100.0,1
D212049,과일 및 과일가공품,가공품류,바나나(말린것),100.0,1
D212050,과일 및 과일가공품,가공품류,바나나칩,100.0,1
D212051,과일 및 과일가공품,가공품류,버찌(통조림),100.0,1
D212052,과일 및 과일가공품,가공품류,복숭아(통조림),100.0,1
D212053,과일 및 과일가공품,가공품류,황도복숭아(통조림),100.0,1
D212054,과일 및 과일가공품,가공품류,복숭아잼,100.0,1
D212055,과일 및 과일가공품,가공품류,블루베리(말린것),100.0,1
D212056,과일 및 과일가공품,가공품류,블루베리(통조림),100.0,1
D212057,과일 및 과일가공품,가공품류,블루베리잼,100.0,1
D212058,과일 및 과일가공품,가공품류,비파(통조림),100.0,1
D212059,과일 및 과일가공품,가공품류,사과(통조림),100.0,1
D212060,과일 및 과일가공품,가공품류,사과잼,100.0,1
D212061,과일 및 과일가공품,가공품류,산수유(말린것),100.0,1
D212062,과일 및 과일가공품,가공품류,살구(말린것),100.0,1
D212063,과일 및 과일가공품,가공품류,살구(통조림),100.0,1
D212064,과일 및 과일가공품,가공품류,살구잼,100.0,1
D212065,과일 및 과일가공품,가공품류,올리브피클(검은색),100.0,1
D212066,과일 및 과일가공품,가공품류,올리브피클(초록색),100.0,1
D212067,과일 및 과일가공품,가공품류,자두(말린것),100.0,1
D212068,과일 및 과일가공품,가공품류,잭프루트(통조림),100.0,1
D212069,과일 및 과일가공품,가공품류,체리(통조림),100.0,1
D212070,과일 및 과일가공품,가공품류,크랜베리(말린것),100.0,1
D212071,과일 및 과일가공품,가공품류,건포도,100.0,1
D212072,과일 및 과일가공품,가공품류,포도(통조림),100.0,1
D212073,과일 및 과일가공품,가공품류,포도잼,100.0,1
D212074,과일 및 과일가공품,가공품류,프루트샐러드(통조림),100.0,1
D212076,과일 및 과일가공품,가공품류,프루트펀치(통조림),100.0,1
D212078,과일 및 과일가공품,가공품류,귤젤리,102.2,4
D212079,과일 및 과일가공품,가공품류,대추모과잼,32.0,5
D230001,떡류,떡류,가래떡,150.0,1
D230002,떡류,떡류,개피떡,150.0,1
D230003,떡류,떡류,개피떡(쑥),150.0,1
D230004,떡류,떡류,경단(카스텔라),130.0,1
D230005,떡류,떡류,꿀떡,150.0,1
D230006,떡류,떡류,백설기,130.0,1
D230007,떡류,떡류,송편(깨),140.0,1
D230008,떡류,떡류,시루떡(멥쌀),170.0,1
D230009,떡류,떡류,시루떡(찹쌀),170.0,1
D230010,떡류,떡류,인절미,130.0,1
D230011,떡류,떡류,절편,140.0,1
D230013,떡류,떡류,찹쌀떡,130.0,1
D230018,떡류,떡류,고추장떡(장떡),117.8,7
D230035,떡류,떡류,빙떡,200.6,7
D230038,떡류,떡류,송기떡(송구떡),436.6,4
D230043,떡류,떡류,수수제비치(수수부꾸미),185.9,5
D230047,떡류,떡류,"우메기떡(개성주악, 우매기)",280.1,9
D230050,떡류,떡류,증편,224.5,6
D230060,떡류,떡류,가래떡(흑미),100.0,1
D230061,떡류,떡류,무지개떡(멥쌀),100.0,1
D230062,떡류,떡류,백설기(검정콩),100.0,1
D230063,떡류,떡류,송편(검정콩),100.0,1
D230064,떡류,떡류,송편(팥),100.0,1
D230065,떡류,떡류,모싯잎송편(동부),100.0,1
D230067,떡류,떡류,수수떡,100.0,1
D230068,떡류,떡류,찹쌀떡(경단 카스텔라),100.0,1
D230069,떡류,떡류,모듬찰떡,100.0,1
D230070,떡류,떡류,찹쌀떡(약식),100.0,1
D230071,떡류,떡류,인절미(팥고물),100.0,1
D230072,떡류,떡류,찰시루떡,100.0,1
D230073,떡류,떡류,백편,1492.0,7
D230074,떡류,떡류,기장밥 인절미,134.5,7
D230075,떡류,떡류,메밀범벅,121.5,6
D230076,떡류,떡류,무화과소스를 곁들인 찹쌀구이떡,162.4,11
D230077,떡류,떡류,밤 설기,97.3,6
D230078,떡류,떡류,보리밥장떡,174.0,9
D230079,떡류,떡류,보리빈대떡,219.0,13
D230080,떡류,떡류,쑥찰떡구이,44.7,10
D230081,떡류,떡류,오색송편,91.3,11
D230082,떡류,떡류,율무범벅,179.0,6
D230083,떡류,떡류,홍시 찰떡,58.1,7
D281001,원재료,감자 및 전분류,감자(삶은것),130.0,1
D281002,원재료,감자 및 전분류,감자(생것),75.0,1
D281003,원재료,감자 및 전분류,고구마(찐것),140.0,1
D281009,원재료,감자 및 전분류,메밀묵,100.0,1
D281010,원재료,감자 및 전분류,찰옥수수(삶은것),100.0,1
D281011,원재료,감자 및 전분류,옥수수묵,100.0,1
D281012,원재료,감자 및 전분류,자색감자(생것),100.0,1
D281013,원재료,감자 및 전분류,자색감자(삶은것),100.0,1
D281014,원재료,감자 및 전분류,보라밸리 감자(생것),100.0,1
D281015,원재료,감자 및 전분류,보라밸리 감자(삶은것),100.0,1
D281016,원재료,감자 및 전분류,로즈밸리 감자(생것),100.0,1
D281017,원재료,감자 및 전분류,로즈밸리 감자(삶은것),100.0,1
D281018,원재료,감자 및 전분류,고구마(생것),100.0,1
D281019,원재료,감자 및 전분류,돼지감자(생것),100.0,1
D281020,원재료,감자 및 전분류,돼지감자(삶은것),100.0,1
D281021,원재료,감자 및 전분류,"마(생것,단마)",100.0,1
D281022,원재료,감자 및 전분류,"마(생것,장마)",100.0,1
D281023,원재료,감자 및 전분류,"마(삶은것,장마)",100.0,1
D281024,원재료,감자 및 전분류,"마(생것,둥근마)",100.0,1
D281025,원재료,감자 및 전분류,천마(생것),100.0,1
D281026,원재료,감자 및 전분류,천마(찐것),100.0,1
D281027,원재료,감자 및 전분류,칡뿌리(생것),100.0,1
D281028,원재료,감자 및 전분류,토란(생것),100.0,1
D281029,원재료,감자 및 전분류,토란(삶은것),100.0,1
D281030,원재료,감자 및 전분류,토란(찐것),100.0,1
D281031,원재료,감자 및 전분류,얌빈(생것),100.0,1
D281032,원재료,감자 및 전분류,얌빈(삶은것),100.0,1
D281033,원재료,감자 및 전분류,녹두묵,100.0,1
D281034,원재료,감자 및 전분류,도토리묵,100.0,1
D282001,원재료,견과 및 종실류,땅콩(볶은것),13.0,1
D282002,원재료,견과 및 종실류,밤(생것),60.0,1
D282005,원재료,견과 및 종실류,땅콩(조미),100.0,1
D282006,원재료,견과 및 종실류,마카다미아넛(조미),100.0,1
D282007,원재료,견과 및 종실류,밤(삶은것),100.0,1
D282008,원재료,견과 및 종실류,브라질너트(말린것),100.0,1
D282009,원재료,견과 및 종실류,브라질너트(볶은것),100.0,1
D282010,원재료,견과 및 종실류,아몬드(말린것),100.0,1
D282011,원재료,견과 및 종실류,아몬드(볶은것),100.0,1
D282012,원재료,견과 및 종실류,아몬드(조미),100.0,1
D282013,원재료,견과 및 종실류,은행(생것),100.0,1
D282014,원재료,견과 및 종실류,은행(삶은것),100.0,1
D282015,원재료,견과 및 종실류,은행(볶은것),100.0,1
D282016,원재료,견과 및 종실류,잣(생것),100.0,1
D282017,원재료,견과 및 종실류,잣(볶은것),100.0,1
D282018,원재료,견과 및 종실류,캐슈넛(조미),100.0,1
D282019,원재료,견과 및 종실류,코코넛(볶은것),100.0,1
D282020,원재료,견과 및 종실류,피스타치오넛(말린것),100.0,1
D282021,원재료,견과 및 종실류,피스타치오넛(볶은것),100.0,1
D282022,원재료,견과 및 종실류,"피스타치오넛(조미,볶은것)",100.0,1
D282023,원재료,견과 및 종실류,피칸(말린것),100.0,1
D282024,원재료,견과 및 종실류,"피칸(조미,볶은것)",100.0,1
D282025,원재료,견과 및 종실류,해바라기씨(말린것),100.0,1
D282026,원재료,견과 및 종실류,"해바라기씨(조미,볶은것)",100.0,1
D282027,원재료,견과 및 종실류,호두(말린것),100.0,1
D282028,원재료,견과 및 종실류,호두(볶은것),100.0,1
D282029,원재료,견과 및 종실류,호박씨(말린것),100.0,1
D282030,원재료,견과 및 종실류,"호박씨(조미,볶은것)",100.0,1
D282031,원재료,견과 및 종실류,대추(생것),100.0,1
D284001,원재료,난류,계란(삶은것),50.0,1
D284002,원재료,난류,계란(생것),50.0,1
D284003,원재료,난류,메추리알(삶은것),50.0,1
D284004,원재료,난류,거위알(생것),100.0,1
D284005,원재료,난류,거위알(삶은것),100.0,1
D284006,원재료,난류,수란(중탕),100.0,1
D284007,원재료,난류,스크램에그,100.0,1
D284008,원재료,난류,오리알(생것),100.0,1
D284009,원재료,난류,오리알(삶은것),100.0,1
D285001,원재료,당류,껌(추잉껌),3.0,1
D285002,원재료,당류,사탕(드롭스),3.0,1
D285003,원재료,당류,초콜릿(밀크초콜릿),28.0,1
D285010,원재료,당류,꿀,100.0,1
D285011,원재료,당류,조청(감),100.0,1
D285012,원재료,당류,조청(고구마),100.0,1
D285013,원재료,당류,조청(도라지),100.0,1
D285014,원재료,당류,조청(배),100.0,1
D285015,원재료,당류,조청(산수유),100.0,1
D285016,원재료,당류,조청(쌀),100.0,1
D285017,원재료,당류,조청(오가피),100.0,1
D286001,원재료,두류,두부,80.0,1
D286002,원재료,두류,두부(연두부),80.0,1
D286005,원재료,두류,유부,100.0,1
D286006,원재료,두류,비지,100.0,1
D286007,원재료,두류,잣두부,100.0,1
D286008,원재료,두류,팥묵,222.1,11
D287001,원재료,소스류,돈가스 소스,20.0,1
D287002,원재료,소스류,마요네즈,10.0,1
D287004,원재료,소스류,카레소스,20.0,1
D287005,원재료,소스류,토마토소스(케첩),20.0,1
D287006,원재료,소스류,핫소스,20.0,1
D287030,원재료,소스류,소스(삼채 샐러드),183.5,4
D287035,원재료,소스류,굴소스,100.0,1
D287036,원재료,소스류,돈까스소스,100.0,1
D287037,원재료,소스류,바비큐소스,100.0,1
D287038,원재료,소스류,샐러드드레싱(사우전드아일랜드),100.0,1
D287039,원재료,소스류,샐러드드레싱(이탈리안),100.0,1
D287040,원재료,소스류,샐러드드레싱(프렌치),100.0,1
D287041,원재료,소스류,스파게티소스,100.0,1
D287042,원재료,소스류,우스터소스,100.0,1
D287043,원재료,소스류,짜장소스,100.0,1
D287044,원재료,소스류,춘장,100.0,1
D287045,원재료,소스류,칠리소스,100.0,1
D288001,원재료,어패류 및 수산물가공품,게맛살,30.0,1
D288002,원재료,어패류 및 수산물가공품,고등어(통조림),60.0,1
D288003,원재료,어패류 및 수산물가공품,멸치(중멸치),15.0,1
D288004,원재료,어패류 및 수산물가공품,오징어(마른것),18.0,1
D288006,원재료,어패류 및 수산물가공품,참다랑어샐러드,100.0,1
D288007,원재료,어패류 및 수산물가공품,방어(훈제통조림),100.0,1
D288008,원재료,어패류 및 수산물가공품,송어(통조림),100.0,1
D288009,원재료,어패류 및 수산물가공품,연어(훈제),100.0,1
D288010,원재료,어패류 및 수산물가공품,연어(통조림),100.0,1
D288011,원재료,어패류 및 수산물가공품,전갱이(통조림),100.0,1
D288012,원재료,어패류 및 수산물가공품,정어리(통조림),100.0,1
D288013,원재료,어패류 및 수산물가공품,가리비(통조림),100.0,1
D288014,원재료,어패류 및 수산물가공품,굴(통조림),100.0,1
D288015,원재료,어패류 및 수산물가공품,굴(훈제통조림),100.0,1
D288016,원재료,어패류 및 수산물가공품,굴(생것),100.0,1
D288017,원재료,어패류 및 수산물가공품,바지락(장조림),100.0,1
D288018,원재료,어패류 및 수산물가공품,바지락(통조림),100.0,1
D288019,원재료,어패류 및 수산물가공품,백합(통조림),100.0,1
D288020,원재료,어패류 및 수산물가공품,소라(통조림),100.0,1
D288021,원재료,어패류 및 수산물가공품,전복(통조림),100.0,1
D288022,원재료,어패류 및 수산물가공품,조개(통조림),100.0,1
D288023,원재료,어패류 및 수산물가공품,홍합(통조림),100.0,1
D288024,원재료,어패류 및 수산물가공품,대게(통조림),100.0,1
D288025,원재료,어패류 및 수산물가공품,새우(장조림),100.0,1
D288026,원재료,어패류 및 수산물가공품,시바새우(통조림),100.0,1
D288027,원재료,어패류 및 수산물가공품,성게(통조림),100.0,1
D288028,원재료,어패류 및 수산물가공품,꽁치(통조림),100.0,1
D289001,원재료,유지류,마가린,6.0,1
D289002,원재료,유지류,버터,6.0,1
D289003,원재료,유지류,들기름,100.0,1
D289004,원재료,유지류,땅콩버터,100.0,1
D289005,원재료,유지류,아보카도유,100.0,1
D289006,원재료,유지류,올리브유,100.0,1
D289007,원재료,유지류,참기름,100.0,1
D291001,원재료,조미로류,소금,2.0,1
D291002,원재료,조미로류,"소금(파, 마늘)",7.0,3
D291011,원재료,조미로류,촛물(마밥),107.0,1
D291012,원재료,조미로류,겨자페이스트,100.0,1
D291013,원재료,조미로류,고춧가루,100.0,1
D291014,원재료,조미로류,깨소금,100.0,1
D291015,원재료,조미로류,맛술,100.0,1
D291016,원재료,조미로류,발사믹식초,100.0,1
D291017,원재료,조미로류,생강페이스트,100.0,1
D291018,원재료,조미로류,식초,100.0,1
D291019,원재료,조미로류,월계수잎(말린것),100.0,1
D291020,원재료,조미로류,타임,100.0,1
D291021,원재료,조미로류,후추,100.0,1
D292001,원재료,채소류,깐마늘,12.0,1
D292002,원재료,채소류,깻잎,5.0,1
D292003,원재료,채소류,당근,70.0,1
D292004,원재료,채소류,무,70.0,1
D292005,원재료,채소류,방울토마토,140.0,1
D292006,원재료,채소류,배추,70.0,1
D292007,원재료,채소류,상추(청상추),15.0,1
D292008,원재료,채소류,쑥갓,30.0,1
D292009,원재료,채소류,아스파라거스(통조림),60.0,1
D292010,원재료,채소류,양배추,30.0,1
D292011,원재료,채소류,양파,15.0,1
D292012,원재료,채소류,오이,70.0,1
D292013,원재료,채소류,콩잎,15.0,1
D292014,원재료,채소류,토마토,200.0,1
D292015,원재료,채소류,파슬리,10.0,1
D292016,원재료,채소류,풋고추,70.0,1
D292017,원재료,채소류,호박잎(데친것),50.0,1
D292019,원재료,채소류,고수,100.0,1
D292020,원재료,채소류,꽈리고추,100.0,1
D292021,원재료,채소류,오이고추(생것),100.0,1
D292022,원재료,채소류,청양고추(생것),100.0,1
D292023,원재료,채소류,"꽃양배추(콜리플라워,생것)",100.0,1
D292024,원재료,채소류,"꽃양배추(콜리플라워,데친것)",100.0,1
D292025,원재료,채소류,당귀(생것),100.0,1
D292027,원재료,채소류,돌나물(생것),100.0,1
D292028,원재료,채소류,두릅(생것),100.0,1
D292029,원재료,채소류,두릅(데친것),100.0,1
D292030,원재료,채소류,땅두릅(생것),100.0,1
D292031,원재료,채소류,땅두릅(데친것),100.0,1
D292032,원재료,채소류,루꼴라(생것),100.0,1
D292033,원재료,채소류,리크(생것),100.0,1
D292034,원재료,채소류,리크(데친것),100.0,1
D292035,원재료,채소류,통마늘(구운것),100.0,1
D292036,원재료,채소류,마늘종(생것),100.0,1
D292037,원재료,채소류,머위(생것),100.0,1
D292038,원재료,채소류,머위(데친것),100.0,1
D292039,원재료,채소류,무순(생것),100.0,1
D292040,원재료,채소류,돌미나리(생것),100.0,1
D292041,원재료,채소류,돌미나리(데친것),100.0,1
D292042,원재료,채소류,미니파프리카(주황색),100.0,1
D292043,원재료,채소류,미니파프리카(노란색),100.0,1
D292044,원재료,채소류,미나파프리카(빨간색),100.0,1
D292045,원재료,채소류,바질(생것),100.0,1
D292046,원재료,채소류,바질(데친것),100.0,1
D292047,원재료,채소류,박고지(말린것),100.0,1
D292048,원재료,채소류,방울다다기양배추(생것),100.0,1
D292049,원재료,채소류,방울다다기양배추(데친것),100.0,1
D292050,원재료,채소류,배암차즈기(생것),100.0,1
D292051,원재료,채소류,봄동(생것),100.0,1
D292052,원재료,채소류,봄동(데친것),100.0,1
D292053,원재료,채소류,섬쑥부쟁이(생것),100.0,1
D292054,원재료,채소류,섬쑥부쟁이(데친것),100.0,1
D292055,원재료,채소류,부추(생것),100.0,1
D292056,원재료,채소류,부추(데친것),100.0,1
D292057,원재료,채소류,브로콜리(생것),100.0,1
D292058,원재료,채소류,브로콜리(데친것),100.0,1
D292059,원재료,채소류,비트(생것),100.0,1
D292060,원재료,채소류,비트(데친것),100.0,1
D292061,원재료,채소류,삼채(생것),100.0,1
D292062,원재료,채소류,삼채(데친것),100.0,1
D292064,원재료,채소류,상추(적상추),100.0,1
D292065,원재료,채소류,세발나물(생것),100.0,1
D292066,원재료,채소류,세발나물(데친것),100.0,1
D292067,원재료,채소류,샐러리(생것),100.0,1
D292068,원재료,채소류,샐러리(데친것),100.0,1
D292069,원재료,채소류,시금치(생것),100.0,1
D292070,원재료,채소류,시금치(데친것),100.0,1
D292071,원재료,채소류,"시금치(섬초,생것)",100.0,1
D292072,원재료,채소류,"시금치(섬초,데친것)",100.0,1
D292073,원재료,채소류,쌈추(생것),100.0,1
D292074,원재료,채소류,쑥(생것),100.0,1
D292075,원재료,채소류,쑥(데친것),100.0,1
D292077,원재료,채소류,쑥갓(데친것),100.0,1
D292079,원재료,채소류,아스파라거스(생것),100.0,1
D292080,원재료,채소류,아스파라거스(데친것),100.0,1
D292081,원재료,채소류,"아스파라거스(하얀색,생것)",100.0,1
D292082,원재료,채소류,아욱(생것),100.0,1
D292083,원재료,채소류,아욱(데친것),100.0,1
D292084,원재료,채소류,양배추(찐것),100.0,1
D292085,원재료,채소류,적양배추(생것),100.0,1
D292087,원재료,채소류,자색양파,100.0,1
D292088,원재료,채소류,취청오이(생것),100.0,1
D292089,원재료,채소류,오이피클,100.0,1
D292090,원재료,채소류,죽순(생것),100.0,1
D292091,원재료,채소류,죽순(데친것),100.0,1
D292092,원재료,채소류,죽순(통조림),100.0,1
D292093,원재료,채소류,참나물(생것),100.0,1
D292094,원재료,채소류,참나물(데친것),100.0,1
D292095,원재료,채소류,청경채(생것),100.0,1
D292096,원재료,채소류,청경채(데친것),100.0,1
D292097,원재료,채소류,케일(생것),100.0,1
D292098,원재료,채소류,콜라비(생것),100.0,1
D292099,원재료,채소류,콜라비(데친것),100.0,1
D292100,원재료,채소류,흑토마토,100.0,1
D292101,원재료,채소류,토마토페이스트,100.0,1
D292102,원재료,채소류,토마토퓨레(통조림),100.0,1
D292103,원재료,채소류,파프리카(노란색),100.0,1
D292104,원재료,채소류,파프리카(빨간색),100.0,1
D292105,원재료,채소류,파프리카(주황색),100.0,1
D292107,원재료,채소류,피망(빨간색),100.0,1
D292108,원재료,채소류,피망(초록색),100.0,1
D292109,원재료,채소류,양상추(생것),100.0,1
D292111,원재료,채소류,상추쌈,269.0,7
D293001,원재료,해조류,다시마(생것),70.0,1
D293003,원재료,해조류,미역쌈,375.0,7
D301001,주류,주류,맥주,200.0,1
D301004,주류,주류,고량주,100.0,1
D301005,주류,주류,막걸리,100.0,1
D301006,주류,주류,매실주,100.0,1
D301007,주류,주류,흑맥주,100.0,1
D301008,주류,주류,보드카,100.0,1
D301009,주류,주류,복분자주,100.0,1
D301010,주류,주류,샴페인,100.0,1
D301011,주류,주류,소주,100.0,1
D301012,주류,주류,오가피주,100.0,1
D301013,주류,주류,위스키,100.0,1
D301014,주류,주류,청주,100.0,1
D301015,주류,주류,칵테일,100.0,1
D301016,주류,주류,백포도주,100.0,1
D301017,주류,주류,적포도주,100.0,1
D311001,조리가공식품류,조리가공식품류,스파게티,250.0,1
D311002,조리가공식품류,조리가공식품류,스프(소고기),300.0,1
D311003,조리가공식품류,조리가공식품류,"스프(소고기, 채소)",300.0,1
D311004,조리가공식품류,조리가공식품류,스프(양송이),300.0,1
D311005,조리가공식품류,조리가공식품류,스프(콘소메),300.0,1
D311006,조리가공식품류,조리가공식품류,스프(크림),300.0,1
D311008,조리가공식품류,조리가공식품류,즉석밥(누룽지),100.0,1
D311009,조리가공식품류,조리가공식품류,즉석밥(잡곡),100.0,1
D311010,조리가공식품류,조리가공식품류,즉석밥(백미),100.0,1
D311011,조리가공식품류,조리가공식품류,옥수수(통조림),100.0,1
D311012,조리가공식품류,조리가공식품류,밤(통조림),100.0,1
D311013,조리가공식품류,조리가공식품류,녹색완두(통조림),100.0,1
D311014,조리가공식품류,조리가공식품류,들깻잎장아찌(통조림),100.0,1
D311015,조리가공식품류,조리가공식품류,무말랭이 무침,100.0,1
D311016,조리가공식품류,조리가공식품류,양배추샐러드(코울슬로),100.0,1
D311017,조리가공식품류,조리가공식품류,토마토(통조림),100.0,1
D311018,조리가공식품류,조리가공식품류,할라피뇨(통조림),100.0,1
D311019,조리가공식품류,조리가공식품류,양송이버섯(통조림),100.0,1
D311020,조리가공식품류,조리가공식품류,닭꼬치,100.0,1
D311021,조리가공식품류,조리가공식품류,육포,100.0,1
D311027,조리가공식품류,조리가공식품류,동그랑땡(냉동),100.0,1
D311032,조리가공식품류,조리가공식품류,샌드위치(닭고기),100.0,1
D311033,조리가공식품류,조리가공식품류,샌드위치(생선),100.0,1
D311034,조리가공식품류,조리가공식품류,샌드위치(소고기),100.0,1
D311036,조리가공식품류,조리가공식품류,"샌드위치(햄,치즈,채소)",100.0,1
D311039,조리가공식품류,조리가공식품류,스튜,100.0,1
D311042,조리가공식품류,조리가공식품류,연잎밥,100.0,1
D311045,조리가공식품류,조리가공식품류,초밥(모듬),100.0,1
D311053,조리가공식품류,조리가공식품류,"햄버거(소고기,토마토,양상추,양파)",100.0,1
D311054,조리가공식품류,조리가공식품류,누에번데기(통조림),100.0,1
D311055,조리가공식품류,조리가공식품류,달팽이(통조림),100.0,1
