menu_id,ingredient_id,quantity,is_primary
2,41,440.0,True
3,38,210.0,True
4,1353,210.0,True
5,39,210.0,True
6,39,160.0,True
7,11,100.0,True
8,13,70.0,True
8,1357,20.0,False
9,13,90.0,True
9,15,10.0,False
10,13,90.0,True
10,15,3.0,False
10,1357,2.0,False
11,38,180.0,True
11,274,20.0,False
12,38,200.0,True
12,4,5.0,False
13,38,190.0,True
13,260,10.0,False
13,1353,10.0,False
14,38,190.0,True
14,294,10.0,False
15,38,190.0,True
15,299,20.0,False
16,38,190.0,True
16,132,10.0,False
17,38,190.0,True
17,132,10.0,False
17,258,10.0,False
18,38,180.0,True
18,132,10.0,False
18,160,10.0,False
19,38,180.0,True
19,132,10.0,False
19,286,10.0,False
20,38,180.0,True
20,139,20.0,False
21,38,210.0,True
21,495,20.0,False
22,1353,140.0,True
22,298,25.0,False
22,642,15.0,False
22,1232,10.0,False
22,236,5.0,False
22,310,1.0,False
22,1144,1.0,False
23,1353,140.0,True
23,38,30.0,False
23,161,10.0,False
23,286,10.0,False
23,139,5.0,False
23,273,5.0,False
23,4,5.0,False
23,1266,1.0,False
24,38,190.0,True
24,151,20.0,False
25,38,180.0,True
25,266,10.0,False
25,1353,10.0,False
26,38,180.0,True
26,156,10.0,False
26,1353,10.0,False
27,38,180.0,True
27,258,15.0,False
27,132,13.0,False
28,38,140.0,True
28,132,10.0,False
28,151,10.0,False
28,156,10.0,False
28,159,10.0,False
29,38,180.0,True
29,286,20.0,False
29,138,10.0,False
29,161,10.0,False
30,38,180.0,True
30,159,10.0,False
31,38,160.0,True
31,139,10.0,False
31,132,10.0,False
32,38,160.0,True
32,161,10.0,False
32,1353,10.0,False
33,38,190.0,True
33,1353,10.0,False
34,38,160.0,True
34,1353,10.0,False
34,139,10.0,False
35,38,160.0,True
35,274,20.0,False
35,1353,10.0,False
36,38,190.0,True
36,286,20.0,False
37,40,60.0,True
37,2,10.0,False
38,1353,140.0,True
38,1350,50.0,False
39,38,70.0,True
39,194,63.0,False
39,131,25.0,False
40,38,86.0,True
40,299,70.0,False
40,1353,20.0,False
40,307,10.0,False
41,181,280.0,True
41,161,20.0,False
42,38,75.0,True
42,151,15.0,False
42,132,10.0,False
43,38,105.5,True
43,151,23.4,False
43,132,17.6,False
44,163,45.0,True
44,38,19.3,False
44,161,8.9,False
44,285,8.9,False
44,139,6.5,False
44,273,6.5,False
44,4,3.1,False
44,1266,1.9,False
45,163,60.7,True
45,38,26.0,False
45,161,12.0,False
45,285,12.0,False
45,139,8.8,False
45,273,8.8,False
45,4,4.2,False
45,1266,2.6,False
46,163,30.0,True
46,2,15.0,False
47,194,100.0,True
47,38,60.0,False
47,131,22.0,False
48,38,120.0,True
48,151,60.0,False
49,38,45.0,True
49,258,11.7,False
49,132,7.9,False
50,163,41.4,True
50,2,20.4,False
51,194,54.8,True
51,38,40.0,False
51,131,15.0,False
52,163,35.0,True
52,2,23.0,False
53,13,60.0,True
53,1,30.0,False
53,766,30.0,False
53,565,30.0,False
53,1381,20.0,False
53,1335,15.0,False
53,412,5.0,False
54,13,50.0,True
54,1006,40.0,False
54,1413,30.0,False
54,4,20.0,False
54,534,10.0,False
54,524,10.0,False
54,1232,10.0,False
54,1419,10.0,False
54,392,8.0,False
54,1253,5.0,False
54,660,5.0,False
54,1144,4.0,False
54,575,3.0,False
54,412,2.0,False
54,574,2.0,False
54,1241,0.5,False
54,1243,0.5,False
55,1419,105.0,True
55,13,40.0,False
55,163,40.0,False
55,641,30.0,False
55,589,30.0,False
55,616,15.0,False
55,459,8.0,False
55,1232,6.0,False
55,306,5.0,False
55,331,3.0,False
55,412,3.0,False
55,1133,2.0,False
55,1241,1.0,False
55,1266,0.5,False
55,1243,0.5,False
56,1419,120.0,True
56,131,40.0,False
56,13,30.0,False
56,478,30.0,False
56,1274,25.0,False
56,516,15.0,False
56,159,10.0,False
57,1419,90.0,True
57,1358,40.0,False
57,139,20.0,False
57,162,10.0,False
57,234,10.0,False
57,1266,0.5,False
58,1419,110.0,True
58,163,30.0,False
58,13,15.0,False
58,285,10.0,False
58,267,10.0,False
58,139,10.0,False
58,161,8.0,False
58,1266,1.0,False
59,1419,110.0,True
59,298,20.0,False
59,163,15.0,False
59,13,15.0,False
59,285,15.0,False
59,138,12.0,False
59,271,10.0,False
59,161,10.0,False
59,1266,0.7,False
60,1419,80.0,True
60,13,60.0,False
60,148,50.0,False
60,534,20.0,False
60,265,20.0,False
60,616,15.0,False
60,392,10.0,False
60,1144,3.0,False
60,1253,3.0,False
60,1076,1.0,False
60,1266,0.8,False
61,13,90.0,True
61,257,10.0,False
62,13,60.0,True
62,137,20.0,False
63,13,80.0,True
63,137,10.0,False
64,13,90.0,True
64,262,10.0,False
65,13,80.0,True
65,263,5.0,False
65,164,5.0,False
66,13,55.0,True
66,265,5.0,False
66,273,5.0,False
67,13,90.0,True
67,163,10.0,False
67,271,2.0,False
68,13,90.0,True
68,163,20.0,False
68,284,10.0,False
68,161,3.0,False
68,138,3.0,False
68,4,3.0,False
68,1268,0.1,False
69,13,70.0,True
69,136,10.0,False
70,13,90.0,True
70,164,10.0,False
71,13,90.0,True
71,138,3.0,False
71,2,3.0,False
72,13,90.0,True
72,161,3.0,False
72,2,3.0,False
73,13,80.0,True
73,164,5.0,False
73,2,3.0,False
74,13,90.0,True
74,1375,5.0,False
74,4,3.0,False
75,13,90.0,True
75,164,5.0,False
75,4,3.0,False
76,13,80.0,True
76,298,20.0,False
76,163,15.0,False
76,284,10.0,False
76,642,5.0,False
77,13,75.0,True
77,395,30.0,False
77,613,10.0,False
77,306,8.0,False
77,1268,1.0,False
78,13,80.0,True
78,264,10.0,False
79,13,100.0,True
79,131,5.0,False
79,1364,5.0,False
80,13,85.0,True
80,164,5.0,False
80,138,3.0,False
81,13,80.0,True
81,150,10.0,False
81,271,5.0,False
82,13,100.0,True
82,161,3.0,False
82,4,3.0,False
83,13,90.0,True
83,164,5.0,False
83,161,3.0,False
84,13,90.0,True
84,150,30.0,False
84,163,20.0,False
85,13,50.0,True
85,163,5.0,False
85,4,5.0,False
86,13,60.0,True
86,259,5.0,False
86,163,2.0,False
87,13,100.0,True
87,163,5.0,False
87,161,3.0,False
88,13,100.0,True
88,163,5.0,False
88,15,3.0,False
89,13,80.0,True
89,1364,5.0,False
89,4,5.0,False
90,13,90.0,True
90,164,5.0,False
90,138,5.0,False
91,13,90.0,True
91,164,5.0,False
91,163,5.0,False
92,13,85.0,True
92,15,3.0,False
92,1357,2.0,False
93,13,90.0,True
93,161,3.0,False
93,1357,3.0,False
94,13,105.0,True
94,1364,15.0,False
94,257,5.0,False
95,13,80.0,True
95,163,10.0,False
95,131,5.0,False
95,271,2.0,False
96,13,90.0,True
96,163,10.0,False
96,271,3.0,False
96,1357,1.0,False
97,13,80.0,True
97,150,10.0,False
97,4,3.0,False
98,13,90.0,True
98,150,10.0,False
98,161,3.0,False
99,13,70.0,True
99,273,10.0,False
99,163,10.0,False
100,13,100.0,True
100,163,10.0,False
100,271,3.0,False
101,13,90.0,True
101,1413,20.0,False
101,524,15.0,False
101,534,10.0,False
101,1357,10.0,False
101,392,5.0,False
101,306,5.0,False
101,1265,1.0,False
102,13,80.0,True
102,396,25.0,False
102,613,15.0,False
102,1006,10.0,False
102,306,10.0,False
102,298,8.0,False
102,1133,7.0,False
102,1268,1.0,False
103,13,90.0,True
103,263,10.0,False
103,15,10.0,False
104,13,85.0,True
104,1357,10.0,False
104,150,5.0,False
105,13,80.0,True
105,273,8.0,False
106,13,80.0,True
106,264,10.0,False
107,13,90.0,True
107,1410,20.0,False
108,13,80.0,True
108,163,20.0,False
108,285,5.0,False
108,271,5.0,False
108,161,5.0,False
108,138,5.0,False
109,13,80.0,True
109,265,15.0,False
109,163,10.0,False
110,13,80.0,True
110,163,10.0,False
110,138,8.0,False
111,13,90.0,True
111,137,15.0,False
112,13,100.0,True
112,161,10.0,False
113,13,70.0,True
113,163,10.0,False
113,161,5.0,False
113,138,5.0,False
114,13,90.0,True
114,259,10.0,False
115,13,150.0,True
115,2,20.0,False
115,742,15.0,False
116,38,180.0,True
116,181,30.0,False
116,1353,10.0,False
116,1266,0.5,False
117,38,170.0,True
117,197,40.0,False
118,38,160.0,True
118,181,20.0,False
118,559,20.0,False
118,1353,10.0,False
118,393,5.0,False
118,1232,5.0,False
118,573,2.0,False
118,1241,1.0,False
118,412,1.0,False
118,1144,1.0,False
119,38,160.0,True
119,181,20.0,False
119,559,20.0,False
119,1121,10.0,False
119,1353,10.0,False
119,393,5.0,False
119,1232,5.0,False
119,573,2.0,False
119,1241,1.0,False
119,412,1.0,False
119,1144,1.0,False
120,38,160.0,True
120,559,50.0,False
120,788,20.0,False
120,132,10.0,False
120,1232,5.0,False
120,574,5.0,False
120,1241,1.0,False
120,412,1.0,False
120,1144,1.0,False
120,315,1.0,False
121,38,140.0,True
121,375,40.0,False
121,818,20.0,False
121,1145,5.0,False
122,38,190.0,True
122,207,50.0,False
123,38,210.0,True
123,422,70.0,False
123,1232,5.0,False
123,575,1.0,False
123,1243,0.5,False
123,1144,0.4,False
123,412,0.3,False
123,1241,0.3,False
124,38,190.0,True
124,1353,20.0,False
124,618,10.0,False
124,604,10.0,False
124,597,10.0,False
124,593,10.0,False
124,1144,0.3,False
124,1266,0.2,False
125,38,57.7,True
125,181,28.8,False
125,163,19.2,False
125,1266,1.0,False
126,38,91.2,True
126,181,46.1,False
126,163,30.7,False
126,1266,1.6,False
127,38,111.6,True
127,181,101.4,False
128,38,114.5,True
128,559,71.7,False
128,132,19.2,False
128,1232,14.4,False
128,574,7.2,False
128,1241,1.4,False
128,412,1.4,False
128,1144,1.4,False
128,315,1.4,False
129,38,200.0,True
129,837,30.0,False
129,404,20.0,False
129,516,15.0,False
129,1274,15.0,False
129,392,12.0,False
129,1144,2.0,False
129,1266,1.1,False
129,314,1.0,False
130,163,40.0,True
130,589,31.0,False
130,298,10.0,False
130,234,7.0,False
130,642,4.0,False
130,329,3.0,False
130,309,2.0,False
130,1144,2.0,False
130,1266,0.3,False
131,1419,90.0,True
131,13,50.0,False
131,426,40.0,False
131,163,20.0,False
131,298,20.0,False
131,271,10.0,False
131,306,8.0,False
131,1232,7.0,False
131,642,5.0,False
131,574,5.0,False
131,309,3.0,False
131,1234,3.0,False
131,1144,3.0,False
131,1241,1.0,False
131,1243,1.0,False
132,1419,80.0,True
132,163,40.0,False
132,524,20.0,False
132,298,15.0,False
132,1410,10.0,False
132,161,10.0,False
132,271,8.0,False
132,306,5.0,False
132,642,5.0,False
132,330,3.0,False
132,1266,1.2,False
133,1419,100.0,True
133,163,40.0,False
133,13,30.0,False
133,42,30.0,False
133,538,30.0,False
133,642,5.0,False
133,306,5.0,False
133,1239,4.0,False
133,1232,4.0,False
133,1270,3.0,False
133,1241,3.0,False
133,1246,3.0,False
133,227,3.0,False
133,1266,2.4,False
133,309,2.0,False
133,1243,2.0,False
133,1076,1.0,False
134,13,60.0,True
134,334,20.0,False
134,1373,10.0,False
134,1241,1.0,False
134,1232,1.0,False
134,1144,1.0,False
134,575,1.0,False
134,1243,0.5,False
134,412,0.5,False
135,13,70.0,True
135,345,60.0,False
135,1133,3.0,False
135,1232,2.0,False
135,575,2.0,False
135,1241,1.0,False
135,412,0.3,False
136,13,90.0,True
136,163,10.0,False
136,367,5.0,False
136,422,2.0,False
136,392,1.0,False
137,13,90.0,True
137,334,30.0,False
137,1373,20.0,False
137,613,10.0,False
137,1148,2.0,False
137,1227,0.1,False
137,1232,0.1,False
138,13,80.0,True
138,399,30.0,False
138,613,15.0,False
138,306,8.0,False
138,1268,1.0,False
139,13,70.0,True
139,163,10.0,False
139,534,5.0,False
139,524,5.0,False
139,392,5.0,False
139,306,5.0,False
139,298,5.0,False
139,613,3.0,False
139,1265,0.2,False
140,13,100.0,True
140,558,55.0,False
140,856,40.0,False
140,575,5.0,False
140,1047,3.0,False
140,1076,3.0,False
140,1232,2.0,False
140,1390,1.0,False
140,1265,0.3,False
141,13,80.0,True
141,345,15.0,False
141,422,10.0,False
141,163,10.0,False
141,392,5.0,False
141,1133,2.0,False
141,1232,1.0,False
141,574,1.0,False
142,13,60.0,True
142,589,30.0,False
142,306,3.0,False
142,642,2.0,False
143,13,80.0,True
143,366,60.0,False
143,396,20.0,False
143,613,15.0,False
143,306,5.0,False
143,1268,1.0,False
144,13,80.0,True
144,1413,20.0,False
144,524,15.0,False
144,613,10.0,False
144,605,10.0,False
144,534,10.0,False
144,265,5.0,False
144,392,5.0,False
144,1265,1.0,False
145,13,60.0,True
145,163,10.0,False
145,180,5.0,False
145,534,5.0,False
145,524,5.0,False
145,306,5.0,False
146,13,60.0,True
146,558,30.0,False
146,823,25.0,False
146,613,10.0,False
146,1253,1.0,False
146,1144,0.5,False
146,1268,0.1,False
147,13,80.0,True
147,507,30.0,False
147,1232,10.0,False
147,434,10.0,False
147,1241,2.0,False
147,1133,2.0,False
147,234,2.0,False
147,575,2.0,False
147,1390,2.0,False
147,1144,0.5,False
147,1243,0.5,False
148,558,60.0,True
148,13,60.0,True
148,613,10.0,False
148,1253,1.0,False
148,1144,0.5,False
148,1268,0.1,False
149,13,80.0,True
149,1413,20.0,False
149,524,15.0,False
149,605,10.0,False
149,534,10.0,False
149,265,5.0,False
149,613,5.0,False
149,392,5.0,False
149,1265,1.0,False
149,1133,1.0,False
150,589,250.0,True
150,163,100.0,False
150,298,40.0,False
150,642,18.0,False
150,742,10.0,False
150,1144,10.0,False
150,1232,6.0,False
150,1237,5.0,False
151,13,50.0,True
151,275,50.0,True
151,1416,15.0,False
151,1247,15.0,False
151,516,15.0,False
151,1144,15.0,False
151,1084,10.0,False
151,1142,5.0,False
151,1390,3.0,False
151,1241,2.0,False
152,780,300.0,True
152,13,100.0,False
152,1413,50.0,False
152,1420,15.0,False
152,358,15.0,False
152,354,15.0,False
152,516,15.0,False
152,1232,15.0,False
152,1389,10.0,False
153,13,100.0,True
153,275,50.0,False
153,1144,30.0,False
153,596,20.0,False
153,1246,15.0,False
153,344,10.0,False
153,358,5.0,False
153,354,5.0,False
153,1390,2.0,False
153,575,2.0,False
153,1243,2.0,False
154,38,210.0,True
154,860,50.0,False
154,375,40.0,False
154,788,30.0,False
154,516,10.0,False
154,1145,5.0,False
154,392,5.0,False
154,412,3.0,False
154,1144,2.0,False
154,1266,1.0,False
154,1297,1.0,False
155,38,210.0,True
155,375,40.0,False
155,559,20.0,False
155,1145,5.0,False
155,412,3.0,False
155,1144,2.0,False
155,1266,0.5,False
156,38,210.0,True
156,860,50.0,False
156,490,20.0,False
156,551,20.0,False
156,559,20.0,False
156,1239,10.0,False
156,1243,1.0,False
156,412,1.0,False
156,1144,1.0,False
156,1266,0.5,False
157,38,210.0,True
157,350,20.0,False
157,490,20.0,False
157,559,20.0,False
157,593,20.0,False
157,788,15.0,False
157,1239,10.0,False
157,412,3.0,False
157,1144,3.0,False
157,1232,1.0,False
157,1243,1.0,False
157,1297,1.0,False
157,1266,0.5,False
158,38,210.0,True
158,860,50.0,False
158,818,30.0,False
158,393,30.0,False
158,490,30.0,False
158,559,30.0,False
158,350,20.0,False
158,1239,10.0,False
158,1144,3.0,False
158,573,2.0,False
159,38,210.0,True
159,860,50.0,False
159,551,20.0,False
159,490,20.0,False
159,559,20.0,False
159,1239,10.0,False
159,1243,1.0,False
159,412,1.0,False
159,1144,1.0,False
159,1266,0.5,False
160,38,210.0,True
160,817,30.0,False
160,180,20.0,False
160,392,20.0,False
160,516,20.0,False
160,163,10.0,False
160,581,10.0,False
160,153,5.0,False
160,265,5.0,False
160,1145,5.0,False
160,1144,4.0,False
160,1266,1.0,False
160,1297,1.0,False
161,38,210.0,True
161,378,40.0,False
161,817,20.0,False
161,1239,10.0,False
161,163,10.0,False
161,591,10.0,False
161,516,4.0,False
161,352,2.0,False
161,412,2.0,False
161,354,1.0,False
162,38,180.0,True
162,298,20.0,False
162,1353,20.0,False
162,306,10.0,False
162,642,5.0,False
162,616,5.0,False
163,38,210.0,True
163,856,60.0,False
163,817,30.0,False
163,1292,20.0,False
163,392,20.0,False
163,516,20.0,False
163,581,20.0,False
163,265,10.0,False
163,1145,5.0,False
163,1266,1.0,False
164,38,210.0,True
164,558,70.0,False
164,817,20.0,False
164,516,20.0,False
164,1232,5.0,False
164,573,5.0,False
164,1241,1.0,False
164,412,1.0,False
164,1144,1.0,False
165,38,210.0,True
165,1081,50.0,False
165,1094,30.0,False
165,350,12.0,False
165,1239,10.0,False
165,412,4.0,False
165,1144,4.0,False
165,1145,3.0,False
165,1243,2.0,False
166,38,210.0,True
166,856,80.0,False
166,817,60.0,False
166,422,35.0,False
166,591,35.0,False
166,392,35.0,False
166,1145,15.0,False
166,1239,15.0,False
166,412,5.0,False
166,1144,5.0,False
166,1243,3.0,False
166,1241,2.0,False
167,38,210.0,True
167,837,60.0,False
167,558,35.0,False
167,489,35.0,False
167,348,35.0,False
167,591,35.0,False
167,603,35.0,False
167,422,35.0,False
167,859,20.0,False
167,1239,15.0,False
167,1241,6.0,False
167,477,5.0,False
167,1074,5.0,False
167,575,5.0,False
167,412,5.0,False
167,1144,5.0,False
167,1243,3.0,False
168,38,117.3,True
168,375,26.7,False
168,559,10.9,False
168,1145,2.1,False
168,412,1.6,False
168,1144,1.1,False
168,1266,0.6,False
169,39,100.0,True
169,1419,43.0,False
169,832,20.0,False
169,1357,15.0,False
169,13,15.0,False
169,616,15.0,False
169,516,10.0,False
169,1145,10.0,False
169,859,8.0,False
169,1232,7.0,False
169,574,5.0,False
169,303,3.0,False
169,412,3.0,False
169,225,3.0,False
169,1242,2.0,False
169,1144,2.0,False
169,1235,2.0,False
169,1266,0.5,False
169,1243,0.5,False
169,1297,0.1,False
170,1419,130.0,True
170,563,100.0,False
170,1,80.0,False
170,334,20.0,False
170,591,20.0,False
170,1142,4.0,False
170,1266,1.8,False
170,1297,0.1,False
171,43,100.0,True
171,345,50.0,False
171,766,40.0,False
171,1419,40.0,False
171,15,30.0,False
171,1232,12.0,False
171,617,4.0,False
171,1227,4.0,False
171,358,3.0,False
171,354,3.0,False
171,1144,2.0,False
171,1266,0.2,False
171,1297,0.1,False
172,42,200.0,True
172,995,70.0,False
172,578,20.0,False
172,516,15.0,False
172,432,15.0,False
172,1239,6.0,False
172,660,4.0,False
172,1232,3.0,False
172,234,2.0,False
172,1144,2.0,False
172,1241,0.5,False
172,1243,0.5,False
173,38,200.0,True
173,856,60.0,False
173,509,40.0,False
173,392,12.0,False
173,575,5.0,False
173,412,4.0,False
173,1145,4.0,False
173,1266,1.6,False
173,1297,0.05,False
173,576,0.05,False
174,38,160.0,True
174,856,60.0,False
174,378,40.0,False
174,817,20.0,False
174,516,20.0,False
174,478,20.0,False
174,610,15.0,False
174,1232,11.0,False
174,1253,4.0,False
174,227,4.0,False
174,234,3.0,False
174,575,2.0,False
174,1144,2.0,False
174,412,2.0,False
174,1145,2.0,False
174,1243,0.5,False
174,1297,0.05,False
175,1419,90.0,True
175,156,60.0,False
175,265,30.0,False
175,798,20.0,False
175,516,15.0,False
175,392,10.0,False
175,412,5.0,False
175,1142,4.0,False
175,1289,4.0,False
175,1266,0.9,False
175,1297,0.05,False
176,1419,80.0,True
176,544,70.0,False
176,856,60.0,False
176,13,60.0,False
176,817,30.0,False
176,516,10.0,False
176,392,10.0,False
176,1145,5.0,False
176,412,4.0,False
176,1144,4.0,False
176,1270,4.0,False
176,234,3.0,False
176,1232,3.0,False
176,1227,3.0,False
176,1242,1.0,False
176,1340,1.0,False
176,1241,0.5,False
176,1243,0.5,False
176,1297,0.05,False
177,13,100.0,True
177,856,60.0,False
177,558,40.0,False
177,489,30.0,False
177,422,25.0,False
177,1399,20.0,False
177,348,15.0,False
177,1239,12.0,False
177,412,10.0,False
177,1148,3.0,False
177,1241,2.0,False
177,1243,2.0,False
177,1144,1.0,False
177,575,1.0,False
177,1266,0.5,False
178,13,100.0,True
178,856,60.0,False
178,516,15.0,False
178,1232,5.0,False
178,392,5.0,False
178,1145,3.0,False
178,1265,1.0,False
178,574,1.0,False
179,13,50.0,True
179,1017,30.0,False
179,856,5.0,False
179,574,5.0,False
179,516,5.0,False
179,1145,3.5,False
179,581,2.0,False
179,577,2.0,False
179,1242,1.0,False
180,13,40.0,True
180,856,20.0,False
180,534,12.0,False
180,806,10.0,False
180,428,10.0,False
180,392,8.0,False
180,163,5.0,False
180,581,4.0,False
180,1074,1.0,False
180,1232,0.5,False
180,1144,0.5,False
180,235,0.3,False
180,1243,0.3,False
180,227,0.2,False
181,13,70.0,True
181,990,40.0,False
181,422,20.0,False
181,518,10.0,False
181,883,5.0,False
181,478,5.0,False
181,404,3.0,False
181,553,3.0,False
181,1232,2.0,False
181,575,2.0,False
181,512,2.0,False
181,1241,1.0,False
181,1144,0.5,False
181,412,0.3,False
181,1243,0.1,False
182,13,55.0,True
182,489,10.0,False
182,558,10.0,False
182,1145,3.0,False
182,1232,2.0,False
182,1243,2.0,False
182,1144,0.1,False
183,13,100.0,True
183,1026,70.0,False
183,558,50.0,False
183,478,20.0,False
183,516,10.0,False
183,1240,5.0,False
183,1074,5.0,False
183,575,3.0,False
183,1144,2.0,False
183,1241,1.0,False
183,1145,1.0,False
183,1243,0.5,False
183,1265,0.3,False
183,1232,0.3,False
183,1390,0.3,False
184,13,30.0,True
184,856,15.0,False
184,1145,1.0,False
184,1266,0.3,False
185,13,52.0,True
185,789,15.0,False
185,516,5.0,False
185,1252,3.0,False
185,392,2.0,False
185,1242,1.0,False
185,1145,1.0,False
185,578,1.0,False
185,581,1.0,False
185,577,1.0,False
185,1227,0.5,False
185,1232,0.5,False
185,1144,0.5,False
185,1243,0.3,False
185,1268,0.1,False
185,1297,0.01,False
186,1419,90.0,True
186,13,70.0,False
186,826,50.0,False
186,589,50.0,False
186,1120,35.0,False
186,1232,6.0,False
186,1227,3.0,False
186,234,3.0,False
186,516,2.0,False
186,412,2.0,False
186,227,1.0,False
186,575,1.0,False
186,1298,0.1,False
186,1144,0.1,False
187,13,35.0,True
187,1044,23.0,False
187,581,5.0,False
187,180,5.0,False
187,516,5.0,False
187,392,4.0,False
187,1242,1.0,False
187,1145,1.0,False
187,1253,0.5,False
187,1144,0.5,False
187,1243,0.3,False
188,13,80.0,True
188,856,20.0,False
188,581,10.0,False
188,516,10.0,False
188,579,7.0,False
188,578,7.0,False
188,577,7.0,False
188,1242,5.0,False
188,1145,3.0,False
189,13,100.0,True
189,378,60.0,False
189,856,55.0,False
189,137,30.0,False
189,591,20.0,False
189,478,5.0,False
189,516,5.0,False
189,392,3.0,False
189,1148,2.0,False
189,1144,1.0,False
189,1243,1.0,False
190,13,50.0,True
190,889,20.0,False
190,180,10.0,False
190,591,5.0,False
190,516,5.0,False
190,392,5.0,False
190,1232,0.5,False
190,1145,0.5,False
190,1144,0.5,False
190,1243,0.3,False
191,13,55.0,True
191,856,10.0,False
191,516,10.0,False
191,581,3.0,False
191,392,3.0,False
191,1145,1.0,False
191,1266,0.3,False
192,558,60.0,True
192,13,55.0,False
192,348,40.0,False
192,422,40.0,False
192,392,40.0,False
192,1092,15.0,False
192,1144,5.0,False
192,1133,5.0,False
192,1232,1.0,False
192,1145,1.0,False
192,1390,0.5,False
192,1243,0.1,False
193,13,45.0,True
193,1053,15.0,False
193,1044,15.0,False
193,516,5.0,False
193,163,5.0,False
193,392,3.0,False
193,1145,2.0,False
193,578,2.0,False
193,581,2.0,False
193,1242,1.0,False
193,412,0.5,False
193,1144,0.2,False
193,1243,0.2,False
193,1268,0.1,False
194,13,50.0,True
194,372,40.0,False
194,806,10.0,False
194,1239,10.0,False
194,1241,3.0,False
194,1232,3.0,False
194,1145,2.0,False
194,1144,1.0,False
194,575,1.0,False
194,234,0.5,False
195,13,50.0,True
195,883,15.0,False
195,163,10.0,False
195,428,5.0,False
195,516,5.0,False
195,581,3.0,False
195,392,3.0,False
195,1271,1.0,False
195,1144,0.5,False
195,412,0.5,False
195,1398,0.3,False
195,1145,0.1,False
196,13,70.0,True
196,995,50.0,False
196,422,20.0,False
196,516,10.0,False
196,883,5.0,False
196,404,3.0,False
196,1232,2.0,False
196,575,2.0,False
196,1241,1.0,False
196,1144,0.5,False
196,412,0.3,False
197,13,90.0,True
197,613,15.0,False
197,392,15.0,False
197,398,10.0,False
197,390,10.0,False
197,347,10.0,False
197,396,10.0,False
197,1145,4.0,False
197,1243,3.0,False
197,1265,1.0,False
197,1232,1.0,False
198,13,90.0,True
198,455,20.0,False
198,366,20.0,False
198,545,20.0,False
198,419,10.0,False
198,1239,5.0,False
198,392,5.0,False
198,1232,2.0,False
198,575,2.0,False
198,1144,1.0,False
198,1141,1.0,False
198,412,1.0,False
199,13,60.0,True
199,1354,20.0,False
199,516,10.0,False
199,153,5.0,False
199,392,5.0,False
199,578,2.0,False
199,581,2.0,False
199,1242,1.0,False
199,412,0.2,False
199,1298,0.1,False
199,1266,0.1,False
200,38,150.0,True
200,856,30.0,False
200,1044,30.0,False
200,1242,5.0,False
200,1144,3.0,False
200,575,2.0,False
200,1232,1.0,False
200,1136,1.0,False
200,412,1.0,False
201,13,45.0,True
201,856,10.0,False
201,606,5.0,False
201,516,5.0,False
201,392,5.0,False
201,163,5.0,False
201,578,3.0,False
201,581,3.0,False
201,1242,1.0,False
201,1145,1.0,False
201,1268,0.3,False
201,412,0.3,False
201,1297,0.1,False
202,13,55.0,True
202,199,20.0,False
202,785,15.0,False
202,591,15.0,False
202,446,15.0,False
202,516,15.0,False
202,538,10.0,False
202,856,5.0,False
202,392,5.0,False
202,1242,3.5,False
202,578,2.0,False
202,581,1.5,False
202,1145,1.0,False
202,412,0.7,False
202,1144,0.5,False
202,599,0.5,False
202,1243,0.2,False
203,1242,75.0,True
203,13,70.0,False
203,856,20.0,False
203,516,10.0,False
203,581,7.0,False
203,579,5.0,False
203,578,5.0,False
203,577,5.0,False
203,1145,3.0,False
204,13,50.0,True
204,856,15.0,False
204,806,10.0,False
204,574,5.0,False
204,1242,1.0,False
204,1145,1.0,False
205,13,80.0,True
205,806,20.0,False
205,581,10.0,False
205,516,10.0,False
205,579,7.0,False
205,578,7.0,False
205,577,7.0,False
205,1145,5.0,False
205,1265,1.0,False
206,13,55.0,True
206,1017,40.0,False
206,856,15.0,False
206,575,5.0,False
206,392,5.0,False
206,1232,3.0,False
206,1145,3.0,False
206,1144,0.1,False
207,13,70.0,True
207,856,25.0,False
207,1021,10.0,False
207,581,5.0,False
207,516,5.0,False
207,392,5.0,False
207,1145,2.0,False
207,1242,1.0,False
207,1144,0.5,False
207,1265,0.2,False
207,1297,0.02,False
208,990,100.0,True
208,13,90.0,False
208,422,20.0,False
208,518,10.0,False
208,883,5.0,False
208,478,5.0,False
208,404,3.0,False
208,553,3.0,False
208,1232,2.0,False
208,575,2.0,False
208,512,2.0,False
208,1241,1.0,False
208,1144,0.5,False
208,412,0.3,False
208,1243,0.1,False
209,13,60.0,True
209,1246,15.0,False
209,422,15.0,False
209,591,10.0,False
209,489,10.0,False
209,348,10.0,False
209,516,10.0,False
209,392,10.0,False
209,1071,3.0,False
209,1145,2.0,False
209,1144,2.0,False
209,1243,0.3,False
209,1232,0.2,False
209,1265,0.02,False
210,1026,80.0,True
210,13,70.0,False
210,558,50.0,False
210,478,20.0,False
210,516,10.0,False
210,1240,5.0,False
210,1074,5.0,False
210,575,3.0,False
210,1241,1.0,False
210,1145,1.0,False
210,1144,0.5,False
210,1243,0.5,False
210,1420,0.5,False
210,1265,0.3,False
210,1232,0.3,False
210,1390,0.3,False
211,856,68.0,True
211,13,60.0,False
211,1342,10.0,False
211,553,5.0,False
211,1398,2.0,False
211,457,2.0,False
211,1144,0.5,False
211,1243,0.3,False
212,766,50.0,True
212,13,50.0,True
212,1145,5.0,False
212,577,5.0,False
212,516,5.0,False
212,392,5.0,False
212,1232,1.0,False
212,234,1.0,False
212,412,1.0,False
212,1243,0.3,False
212,1297,0.1,False
212,1253,0.1,False
213,13,90.0,True
213,289,50.0,False
213,375,40.0,False
213,528,20.0,False
213,163,10.0,False
213,1144,2.0,False
213,1232,1.0,False
213,234,1.0,False
213,1074,1.0,False
213,574,1.0,False
213,392,1.0,False
213,1268,0.2,False
214,275,35.0,True
214,13,35.0,True
214,1289,10.0,False
214,516,7.0,False
214,1145,6.0,False
214,392,5.0,False
214,457,2.0,False
215,378,60.0,True
215,13,60.0,True
215,137,30.0,False
215,613,10.0,False
215,596,10.0,False
215,478,5.0,False
216,13,60.0,True
216,1044,20.0,False
216,461,10.0,False
216,180,10.0,False
216,516,10.0,False
216,392,10.0,False
216,575,3.0,False
216,1145,2.0,False
216,1390,1.0,False
216,1243,0.5,False
216,1265,0.3,False
217,13,80.0,True
217,856,55.0,False
217,137,30.0,False
217,591,20.0,False
217,478,5.0,False
217,516,5.0,False
217,392,3.0,False
217,1148,1.0,False
217,1144,1.0,False
217,1243,1.0,False
218,13,50.0,True
218,378,40.0,False
218,528,15.0,False
218,131,10.0,False
218,478,5.0,False
218,1144,3.0,False
218,1239,2.0,False
218,1243,2.0,False
219,378,60.0,True
219,136,60.0,True
219,131,30.0,False
219,591,25.0,False
219,478,10.0,False
219,516,10.0,False
219,392,10.0,False
219,1144,6.0,False
219,1243,3.0,False
220,13,60.0,True
220,889,30.0,False
220,516,7.5,False
220,392,7.5,False
220,575,5.0,False
220,1232,3.0,False
220,1145,2.5,False
220,1144,2.0,False
220,412,1.0,False
220,1297,0.1,False
221,13,80.0,True
221,785,20.0,False
221,516,20.0,False
221,747,20.0,False
221,591,10.0,False
221,461,10.0,False
221,392,10.0,False
221,1148,3.0,False
221,1241,2.5,False
221,1144,2.0,False
221,1266,1.0,False
221,1243,0.5,False
221,1297,0.1,False
222,13,80.0,True
222,1053,50.0,False
222,1044,15.0,False
222,516,15.0,False
222,581,5.0,False
222,1145,3.0,False
222,392,3.0,False
222,1242,2.0,False
222,1266,0.3,False
222,412,0.3,False
223,856,40.0,True
223,13,35.0,False
223,372,30.0,False
223,516,10.0,False
223,163,10.0,False
223,1239,5.0,False
223,392,4.0,False
223,575,3.0,False
223,1074,2.0,False
223,1242,1.5,False
223,1232,1.5,False
223,1145,1.0,False
223,1144,1.0,False
223,234,0.5,False
223,1266,0.1,False
223,1243,0.1,False
223,1297,0.01,False
224,13,45.0,True
224,856,10.0,False
224,883,5.0,False
224,516,5.0,False
224,392,5.0,False
224,1357,5.0,False
224,428,3.0,False
224,581,3.0,False
224,1398,1.0,False
224,1145,1.0,False
224,1144,1.0,False
224,1266,0.5,False
225,13,40.0,True
225,766,30.0,False
225,1239,10.0,False
225,591,10.0,False
225,613,10.0,False
225,348,10.0,False
225,392,10.0,False
225,396,5.0,False
225,1357,2.0,False
226,13,50.0,True
226,823,25.0,False
226,334,15.0,False
226,578,15.0,False
226,516,7.0,False
226,1232,4.0,False
226,1145,3.0,False
226,234,1.5,False
226,575,0.5,False
226,412,0.5,False
226,1144,0.2,False
226,1298,0.1,False
227,13,35.0,True
227,1370,12.0,False
227,163,5.0,False
227,534,3.0,False
227,516,3.0,False
227,392,3.0,False
227,227,1.0,False
227,1074,1.0,False
227,1232,0.5,False
227,235,0.5,False
227,1243,0.5,False
227,1144,0.3,False
227,412,0.2,False
228,13,90.0,True
228,889,20.0,False
228,512,15.0,False
228,528,10.0,False
228,478,10.0,False
228,404,4.0,False
229,13,65.0,True
229,275,10.0,False
229,547,10.0,False
229,1354,5.0,False
229,1145,2.0,False
229,1266,0.3,False
230,13,50.0,True
230,856,30.0,False
230,563,15.0,False
230,1113,5.0,False
230,1145,2.5,False
230,1266,2.0,False
231,13,65.0,True
231,1053,50.0,False
231,1044,15.0,False
231,516,15.0,False
231,581,5.0,False
231,392,3.0,False
231,1242,2.0,False
231,1145,1.0,False
231,1266,0.3,False
231,412,0.3,False
232,13,55.0,True
232,766,40.0,False
232,1145,8.0,False
232,1232,5.8,False
232,591,5.0,False
232,575,5.0,False
232,534,5.0,False
232,1272,1.5,False
232,227,0.5,False
232,1144,0.4,False
233,13,51.0,True
233,786,40.0,False
233,581,5.0,False
233,516,5.0,False
233,392,5.0,False
233,1145,2.0,False
233,575,1.5,False
233,1232,1.0,False
233,412,1.0,False
233,1144,0.3,False
233,1298,0.1,False
233,1266,0.1,False
234,13,110.0,True
234,714,50.0,False
234,856,40.0,False
234,1342,10.0,False
234,553,5.0,False
234,1144,2.0,False
234,457,2.0,False
234,1243,0.3,False
235,38,50.0,True
235,747,20.0,False
235,857,15.0,False
235,1044,15.0,False
235,578,5.0,False
235,581,5.0,False
235,516,5.0,False
235,1141,3.0,False
235,575,2.0,False
235,1266,0.5,False
235,1242,0.5,False
235,412,0.5,False
236,13,50.0,True
236,1359,10.0,False
236,348,10.0,False
236,516,5.0,False
236,392,5.0,False
236,1232,3.0,False
236,1145,2.0,False
236,234,2.0,False
236,412,1.0,False
236,1298,0.1,False
236,1253,0.1,False
237,13,80.0,True
237,856,50.0,False
237,714,30.0,False
237,1342,10.0,False
237,553,5.0,False
237,516,5.0,False
237,1145,2.0,False
237,457,2.0,False
237,512,2.0,False
237,1144,0.5,False
237,1243,0.3,False
238,13,70.0,True
238,856,30.0,False
238,1044,20.0,False
238,748,10.0,False
238,516,10.0,False
238,392,10.0,False
238,1145,3.0,False
238,575,3.0,False
238,1242,2.0,False
238,578,2.0,False
238,581,2.0,False
238,577,2.0,False
238,1390,2.0,False
238,269,1.0,False
238,1243,0.5,False
238,1265,0.3,False
239,13,80.0,True
239,856,20.0,False
239,581,10.0,False
239,516,10.0,False
239,579,7.0,False
239,578,7.0,False
239,577,7.0,False
239,1242,5.0,False
239,1145,5.0,False
240,13,40.0,True
240,375,20.0,False
240,1121,15.0,False
240,516,10.0,False
240,1145,3.0,False
241,13,40.0,True
241,856,15.0,False
241,1368,10.0,False
241,516,5.0,False
241,163,5.0,False
241,392,2.0,False
241,1232,1.0,False
241,1398,1.0,False
241,581,1.0,False
241,1242,0.5,False
241,1144,0.3,False
241,1243,0.3,False
241,1145,0.2,False
241,235,0.2,False
242,13,80.0,True
242,766,50.0,False
242,457,15.0,False
242,330,5.0,False
242,304,5.0,False
242,1241,2.0,False
242,1144,1.0,False
242,412,1.0,False
242,1243,0.5,False
243,766,120.0,True
243,13,90.0,False
243,558,50.0,False
243,1239,15.0,False
243,528,10.0,False
243,512,10.0,False
243,509,8.0,False
243,516,7.0,False
243,1244,5.0,False
243,392,5.0,False
243,457,3.0,False
243,1227,2.0,False
243,553,2.0,False
243,234,1.5,False
243,1271,1.0,False
243,1232,1.0,False
243,1205,1.0,False
243,1144,1.0,False
243,1378,1.0,False
243,1243,0.5,False
244,13,55.0,True
244,856,20.0,False
244,581,10.0,False
244,516,10.0,False
244,579,7.0,False
244,578,7.0,False
244,577,7.0,False
244,1242,5.0,False
244,1145,2.0,False
245,13,70.0,True
245,823,30.0,False
245,516,10.0,False
245,1288,7.0,False
245,581,7.0,False
245,579,7.0,False
245,578,7.0,False
245,577,7.0,False
245,563,7.0,False
245,1232,6.0,False
245,1142,6.0,False
245,574,1.0,False
246,13,80.0,True
246,446,20.0,False
246,392,2.0,False
246,1232,1.0,False
246,1133,1.0,False
246,1075,1.0,False
246,457,1.0,False
246,1241,0.5,False
246,412,0.5,False
247,13,75.0,True
247,856,60.0,False
247,375,40.0,False
247,789,40.0,False
247,516,9.42,False
247,163,9.42,False
247,581,5.42,False
247,153,3.15,False
247,1145,3.0,False
247,392,3.0,False
247,1144,1.89,False
247,1232,1.0,False
247,1074,1.0,False
247,575,0.95,False
247,1243,0.94,False
247,1266,0.63,False
247,412,0.5,False
248,13,75.0,True
248,856,60.0,False
248,558,40.0,False
248,591,30.0,False
248,422,30.0,False
248,367,25.0,False
248,824,21.5,False
248,347,20.0,False
248,613,10.0,False
248,396,10.0,False
248,392,10.0,False
248,478,5.0,False
248,163,5.0,False
248,1144,2.0,False
248,1145,1.0,False
248,234,1.0,False
248,1243,1.0,False
248,1265,0.5,False
248,1232,0.5,False
249,13,70.0,True
249,345,40.0,False
249,422,10.0,False
249,1232,1.0,False
249,1144,1.0,False
249,1243,1.0,False
249,575,1.0,False
249,1241,0.5,False
249,412,0.4,False
250,13,60.0,True
250,613,7.0,False
250,1232,5.0,False
250,606,5.0,False
250,392,3.0,False
250,1253,1.0,False
250,412,0.5,False
250,1243,0.3,False
250,1144,0.1,False
251,13,70.0,True
251,422,40.0,False
251,426,30.0,False
251,1232,2.0,False
251,575,2.0,False
251,1241,1.0,False
251,1133,1.0,False
251,412,0.3,False
252,13,60.0,True
252,558,40.0,False
252,422,10.0,False
252,613,5.0,False
252,1241,2.5,False
252,1232,2.0,False
252,1243,1.0,False
252,1144,0.5,False
252,412,0.5,False
253,13,70.0,True
253,1001,30.0,False
253,1092,4.0,False
253,1232,2.0,False
253,574,2.0,False
253,457,2.0,False
253,1144,1.0,False
253,1390,1.0,False
253,1265,0.2,False
254,137,30.0,True
254,13,20.0,False
254,1239,3.0,False
254,1144,1.0,False
255,1092,100.0,True
255,13,80.0,False
255,1144,20.0,False
255,574,10.0,False
255,1232,5.0,False
255,360,0.5,False
255,354,0.5,False
255,1265,0.2,False
256,13,80.0,True
256,345,50.0,False
256,334,30.0,False
256,516,5.0,False
256,392,3.0,False
256,1232,2.0,False
256,574,2.0,False
256,575,2.0,False
256,578,2.0,False
256,581,2.0,False
256,577,2.0,False
256,1241,1.0,False
256,1133,1.0,False
256,235,1.0,False
256,412,0.3,False
257,275,80.0,True
257,13,60.0,False
257,1246,20.0,False
257,591,20.0,False
257,609,20.0,False
257,387,15.0,False
257,1144,10.0,False
257,575,5.0,False
257,352,3.0,False
257,354,3.0,False
257,209,2.0,False
258,1365,180.0,True
258,589,100.0,False
258,334,90.0,False
258,275,50.0,False
258,578,40.0,False
258,372,35.0,False
258,516,30.0,False
258,1246,12.0,False
258,482,10.0,False
258,1390,5.0,False
258,1133,4.0,False
258,1298,0.3,False
259,1361,70.0,True
259,516,40.0,False
259,1086,35.0,False
259,1060,30.0,False
259,1053,20.0,False
259,1044,10.0,False
259,292,10.0,False
259,574,6.0,False
259,1076,3.0,False
259,360,3.0,False
259,354,2.0,False
259,1133,1.0,False
259,1390,1.0,False
259,1266,0.3,False
260,1419,300.0,True
260,13,150.0,False
260,995,100.0,False
260,275,50.0,False
260,516,45.0,False
260,1390,30.0,False
260,1359,25.0,False
260,591,25.0,False
260,528,25.0,False
260,392,25.0,False
260,613,25.0,False
260,571,25.0,False
260,1144,15.0,False
260,575,15.0,False
260,404,10.0,False
260,1298,1.0,False
261,1361,100.0,True
261,856,40.0,False
261,1419,40.0,False
261,1029,20.0,False
261,1044,20.0,False
261,422,20.0,False
261,1239,20.0,False
261,1060,15.0,False
261,609,10.0,False
261,534,10.0,False
261,1144,8.0,False
261,501,5.0,False
261,434,5.0,False
262,13,100.0,True
262,528,70.0,False
262,534,20.0,False
262,524,20.0,False
262,180,20.0,False
262,1145,15.0,False
262,358,10.0,False
262,516,10.0,False
262,392,10.0,False
262,1232,6.0,False
262,1144,5.0,False
262,1264,2.0,False
262,1243,1.0,False
263,771,100.0,True
263,1361,80.0,False
263,1335,20.0,False
263,516,20.0,False
263,1253,15.0,False
263,265,10.0,False
263,641,10.0,False
263,392,10.0,False
263,1420,3.0,False
264,1361,100.0,True
264,1406,30.0,False
264,180,30.0,False
264,1282,30.0,False
264,1413,15.0,False
264,516,15.0,False
264,524,15.0,False
264,392,15.0,False
264,591,15.0,False
264,534,15.0,False
264,545,10.0,False
264,1142,10.0,False
264,1133,8.0,False
264,489,5.0,False
264,404,5.0,False
264,434,5.0,False
264,412,3.0,False
264,1076,2.0,False
264,292,2.0,False
265,38,150.0,True
265,748,100.0,False
265,516,60.0,False
265,856,60.0,False
265,1040,50.0,False
265,1145,30.0,False
265,577,20.0,False
265,578,20.0,False
265,358,15.0,False
265,412,15.0,False
265,1243,10.0,False
265,1232,6.0,False
265,1298,1.0,False
265,1266,1.0,False
266,1365,200.0,True
266,180,20.0,False
266,766,20.0,False
266,565,20.0,False
266,568,20.0,False
266,1111,15.0,False
266,1289,15.0,False
266,516,10.0,False
266,392,10.0,False
266,461,10.0,False
266,580,5.0,False
266,1295,3.0,False
266,1298,0.1,False
267,38,210.0,True
267,856,60.0,False
267,275,20.0,False
267,817,20.0,False
267,1145,15.0,False
267,596,10.0,False
267,392,10.0,False
267,509,10.0,False
267,516,10.0,False
267,209,10.0,False
267,616,10.0,False
267,412,1.0,False
267,1266,1.0,False
268,38,210.0,True
268,771,60.0,False
268,1145,15.0,False
268,596,10.0,False
268,392,10.0,False
268,509,10.0,False
268,516,10.0,False
268,209,10.0,False
268,618,10.0,False
268,412,1.0,False
268,1266,0.5,False
269,38,210.0,True
269,275,60.0,False
269,817,30.0,False
269,1145,15.0,False
269,596,10.0,False
269,392,10.0,False
269,509,10.0,False
269,516,10.0,False
269,209,10.0,False
269,616,10.0,False
269,412,1.0,False
269,1266,1.0,False
270,38,210.0,True
270,819,40.0,False
270,446,30.0,False
270,575,15.0,False
270,561,10.0,False
270,412,1.0,False
270,1266,1.0,False
271,38,210.0,True
271,817,60.0,False
271,509,20.0,False
271,1145,15.0,False
271,596,10.0,False
271,392,10.0,False
271,516,10.0,False
271,209,10.0,False
271,616,10.0,False
271,412,1.0,False
271,1266,1.0,False
272,38,210.0,True
272,817,30.0,False
272,606,20.0,False
272,596,20.0,False
272,509,20.0,False
272,616,20.0,False
272,1145,15.0,False
272,392,10.0,False
272,516,10.0,False
272,209,10.0,False
272,412,1.0,False
272,1266,1.0,False
273,38,210.0,True
273,843,30.0,False
273,426,30.0,False
273,842,20.0,False
273,516,20.0,False
273,199,10.0,False
273,1246,10.0,False
273,819,10.0,False
273,575,10.0,False
273,354,2.0,False
273,412,1.0,False
273,1266,0.5,False
274,38,210.0,True
274,1053,80.0,False
274,509,20.0,False
274,1145,15.0,False
274,581,15.0,False
274,516,10.0,False
274,209,10.0,False
274,1239,5.0,False
274,354,5.0,False
274,392,5.0,False
274,1232,4.0,False
274,412,1.0,False
275,38,210.0,True
275,786,30.0,False
275,199,30.0,False
275,489,20.0,False
275,392,10.0,False
275,516,10.0,False
275,1144,5.0,False
275,618,3.0,False
275,1232,1.0,False
275,1266,0.5,False
276,38,210.0,True
276,786,30.0,False
276,1040,20.0,False
276,1053,20.0,False
276,863,20.0,False
276,516,20.0,False
276,591,20.0,False
276,209,10.0,False
276,352,5.0,False
276,392,5.0,False
276,1145,5.0,False
276,618,5.0,False
276,1266,0.5,False
277,38,210.0,True
277,786,60.0,False
277,509,20.0,False
277,516,20.0,False
277,1241,10.0,False
277,392,10.0,False
277,1239,5.0,False
277,480,5.0,False
277,575,5.0,False
277,1232,4.0,False
277,234,4.0,False
277,1144,4.0,False
277,1297,2.0,False
277,412,1.0,False
278,38,210.0,True
278,180,30.0,False
278,509,30.0,False
278,516,30.0,False
278,1281,20.0,False
278,786,20.0,False
278,153,5.0,False
278,265,5.0,False
278,209,5.0,False
278,574,2.0,False
278,1266,1.0,False
279,38,210.0,True
279,180,50.0,False
279,786,40.0,False
279,392,30.0,False
279,516,30.0,False
279,1290,20.0,False
279,1145,5.0,False
279,412,2.0,False
279,1266,1.0,False
279,1297,1.0,False
280,38,210.0,True
280,180,30.0,False
280,516,30.0,False
280,786,20.0,False
280,392,10.0,False
280,509,10.0,False
280,606,10.0,False
280,1230,10.0,False
280,412,3.0,False
280,1145,3.0,False
280,51,2.0,False
281,38,210.0,True
281,1061,80.0,False
281,392,20.0,False
281,509,20.0,False
281,528,20.0,False
281,1239,15.0,False
281,1145,15.0,False
281,352,10.0,False
281,475,10.0,False
281,412,5.0,False
281,498,5.0,False
281,1144,3.0,False
281,1232,2.0,False
281,234,1.0,False
282,38,210.0,True
282,1053,50.0,False
282,1040,20.0,False
282,1013,20.0,False
282,1145,15.0,False
282,581,15.0,False
282,1239,10.0,False
282,516,10.0,False
282,354,5.0,False
282,392,5.0,False
282,209,3.0,False
282,1232,2.0,False
282,412,1.0,False
283,38,210.0,True
283,887,70.0,False
283,392,20.0,False
283,509,20.0,False
283,528,20.0,False
283,1239,15.0,False
283,352,10.0,False
283,475,10.0,False
283,412,5.0,False
283,498,5.0,False
283,1144,3.0,False
283,234,1.0,False
284,38,210.0,True
284,887,70.0,False
284,422,30.0,False
284,528,20.0,False
284,1239,15.0,False
284,475,10.0,False
284,509,10.0,False
284,227,5.0,False
284,352,3.0,False
284,1270,3.0,False
284,1144,2.0,False
284,1241,1.0,False
284,412,1.0,False
285,38,210.0,True
285,992,80.0,False
285,505,70.0,False
285,856,60.0,False
285,51,15.0,False
285,1246,10.0,False
285,1239,10.0,False
285,575,3.0,False
285,1241,2.0,False
285,412,1.0,False
285,1297,0.1,False
286,909,400.0,True
286,38,210.0,False
286,1053,80.0,False
286,558,70.0,False
286,856,60.0,False
286,375,30.0,False
286,575,20.0,False
286,1048,3.0,False
286,1243,1.0,False
286,1241,1.0,False
287,38,126.7,True
287,1040,25.0,False
287,1056,15.0,False
287,581,12.4,False
287,517,8.3,False
287,1145,5.0,False
287,354,4.0,False
287,393,4.0,False
287,1232,3.3,False
287,209,2.5,False
287,1239,2.0,False
287,412,0.8,False
288,38,40.8,True
288,788,35.0,False
288,181,29.7,False
288,1289,17.8,False
288,393,15.8,False
288,517,15.8,False
288,1145,3.8,False
288,412,1.1,False
288,1266,1.1,False
288,1297,0.5,False
289,38,200.0,True
289,1342,20.0,False
289,138,15.0,False
289,574,3.0,False
289,1145,2.0,False
289,1069,1.0,False
290,38,200.0,True
290,856,50.0,False
290,516,30.0,False
290,1232,16.0,False
290,234,8.0,False
290,617,6.0,False
290,574,5.0,False
290,412,4.0,False
290,1144,3.0,False
290,1132,2.0,False
290,1145,2.0,False
290,1297,0.05,False
291,1419,80.0,True
291,13,60.0,False
291,959,50.0,False
291,1232,12.0,False
291,412,7.0,False
291,575,4.0,False
291,480,3.0,False
291,1144,2.0,False
291,1241,0.5,False
292,39,180.0,True
292,432,40.0,False
292,836,20.0,False
292,859,18.0,False
292,516,15.0,False
292,1232,12.0,False
292,660,6.0,False
292,354,3.0,False
292,412,3.0,False
292,1256,3.0,False
292,1142,3.0,False
292,1227,3.0,False
292,1297,0.05,False
293,987,40.0,True
293,422,20.0,False
293,856,15.0,False
293,275,5.0,False
293,912,5.0,False
293,1232,2.0,False
293,575,2.0,False
293,1081,1.5,False
293,412,0.6,False
293,1144,0.5,False
293,1266,0.1,False
294,375,40.0,True
294,13,40.0,True
294,428,20.0,False
294,883,15.0,False
294,1144,5.0,False
294,1074,3.0,False
295,13,45.0,True
295,856,30.0,False
295,606,10.0,False
295,581,5.0,False
295,516,5.0,False
295,392,5.0,False
295,1242,3.0,False
295,906,2.0,False
295,1145,1.0,False
295,1144,0.5,False
295,412,0.5,False
296,13,80.0,True
296,1013,20.0,False
296,516,20.0,False
296,1009,10.0,False
296,1053,10.0,False
296,538,10.0,False
296,1232,5.0,False
296,1058,5.0,False
296,1044,5.0,False
296,547,5.0,False
296,457,3.0,False
296,392,3.0,False
296,575,2.0,False
296,613,2.0,False
296,412,2.0,False
296,599,1.0,False
296,480,1.0,False
296,1268,0.5,False
296,1297,0.1,False
297,1366,60.0,True
297,13,60.0,True
297,509,20.0,False
297,516,20.0,False
297,404,3.0,False
297,1239,2.0,False
297,1232,2.0,False
297,235,1.0,False
297,412,1.0,False
297,1241,0.7,False
297,1144,0.5,False
297,1297,0.1,False
298,13,50.0,True
298,766,20.0,False
298,1280,15.0,False
298,591,10.0,False
298,509,10.0,False
298,180,10.0,False
298,516,10.0,False
298,392,5.0,False
298,1145,2.0,False
298,412,1.0,False
299,13,100.0,True
299,1355,60.0,False
299,509,25.0,False
299,516,25.0,False
299,856,12.0,False
299,613,10.0,False
299,392,10.0,False
299,575,8.0,False
299,1232,5.0,False
299,1227,2.0,False
299,1074,1.8,False
299,234,1.5,False
299,412,1.5,False
299,1241,1.0,False
299,906,1.0,False
299,1297,0.4,False
300,13,60.0,True
300,1280,25.0,False
300,180,10.0,False
300,516,10.0,False
300,1145,5.0,False
300,591,5.0,False
300,509,5.0,False
300,392,5.0,False
301,13,80.0,True
301,1370,30.0,False
301,606,30.0,False
301,578,10.0,False
301,581,10.0,False
301,575,10.0,False
301,1148,8.0,False
301,412,5.0,False
301,1241,4.0,False
301,1144,4.0,False
301,209,3.0,False
301,1253,2.0,False
301,1266,0.8,False
301,1297,0.4,False
302,13,80.0,True
302,1053,20.0,False
302,516,20.0,False
302,1013,15.0,False
302,1044,15.0,False
302,578,15.0,False
302,581,15.0,False
302,547,15.0,False
302,509,10.0,False
302,541,5.0,False
302,392,5.0,False
302,1062,4.0,False
302,1242,3.0,False
302,1132,3.0,False
302,1232,2.0,False
302,209,2.0,False
302,613,2.0,False
302,1144,1.0,False
302,1390,1.0,False
303,13,110.0,True
303,785,40.0,False
303,578,30.0,False
303,581,30.0,False
303,516,20.0,False
303,613,10.0,False
303,392,5.0,False
303,1145,3.0,False
303,1242,2.0,False
303,1132,2.0,False
303,209,2.0,False
303,1390,1.0,False
303,1297,0.02,False
304,13,90.0,True
304,589,40.0,False
304,516,7.0,False
304,1113,5.0,False
304,1266,1.0,False
304,1346,1.0,False
304,1124,1.0,False
304,1398,1.0,False
304,1298,0.3,False
305,13,65.0,True
305,275,50.0,False
305,1373,15.0,False
305,613,5.0,False
305,575,3.0,False
305,209,2.0,False
305,1242,1.5,False
305,352,1.5,False
305,354,1.5,False
305,1145,1.0,False
305,412,1.0,False
305,1144,0.5,False
306,13,70.0,True
306,889,20.0,False
306,1252,10.0,False
306,1244,10.0,False
306,478,10.0,False
306,516,10.0,False
306,161,5.0,False
306,1232,3.0,False
306,1071,3.0,False
306,463,3.0,False
306,1253,2.0,False
306,1238,2.0,False
306,234,2.0,False
306,574,2.0,False
306,1145,1.0,False
306,1390,0.5,False
306,480,0.3,False
307,13,35.0,True
307,768,25.0,False
307,163,10.0,False
307,516,6.0,False
307,856,5.0,False
307,1252,2.0,False
307,1232,1.0,False
307,1145,1.0,False
307,1144,1.0,False
307,235,1.0,False
307,1074,1.0,False
307,314,0.2,False
308,13,90.0,True
308,856,60.0,False
308,509,50.0,False
308,1053,40.0,False
308,1044,30.0,False
308,1245,20.0,False
308,49,20.0,False
308,486,20.0,False
308,516,20.0,False
308,574,5.0,False
308,1145,4.0,False
308,1074,3.0,False
309,13,80.0,True
309,951,70.0,False
309,516,20.0,False
309,1235,5.0,False
309,1232,2.0,False
309,1390,0.3,False
309,1272,0.2,False
309,234,0.2,False
310,13,70.0,True
310,1044,30.0,False
310,439,10.0,False
310,516,10.0,False
310,1346,5.0,False
310,1113,4.0,False
310,1124,2.0,False
310,1398,2.0,False
310,1266,1.0,False
310,1298,0.3,False
311,13,80.0,True
311,1289,40.0,False
311,180,40.0,False
311,606,20.0,False
311,392,15.0,False
311,613,10.0,False
311,603,10.0,False
311,265,5.0,False
311,1266,3.0,False
311,516,2.5,False
312,13,40.0,True
312,1355,5.0,False
312,1081,3.0,False
312,1144,1.8,False
312,1232,1.0,False
312,412,0.5,False
313,1060,80.0,True
313,13,60.0,False
313,509,20.0,False
313,516,20.0,False
313,1239,5.0,False
313,575,5.0,False
313,392,5.0,False
313,1074,1.0,False
314,13,80.0,True
314,1060,45.0,False
314,1239,10.0,False
314,1044,10.0,False
314,516,10.0,False
314,392,10.0,False
314,1241,5.0,False
314,234,5.0,False
314,1074,5.0,False
314,574,5.0,False
314,1243,3.0,False
314,1266,2.0,False
315,785,100.0,True
315,13,90.0,False
315,563,60.0,False
315,568,20.0,False
315,1379,20.0,False
315,509,15.0,False
315,516,15.0,False
315,609,10.0,False
315,392,5.0,False
315,1241,3.0,False
315,1239,3.0,False
315,1232,3.0,False
315,235,3.0,False
315,1390,2.0,False
315,1227,1.0,False
315,660,1.0,False
315,480,1.0,False
315,1297,0.1,False
316,785,70.0,True
316,13,70.0,True
316,1289,25.0,False
316,180,20.0,False
316,516,15.0,False
316,568,10.0,False
316,581,3.0,False
316,392,3.0,False
316,1145,1.0,False
316,1266,0.3,False
317,13,45.0,True
317,785,20.0,False
317,856,15.0,False
317,209,10.0,False
317,516,10.0,False
317,234,3.0,False
317,575,2.0,False
317,412,2.0,False
317,1271,1.0,False
317,1232,1.0,False
317,1145,1.0,False
317,1144,1.0,False
317,1265,0.5,False
318,13,90.0,True
318,786,60.0,False
318,509,30.0,False
318,457,10.0,False
318,516,10.0,False
318,1232,4.0,False
318,234,4.0,False
318,1242,2.0,False
318,1265,1.0,False
318,209,1.0,False
318,1390,1.0,False
318,1298,0.04,False
318,1253,0.04,False
319,13,45.0,True
319,785,30.0,False
319,1280,10.0,False
319,180,10.0,False
319,591,5.0,False
319,509,5.0,False
319,516,3.0,False
319,392,3.0,False
319,1253,0.5,False
319,1145,0.5,False
319,412,0.5,False
320,13,50.0,True
320,1269,35.0,False
320,516,15.0,False
320,812,10.0,False
320,1346,10.0,False
320,1113,10.0,False
320,1142,5.0,False
320,606,5.0,False
320,1266,0.8,False
320,1297,0.1,False
321,13,55.0,True
321,1040,40.0,False
321,609,10.0,False
321,1145,9.0,False
321,516,5.0,False
321,392,3.0,False
321,1242,2.0,False
321,1232,1.0,False
321,412,1.0,False
322,13,80.0,True
322,180,50.0,False
322,606,15.0,False
322,516,15.0,False
322,1289,8.0,False
322,392,7.0,False
322,1370,5.0,False
322,1145,4.0,False
323,13,100.0,True
323,180,40.0,False
323,1415,30.0,False
323,1370,30.0,False
323,516,25.0,False
323,392,15.0,False
323,606,10.0,False
323,1148,5.0,False
324,564,100.0,True
324,13,80.0,False
324,823,35.0,False
324,606,10.0,False
324,516,10.0,False
324,1124,5.0,False
324,1227,3.0,False
324,412,3.0,False
324,1142,2.0,False
324,488,2.0,False
324,1266,1.0,False
324,1398,1.0,False
324,1298,0.3,False
324,1294,0.1,False
324,1297,0.01,False
325,13,50.0,True
325,1393,45.0,False
325,516,10.0,False
325,509,5.0,False
325,392,5.0,False
325,1297,3.0,False
325,1266,3.0,False
326,786,2.4,True
326,13,1.8,False
326,516,1.6,False
326,606,1.0,False
326,1255,0.4,False
326,1293,0.3,False
326,461,0.3,False
326,1242,0.2,False
326,360,0.2,False
326,1142,0.1,False
326,412,0.08,False
326,1298,0.04,False
326,1253,0.04,False
326,1232,0.04,False
326,234,0.03,False
326,1266,0.01,False
327,275,100.0,True
327,13,60.0,False
327,1044,10.0,False
327,516,10.0,False
327,1424,5.0,False
327,785,5.0,False
327,392,5.0,False
327,1242,2.0,False
327,1132,2.0,False
327,574,2.0,False
327,1390,2.0,False
327,1145,1.0,False
327,210,1.0,False
328,277,60.0,True
328,13,60.0,True
328,785,15.0,False
328,516,10.0,False
328,1424,5.0,False
328,392,5.0,False
328,1242,2.0,False
328,1145,2.0,False
328,1132,2.0,False
328,574,2.0,False
328,1390,2.0,False
328,1227,1.0,False
328,1247,1.0,False
328,234,1.0,False
328,1241,0.2,False
328,209,0.2,False
328,480,0.1,False
329,13,60.0,True
329,275,40.0,False
329,1373,5.0,False
329,578,3.0,False
329,581,3.0,False
329,516,3.0,False
329,1136,1.0,False
329,209,1.0,False
329,575,1.0,False
329,1144,0.5,False
330,13,80.0,True
330,321,30.0,False
330,1044,30.0,False
330,1289,20.0,False
330,589,20.0,False
330,180,20.0,False
330,516,20.0,False
330,581,10.0,False
330,489,10.0,False
330,606,10.0,False
330,1145,2.0,False
331,13,75.0,True
331,589,40.0,False
331,1370,30.0,False
331,180,30.0,False
331,516,20.0,False
331,1289,10.0,False
331,461,10.0,False
331,392,7.0,False
331,578,2.0,False
331,581,2.0,False
331,577,2.0,False
332,13,50.0,True
332,610,30.0,False
332,516,10.0,False
332,856,5.0,False
332,575,5.0,False
332,1253,1.0,False
332,1232,1.0,False
332,1145,1.0,False
332,1298,0.2,False
332,1144,0.2,False
332,1243,0.2,False
333,856,120.0,True
333,13,90.0,False
333,785,30.0,False
333,180,20.0,False
333,516,15.0,False
333,1289,12.0,False
333,581,3.0,False
333,392,3.0,False
333,1145,0.5,False
333,1266,0.3,False
334,334,110.0,True
334,785,40.0,False
334,516,20.0,False
334,209,5.0,False
334,575,5.0,False
334,358,5.0,False
334,354,5.0,False
334,1242,3.0,False
334,1232,3.0,False
334,1148,3.0,False
334,412,2.5,False
334,1272,1.5,False
334,1266,1.0,False
334,234,0.9,False
334,1298,0.5,False
335,1350,150.0,True
335,766,70.0,False
335,856,55.0,False
335,558,30.0,False
335,289,25.0,False
335,1418,25.0,False
335,11,25.0,False
335,516,15.0,False
335,412,10.0,False
335,575,10.0,False
335,1232,6.0,False
335,1266,2.0,False
335,1298,1.0,False
336,1361,50.0,True
336,1077,50.0,True
336,1406,25.0,False
336,498,20.0,False
336,399,20.0,False
336,275,15.0,False
336,390,10.0,False
336,1239,5.0,False
336,1246,5.0,False
337,38,200.0,True
337,823,150.0,False
337,516,60.0,False
337,856,60.0,False
337,1145,30.0,False
337,610,20.0,False
337,354,18.0,False
337,358,15.0,False
337,574,15.0,False
337,1347,15.0,False
337,1390,10.0,False
337,575,10.0,False
337,1232,6.0,False
337,1243,5.0,False
337,1144,5.0,False
337,1298,1.0,False
338,1007,100.0,True
338,163,50.0,False
338,1040,25.0,False
338,995,25.0,False
338,524,25.0,False
338,589,25.0,False
338,392,15.0,False
338,1144,15.0,False
338,1223,15.0,False
338,1145,15.0,False
338,1390,7.0,False
338,1298,1.0,False
339,13,60.0,True
339,589,50.0,False
339,1120,27.0,False
339,1113,18.0,False
339,613,15.0,False
339,1144,5.0,False
339,1266,1.0,False
340,1365,200.0,True
340,275,50.0,False
340,613,30.0,False
340,334,20.0,False
340,856,15.0,False
340,516,10.0,False
340,1232,2.0,False
340,869,1.0,False
340,1075,1.0,False
340,209,1.0,False
340,1227,1.0,False
340,233,1.0,False
340,1298,0.1,False
341,909,150.0,True
341,1113,100.0,False
341,589,50.0,False
341,298,30.0,False
341,1080,20.0,False
341,163,15.0,False
341,1266,1.0,False
342,1354,200.0,True
342,1411,200.0,True
342,38,150.0,False
342,1403,70.0,False
342,1256,30.0,False
342,180,30.0,False
342,512,30.0,False
342,1142,25.0,False
342,412,25.0,False
342,1389,20.0,False
342,1283,15.0,False
342,1232,12.0,False
342,1297,2.0,False
342,1298,1.0,False
343,766,100.0,True
343,516,60.0,False
343,136,50.0,False
343,163,50.0,False
343,581,50.0,False
343,580,50.0,False
343,1142,50.0,False
343,613,30.0,False
343,1346,30.0,False
343,1113,30.0,False
343,1390,15.0,False
343,360,10.0,False
343,563,10.0,False
343,1264,2.0,False
344,38,210.0,True
344,428,20.0,False
344,489,15.0,False
344,1021,13.0,False
344,860,10.0,False
344,530,10.0,False
344,1069,2.0,False
344,1144,2.0,False
344,315,1.0,False
345,38,210.0,True
345,804,15.0,False
345,428,15.0,False
345,860,15.0,False
345,489,15.0,False
345,1065,10.0,False
345,1145,5.0,False
345,1069,2.0,False
345,1144,2.0,False
346,38,210.0,True
346,428,20.0,False
346,489,15.0,False
346,1065,10.0,False
346,860,10.0,False
346,530,10.0,False
346,1069,2.0,False
346,1144,2.0,False
346,315,1.0,False
347,38,210.0,True
347,428,15.0,False
347,490,15.0,False
347,806,10.0,False
347,860,10.0,False
347,530,10.0,False
347,1144,3.0,False
347,1069,2.0,False
347,315,1.0,False
348,38,210.0,True
348,1083,50.0,False
348,278,35.0,False
348,1043,3.0,False
349,38,210.0,True
349,392,15.0,False
349,516,15.0,False
349,530,15.0,False
349,818,10.0,False
349,292,3.0,False
349,1266,1.0,False
349,412,1.0,False
349,1144,1.0,False
349,1297,1.0,False
350,38,210.0,True
350,1029,20.0,False
350,1270,10.0,False
350,234,3.0,False
350,1232,2.0,False
350,1266,1.0,False
350,1236,1.0,False
351,38,210.0,True
351,1040,30.0,False
351,1270,10.0,False
351,234,3.0,False
351,1232,2.0,False
351,1266,1.0,False
351,1236,1.0,False
352,38,210.0,True
352,1270,10.0,False
352,234,6.0,False
352,950,5.0,False
352,1232,5.0,False
352,1236,2.0,False
352,1266,1.0,False
353,38,210.0,True
353,278,40.0,False
353,490,20.0,False
353,1270,10.0,False
353,234,3.0,False
353,1144,2.0,False
353,1232,2.0,False
353,315,2.0,False
353,1266,1.0,False
354,38,210.0,True
354,960,40.0,False
354,1270,10.0,False
354,234,3.0,False
354,1232,2.0,False
354,1266,1.0,False
354,1236,1.0,False
355,38,210.0,True
355,891,40.0,False
355,1270,10.0,False
355,234,3.0,False
355,1232,2.0,False
355,1266,1.0,False
355,1236,1.0,False
356,1419,100.0,True
356,13,45.0,False
356,4,30.0,False
356,478,20.0,False
356,390,6.0,False
356,1246,6.0,False
356,1144,5.0,False
356,412,3.0,False
356,354,2.0,False
356,1239,2.0,False
356,227,2.0,False
356,1243,1.5,False
356,1266,0.1,False
357,42,180.0,True
357,275,60.0,False
357,234,10.0,False
357,1270,10.0,False
357,1253,5.0,False
357,1232,3.0,False
357,1069,2.0,False
357,1266,1.4,False
358,1419,90.0,True
358,13,40.0,False
358,138,30.0,False
358,1385,20.0,False
358,516,10.0,False
358,606,10.0,False
358,428,10.0,False
358,534,10.0,False
358,1232,5.0,False
358,1144,4.0,False
358,1227,3.0,False
358,575,3.0,False
358,1145,3.0,False
358,660,3.0,False
358,1069,2.0,False
358,234,2.0,False
358,412,2.0,False
358,209,1.0,False
358,1261,1.0,False
358,1266,0.7,False
358,1243,0.5,False
359,1419,75.0,True
359,42,70.0,False
359,163,30.0,False
359,837,20.0,False
359,534,20.0,False
359,46,15.0,False
359,392,10.0,False
359,1232,8.0,False
359,1227,3.0,False
359,1144,3.0,False
359,227,2.0,False
359,1297,0.05,False
360,1419,110.0,True
360,1364,50.0,False
360,334,40.0,False
360,609,30.0,False
360,13,25.0,False
360,1270,6.0,False
360,1232,6.0,False
360,234,5.0,False
360,227,4.0,False
360,1238,2.0,False
360,1266,1.0,False
361,13,30.0,True
361,1074,4.0,False
361,1144,1.0,False
361,1243,0.5,False
361,1266,0.3,False
362,13,40.0,True
362,1053,20.0,False
362,1065,5.0,False
362,1241,2.0,False
362,660,1.0,False
362,1232,1.0,False
362,1144,1.0,False
362,1340,1.0,False
362,234,1.0,False
362,227,1.0,False
363,13,70.0,True
363,889,50.0,False
363,180,10.0,False
363,591,5.0,False
363,516,5.0,False
363,392,5.0,False
363,1232,0.5,False
363,1145,0.5,False
363,1144,0.5,False
363,1243,0.3,False
364,13,58.0,True
364,806,11.0,False
364,163,7.0,False
364,428,3.5,False
364,516,3.5,False
364,392,3.5,False
364,1074,3.0,False
364,1243,1.5,False
364,1266,1.0,False
364,1144,0.5,False
365,375,50.0,True
365,13,40.0,False
365,889,5.0,False
365,1274,2.0,False
365,234,2.0,False
365,1144,1.0,False
365,1243,1.0,False
365,1390,1.0,False
365,354,0.2,False
365,1297,0.03,False
366,13,50.0,True
366,1370,20.0,False
366,516,5.0,False
366,581,3.0,False
366,392,3.0,False
366,1266,1.0,False
366,1144,0.5,False
366,412,0.5,False
366,1297,0.02,False
367,13,35.0,True
367,811,10.0,False
367,591,5.0,False
367,516,5.0,False
367,392,5.0,False
367,1145,0.5,False
367,1144,0.5,False
367,1266,0.3,False
367,1243,0.3,False
368,13,60.0,True
368,908,3.5,False
368,1145,2.0,False
368,227,2.0,False
368,1074,2.0,False
368,234,0.3,False
368,1243,0.3,False
369,1365,100.0,True
369,275,76.0,False
369,990,14.0,False
369,516,14.0,False
369,392,14.0,False
369,591,14.0,False
369,1246,14.0,False
369,1144,13.0,False
369,451,10.0,False
369,399,8.0,False
369,1142,8.0,False
369,404,6.0,False
369,1026,6.0,False
369,1241,4.0,False
369,1390,4.0,False
369,354,4.0,False
369,360,4.0,False
369,434,3.0,False
369,1243,3.0,False
370,1369,80.0,True
370,1364,50.0,False
370,13,50.0,False
370,509,50.0,False
370,390,10.0,False
370,1232,10.0,False
370,354,5.0,False
370,1144,5.0,False
370,1076,2.0,False
371,1406,100.0,True
371,856,50.0,False
371,1092,30.0,False
371,1072,5.0,False
371,1144,4.0,False
371,1243,2.0,False
371,233,2.0,False
371,1271,2.0,False
372,1409,200.0,True
372,51,30.0,False
372,832,15.0,False
372,233,15.0,False
372,1044,10.0,False
372,747,10.0,False
372,458,10.0,False
372,1271,10.0,False
372,570,10.0,False
372,1144,7.0,False
372,354,7.0,False
372,352,7.0,False
372,1390,4.0,False
372,1298,1.0,False
373,1365,150.0,True
373,1366,80.0,False
373,1113,20.0,False
373,426,20.0,False
373,1120,20.0,False
373,1144,20.0,False
373,334,15.0,False
373,594,15.0,False
373,392,15.0,False
373,589,10.0,False
373,516,10.0,False
373,1381,10.0,False
373,609,5.0,False
373,1232,5.0,False
373,653,5.0,False
373,225,5.0,False
373,1298,3.0,False
373,1252,2.0,False
373,1243,2.0,False
374,1361,200.0,True
374,857,60.0,False
374,408,30.0,False
374,1381,20.0,False
374,516,20.0,False
374,531,20.0,False
374,1252,20.0,False
374,1421,15.0,False
374,1069,5.0,False
374,1144,5.0,False
374,1243,3.0,False
374,233,3.0,False
375,1365,150.0,True
375,856,30.0,False
375,578,15.0,False
375,747,15.0,False
375,889,12.0,False
375,1381,10.0,False
375,1232,5.0,False
375,1252,2.5,False
375,1069,2.0,False
375,233,0.5,False
376,856,80.0,True
376,1361,60.0,False
376,568,50.0,False
376,265,30.0,False
376,889,25.0,False
376,594,15.0,False
376,392,15.0,False
376,334,15.0,False
376,1403,8.0,False
376,1142,5.0,False
376,225,5.0,False
376,358,5.0,False
376,555,3.0,False
376,1298,3.0,False
376,1271,3.0,False
376,1069,2.0,False
376,1250,2.0,False
377,1365,200.0,True
377,1053,130.0,False
377,825,60.0,False
377,856,50.0,False
377,578,30.0,False
377,580,30.0,False
377,609,30.0,False
377,392,20.0,False
377,404,20.0,False
377,1144,15.0,False
377,660,15.0,False
377,1239,3.0,False
377,1069,2.0,False
378,995,40.0,True
378,1364,30.0,False
378,591,20.0,False
378,609,20.0,False
378,534,20.0,False
378,578,15.0,False
378,577,15.0,False
378,579,15.0,False
378,165,5.0,False
378,1271,2.5,False
378,233,2.0,False
378,1093,1.0,False
378,1253,1.0,False
378,652,0.3,False
378,1076,0.1,False
379,13,70.0,True
379,298,20.0,False
379,163,10.0,False
380,13,80.0,True
380,163,10.0,False
380,1420,0.01,False
381,987,80.0,True
381,13,80.0,True
381,422,50.0,False
381,613,15.0,False
382,13,90.0,True
382,1410,2.0,False
382,1158,0.3,False
383,163,30.0,True
383,13,20.0,False
383,300,8.0,False
383,613,7.0,False
383,1335,2.0,False
384,13,80.0,True
384,1013,20.0,False
384,1232,5.0,False
384,1144,5.0,False
384,1076,2.0,False
385,13,60.0,True
385,1351,20.0,False
385,534,5.0,False
385,306,3.0,False
385,1075,2.0,False
385,1253,1.0,False
385,1232,1.0,False
385,1266,0.5,False
386,13,60.0,True
386,163,20.0,False
386,1091,5.0,False
387,13,70.0,True
387,1370,40.0,False
387,1269,20.0,False
387,1391,15.0,False
387,1120,10.0,False
387,516,10.0,False
387,578,5.0,False
387,581,5.0,False
387,1268,0.5,False
387,1298,0.1,False
388,13,80.0,True
388,1413,50.0,False
389,13,70.0,True
389,163,10.0,False
389,300,8.0,False
389,613,7.0,False
389,1335,4.0,False
390,89,80.0,True
391,90,80.0,True
392,114,80.0,True
393,93,80.0,True
394,92,80.0,True
395,100,80.0,True
396,103,100.0,True
397,102,100.0,True
398,54,50.0,True
398,860,13.0,False
398,1113,10.0,False
398,1145,5.0,False
399,102,80.0,True
399,860,50.0,False
399,1113,50.0,False
399,1137,10.0,False
399,1266,1.0,False
400,1327,150.0,True
401,1328,60.0,True
402,1329,150.0,True
403,91,100.0,True
404,94,100.0,True
405,95,100.0,True
406,96,100.0,True
407,97,100.0,True
408,98,100.0,True
409,99,100.0,True
410,101,100.0,True
411,102,100.0,True
412,104,100.0,True
413,105,100.0,True
414,106,100.0,True
415,107,100.0,True
416,108,100.0,True
417,109,100.0,True
418,110,100.0,True
419,111,100.0,True
420,112,100.0,True
420,1325,100.0,True
421,113,100.0,True
422,115,100.0,True
423,116,100.0,True
424,117,100.0,True
425,118,100.0,True
426,119,100.0,True
427,120,100.0,True
428,121,100.0,True
429,122,100.0,True
430,123,100.0,True
431,124,100.0,True
432,125,100.0,True
433,126,100.0,True
434,127,100.0,True
435,128,100.0,True
436,177,100.0,True
437,179,100.0,True
438,1324,100.0,True
439,1326,100.0,True
440,1391,31.0,True
440,625,15.0,False
440,153,15.0,False
440,1379,10.0,False
440,1124,5.0,False
440,329,4.0,False
440,303,4.0,False
441,586,70.0,True
441,52,30.0,False
441,234,10.0,False
441,1145,2.0,False
441,1338,1.2,False
441,1266,0.4,False
442,856,60.0,True
442,1113,50.0,False
442,47,30.0,False
442,516,20.0,False
442,812,10.0,False
442,234,7.0,False
442,1137,7.0,False
442,1266,0.4,False
443,766,50.0,True
443,1391,40.0,False
443,563,30.0,False
443,714,20.0,False
443,1379,15.0,False
443,518,10.0,False
443,581,8.0,False
443,580,8.0,False
443,1287,8.0,False
443,1142,5.0,False
443,412,3.0,False
443,653,3.0,False
443,225,2.0,False
443,1266,0.4,False
443,1297,0.1,False
444,1113,40.0,True
444,409,30.0,False
444,565,30.0,False
444,6,20.0,False
444,856,20.0,False
444,606,15.0,False
444,812,15.0,False
444,1379,15.0,False
444,51,10.0,False
444,516,8.0,False
444,1270,6.0,False
444,1142,6.0,False
444,1121,5.0,False
444,225,5.0,False
444,234,3.0,False
444,1266,0.8,False
444,1297,0.05,False
445,102,60.0,True
445,1121,25.0,False
445,646,12.0,False
445,811,10.0,False
445,1104,10.0,False
445,1137,4.0,False
445,412,2.0,False
445,1124,2.0,False
445,1294,0.1,False
446,1419,60.0,True
446,1391,40.0,False
446,817,30.0,False
446,136,25.0,False
446,375,20.0,False
446,13,15.0,False
446,516,15.0,False
446,392,10.0,False
446,1232,4.0,False
446,575,3.0,False
446,1145,2.0,False
446,234,1.0,False
446,1144,1.0,False
446,1243,0.5,False
447,133,40.0,True
447,1216,20.0,False
447,1113,20.0,False
447,257,10.0,False
447,265,10.0,False
447,298,4.0,False
447,234,3.0,False
448,856,50.0,True
448,48,10.0,False
448,234,7.0,False
448,1146,7.0,False
448,1113,5.0,False
448,227,4.0,False
448,133,2.0,False
448,1266,0.1,False
449,1403,50.0,True
449,1391,31.0,False
449,1120,10.0,False
449,234,9.0,False
449,329,4.0,False
449,1137,3.0,False
449,1142,3.0,False
449,309,2.0,False
449,1237,0.1,False
449,1266,0.1,False
450,162,10.0,True
450,1419,10.0,True
450,1412,10.0,True
450,304,8.0,False
450,138,7.0,False
450,1123,5.0,False
450,742,3.0,False
450,234,3.0,False
450,1145,2.0,False
450,1266,0.3,False
451,670,25.0,True
451,14,12.0,False
451,856,10.0,False
451,1137,7.0,False
451,235,6.0,False
451,1337,0.2,False
451,1266,0.1,False
452,814,40.0,True
452,1391,40.0,True
452,1120,15.0,False
452,578,10.0,False
452,577,10.0,False
452,163,7.0,False
452,13,7.0,False
452,1364,7.0,False
452,138,6.0,False
452,516,6.0,False
452,153,6.0,False
452,1145,4.0,False
452,161,3.0,False
452,1232,3.0,False
452,234,2.0,False
452,1227,2.0,False
452,412,2.0,False
452,575,1.0,False
452,1243,1.0,False
452,1144,1.0,False
453,1113,20.0,True
453,153,15.0,False
453,51,10.0,False
453,856,10.0,False
453,234,7.0,False
453,152,5.0,False
453,1145,1.0,False
453,1337,0.4,False
453,1266,0.1,False
454,1419,80.0,True
454,156,30.0,False
454,13,30.0,False
454,1145,22.0,False
454,606,15.0,False
454,856,12.0,False
454,581,10.0,False
454,153,8.0,False
454,1379,8.0,False
454,48,6.0,False
454,1232,6.0,False
454,50,5.0,False
454,1144,2.0,False
454,1266,0.5,False
454,1297,0.1,False
454,1294,0.05,False
455,1419,40.0,True
455,13,30.0,False
455,234,13.0,False
455,392,10.0,False
455,516,10.0,False
455,180,10.0,False
455,1120,10.0,False
455,1137,2.0,False
455,1296,2.0,False
455,1252,2.0,False
455,1145,1.0,False
455,1266,0.3,False
456,1113,40.0,True
456,285,20.0,False
456,856,15.0,False
456,162,15.0,False
456,225,10.0,False
456,234,3.0,False
456,1145,3.0,False
456,1243,1.0,False
456,1266,0.2,False
457,110,100.0,True
457,670,50.0,False
457,1403,50.0,False
457,1111,30.0,False
457,461,25.0,False
457,392,25.0,False
457,565,25.0,False
457,225,15.0,False
457,304,15.0,False
457,739,10.0,False
458,55,30.0,True
459,63,110.0,True
460,68,85.0,True
461,18,110.0,True
462,141,110.0,True
463,316,10.0,True
464,166,60.0,True
465,315,160.0,True
465,234,12.0,False
465,1145,5.0,False
465,227,4.0,False
466,51,1000.0,True
466,227,400.0,False
466,1227,200.0,False
466,1145,100.0,False
466,1144,100.0,False
466,234,24.0,False
466,480,20.0,False
466,1237,16.0,False
466,1266,12.0,False
466,310,3.0,False
467,234,78.0,True
467,1335,60.0,False
467,227,40.0,False
467,225,7.0,False
468,17,100.0,True
469,19,100.0,True
470,56,100.0,True
471,57,100.0,True
472,58,100.0,True
473,59,100.0,True
474,60,100.0,True
475,61,100.0,True
476,62,100.0,True
477,64,100.0,True
478,65,100.0,True
479,66,100.0,True
480,67,100.0,True
481,69,100.0,True
482,70,100.0,True
483,71,100.0,True
484,72,100.0,True
485,73,100.0,True
486,74,100.0,True
487,75,100.0,True
488,76,100.0,True
489,77,100.0,True
490,78,100.0,True
491,142,100.0,True
492,143,100.0,True
493,144,100.0,True
494,145,100.0,True
495,146,100.0,True
496,147,100.0,True
497,154,100.0,True
498,167,100.0,True
499,168,100.0,True
500,169,100.0,True
501,190,100.0,True
502,191,100.0,True
503,223,100.0,True
504,224,100.0,True
505,226,100.0,True
506,229,100.0,True
507,230,100.0,True
508,231,100.0,True
509,232,100.0,True
510,237,100.0,True
511,238,100.0,True
512,246,100.0,True
513,247,100.0,True
514,248,100.0,True
515,249,100.0,True
516,250,100.0,True
517,251,100.0,True
518,253,100.0,True
519,254,100.0,True
520,255,100.0,True
521,256,100.0,True
522,163,670.0,True
522,234,163.0,False
522,17,120.0,False
522,18,120.0,False
522,13,100.0,False
522,269,85.0,False
522,225,63.0,False
522,315,60.0,False
522,313,60.0,False
522,310,45.0,False
522,1223,30.0,False
522,268,15.0,False
522,1266,1.0,False
523,1145,420.0,True
523,135,220.0,False
523,234,150.0,False
523,225,40.0,False
523,480,20.0,False
523,310,8.0,False
523,1266,4.0,False
523,1237,1.0,False
524,396,200.0,True
524,234,100.0,False
524,225,40.0,False
524,1266,4.0,False
525,1145,420.0,True
525,51,220.0,False
525,234,150.0,False
525,225,40.0,False
525,480,20.0,False
525,310,8.0,False
525,1266,4.0,False
525,1237,1.0,False
526,163,1800.0,True
526,135,120.0,False
526,269,8.0,False
527,1145,500.0,True
527,268,160.0,False
527,271,160.0,False
527,227,145.0,False
527,234,75.0,False
527,1144,3.0,False
528,1408,100.0,True
529,1425,100.0,True
530,244,12.0,True
530,1364,7.0,False
530,3,7.0,False
530,642,5.0,False
530,1419,5.0,False
530,236,4.0,False
530,1137,4.0,False
530,329,3.0,False
530,303,3.0,False
530,331,2.0,False
530,1266,0.2,False
530,1237,0.2,False
531,48,11.0,True
531,1137,11.0,True
531,1113,6.0,False
531,234,3.0,False
531,133,2.0,False
531,1266,0.1,False
532,244,13.0,True
532,1145,5.0,False
532,156,4.0,False
532,163,4.0,False
532,1,4.0,False
532,136,4.0,False
532,742,3.0,False
532,234,3.0,False
532,327,2.0,False
532,313,1.0,False
533,48,15.0,True
533,1137,7.0,False
533,856,6.0,False
533,71,6.0,False
533,236,4.0,False
533,234,2.0,False
533,1337,0.3,False
533,1237,0.1,False
533,1266,0.1,False
534,858,10.0,True
534,329,8.0,False
534,295,8.0,False
534,234,4.0,False
534,1137,3.0,False
534,331,3.0,False
534,48,2.0,False
535,304,50.0,True
535,1364,25.0,False
535,156,25.0,False
535,138,25.0,False
535,221,25.0,False
535,233,25.0,False
535,313,10.0,False
535,1145,10.0,False
536,80,200.0,True
536,593,50.0,False
536,857,30.0,False
536,517,30.0,False
536,575,10.0,False
536,909,6.0,False
536,412,5.0,False
536,1234,3.0,False
536,1144,2.0,False
536,1297,2.0,False
536,1243,1.0,False
536,1266,1.0,False
537,374,200.0,True
537,288,90.0,False
537,422,40.0,False
537,528,40.0,False
537,675,30.0,False
537,857,25.0,False
537,820,10.0,False
537,1232,4.0,False
537,1144,2.0,False
537,234,1.0,False
538,1301,117.0,True
538,857,50.0,False
538,573,2.0,False
539,9,90.0,True
539,422,30.0,False
539,820,20.0,False
539,528,20.0,False
539,1234,15.0,False
539,1144,2.0,False
539,573,2.0,False
539,1236,1.0,False
539,1074,1.0,False
540,10,120.0,True
540,1306,90.0,False
540,422,30.0,False
540,820,30.0,False
540,857,25.0,False
540,528,20.0,False
540,1270,5.0,False
540,1266,4.0,False
540,1236,1.0,False
540,412,1.0,False
541,10,120.0,True
541,1306,90.0,False
541,427,40.0,False
541,528,40.0,False
541,857,25.0,False
541,509,20.0,False
541,1239,10.0,False
541,820,10.0,False
541,1144,2.0,False
541,234,1.0,False
542,80,100.0,True
542,530,18.0,False
542,563,15.0,False
542,315,3.0,False
542,909,2.0,False
542,1266,2.0,False
543,181,30.0,True
543,51,20.0,False
543,593,15.0,False
543,517,10.0,False
543,909,5.0,False
543,575,5.0,False
543,1234,2.0,False
543,412,1.0,False
543,1266,1.0,False
544,51,75.0,True
544,181,60.0,False
544,593,24.0,False
544,857,20.0,False
544,575,17.0,False
544,909,7.0,False
544,412,3.0,False
544,1234,2.0,False
544,1279,1.0,False
544,1266,1.0,False
545,80,100.0,True
545,378,50.0,False
545,857,25.0,False
545,820,10.0,False
545,573,5.0,False
545,1074,1.0,False
546,82,100.0,True
546,857,50.0,False
546,1065,10.0,False
546,1066,5.0,False
546,1266,4.0,False
546,412,1.0,False
546,575,1.0,False
547,80,100.0,True
547,278,30.0,False
547,857,20.0,False
547,995,10.0,False
547,820,10.0,False
547,498,10.0,False
547,573,10.0,False
547,909,3.0,False
547,1266,1.0,False
548,80,90.0,True
548,593,50.0,False
548,857,30.0,False
548,517,10.0,False
548,575,5.0,False
548,909,3.0,False
548,1234,2.0,False
548,1266,1.0,False
549,82,100.0,True
549,510,30.0,False
549,788,20.0,False
549,517,20.0,False
549,593,20.0,False
549,528,10.0,False
549,1138,5.0,False
549,209,5.0,False
549,480,1.0,False
549,234,1.0,False
549,573,1.0,False
550,82,100.0,True
550,1056,30.0,False
550,510,30.0,False
550,517,30.0,False
550,593,30.0,False
550,1013,20.0,False
550,995,10.0,False
550,393,10.0,False
550,539,10.0,False
550,1145,5.0,False
550,1266,4.0,False
550,1241,3.0,False
550,412,2.0,False
551,84,100.0,True
551,528,30.0,False
551,857,25.0,False
551,509,20.0,False
551,1239,15.0,False
551,1270,5.0,False
551,234,3.0,False
551,1144,2.0,False
551,292,1.0,False
552,10,120.0,True
552,1306,100.0,False
552,427,40.0,False
552,528,40.0,False
552,857,25.0,False
552,1239,10.0,False
552,820,10.0,False
552,1270,5.0,False
552,1144,2.0,False
552,1236,1.0,False
552,1241,1.0,False
552,412,1.0,False
552,234,1.0,False
553,86,90.0,True
553,775,60.0,False
553,593,30.0,False
553,573,5.0,False
553,352,3.0,False
553,1234,2.0,False
553,412,1.0,False
554,51,80.0,True
554,593,35.0,False
554,857,20.0,False
554,820,15.0,False
554,181,15.0,False
554,1234,7.0,False
554,575,5.0,False
554,618,3.0,False
554,909,2.0,False
554,1144,2.0,False
554,1074,1.0,False
554,412,1.0,False
554,1266,1.0,False
555,80,100.0,True
555,270,80.0,False
555,528,20.0,False
555,354,2.0,False
555,1266,2.0,False
555,315,1.0,False
556,10,120.0,True
556,1306,100.0,False
556,977,50.0,False
556,427,30.0,False
556,857,25.0,False
556,1239,15.0,False
556,227,5.0,False
556,1270,5.0,False
556,234,4.0,False
556,1241,3.0,False
556,1266,3.0,False
556,1236,2.0,False
556,1144,2.0,False
556,412,1.0,False
557,370,300.0,True
557,181,300.0,True
557,51,220.0,False
557,593,130.0,False
557,7,100.0,False
557,1234,15.0,False
557,1144,14.0,False
557,412,12.0,False
557,1243,12.0,False
557,575,9.0,False
557,1241,6.0,False
557,1074,2.0,False
557,1266,2.0,False
557,1232,2.0,False
558,80,200.0,True
558,860,50.0,False
558,528,40.0,False
558,509,30.0,False
558,393,20.0,False
558,517,20.0,False
558,1145,19.0,False
558,1243,4.0,False
558,1144,3.5,False
559,51,97.6,True
559,181,97.6,True
559,593,29.4,False
559,857,19.5,False
559,575,16.6,False
559,909,6.7,False
559,1139,4.9,False
559,412,2.9,False
559,1234,1.9,False
559,1279,1.1,False
559,1266,1.1,False
560,1419,330.0,True
560,85,60.0,False
560,259,30.0,False
560,234,8.0,False
560,1266,2.5,False
560,309,2.0,False
561,1077,300.0,True
561,288,70.0,False
561,856,30.0,False
561,591,20.0,False
561,986,20.0,False
561,616,15.0,False
561,798,15.0,False
561,1232,9.0,False
561,574,8.0,False
561,412,5.0,False
561,360,2.0,False
561,354,2.0,False
561,1144,1.0,False
561,1266,0.6,False
561,1297,0.2,False
562,1419,330.0,True
562,180,70.0,False
562,51,60.0,False
562,591,20.0,False
562,1234,15.0,False
562,392,10.0,False
562,906,9.0,False
562,292,7.0,False
562,163,4.0,False
562,1076,2.0,False
563,856,50.0,True
563,8,50.0,True
563,464,40.0,False
563,392,15.0,False
563,1253,3.0,False
563,1069,2.0,False
563,1144,2.0,False
563,1232,2.0,False
563,1145,1.0,False
563,1243,0.5,False
563,1266,0.2,False
563,1297,0.05,False
564,1419,100.0,True
564,563,30.0,False
564,8,30.0,False
564,1339,20.0,False
564,530,20.0,False
564,422,20.0,False
564,466,15.0,False
564,1232,10.0,False
564,1270,10.0,False
564,234,7.0,False
564,906,3.0,False
564,412,2.0,False
564,1144,2.0,False
564,1076,1.0,False
565,1419,300.0,True
565,180,70.0,False
565,6,35.0,False
565,591,20.0,False
565,459,20.0,False
565,51,15.0,False
565,392,10.0,False
565,516,10.0,False
565,906,9.0,False
565,1232,7.0,False
565,575,6.0,False
565,412,4.0,False
565,354,3.0,False
565,1145,2.0,False
565,360,2.0,False
565,1034,2.0,False
565,1076,2.0,False
565,292,2.0,False
565,1144,2.0,False
565,1266,1.8,False
565,1297,0.1,False
566,909,300.0,True
566,51,44.0,False
566,1419,40.0,False
566,139,30.0,False
566,591,20.0,False
566,516,15.0,False
566,616,15.0,False
566,575,8.0,False
566,1232,6.0,False
566,292,5.0,False
566,1145,4.0,False
566,357,3.0,False
566,911,3.0,False
566,1076,2.0,False
566,1266,1.5,False
567,8,100.0,True
567,534,40.0,False
567,766,30.0,False
567,516,10.0,False
567,467,6.0,False
567,1273,4.0,False
567,575,3.0,False
567,1233,3.0,False
567,480,3.0,False
567,234,3.0,False
567,653,3.0,False
567,1144,3.0,False
567,1072,2.0,False
567,1253,2.0,False
567,1238,2.0,False
567,1243,1.0,False
568,1419,320.0,True
568,79,60.0,False
568,530,30.0,False
568,565,30.0,False
568,268,20.0,False
568,234,6.0,False
568,329,5.0,False
568,1243,1.5,False
568,1266,1.2,False
569,280,200.0,True
569,8,80.0,False
569,275,60.0,False
569,591,50.0,False
569,516,50.0,False
569,603,25.0,False
569,1145,15.0,False
569,358,15.0,False
569,354,15.0,False
569,1243,2.0,False
569,1266,1.0,False
570,87,100.0,True
570,1354,60.0,False
570,575,20.0,False
570,1253,8.0,False
570,480,5.0,False
570,574,3.0,False
570,869,3.0,False
570,1232,3.0,False
570,236,3.0,False
571,87,60.0,True
571,516,40.0,False
571,547,30.0,False
571,793,30.0,False
571,577,15.0,False
571,578,15.0,False
571,574,15.0,False
571,1424,8.0,False
571,1390,7.0,False
571,1132,5.0,False
571,233,4.0,False
571,1249,3.0,False
572,1419,250.0,True
572,87,100.0,False
572,591,30.0,False
572,563,30.0,False
572,516,20.0,False
572,422,10.0,False
572,360,5.0,False
572,575,5.0,False
572,1249,3.0,False
572,1076,2.5,False
572,906,2.5,False
573,201,200.0,True
573,379,200.0,True
573,856,60.0,False
573,516,50.0,False
573,1397,50.0,False
573,528,25.0,False
573,392,20.0,False
573,653,15.0,False
573,1232,5.0,False
573,1243,3.0,False
574,87,110.0,True
574,578,60.0,False
574,565,50.0,False
574,516,40.0,False
574,766,30.0,False
574,412,20.0,False
574,575,10.0,False
574,1239,10.0,False
574,404,2.0,False
574,1289,2.0,False
574,1144,2.0,False
574,574,1.0,False
574,1241,1.0,False
575,1113,200.0,True
575,563,100.0,False
575,1346,100.0,False
575,87,50.0,False
575,999,20.0,False
575,1013,20.0,False
575,609,15.0,False
575,1040,10.0,False
575,516,8.0,False
575,1294,8.0,False
575,1277,5.0,False
575,1278,5.0,False
575,1124,5.0,False
576,201,150.0,True
576,378,100.0,False
576,516,60.0,False
576,856,60.0,False
576,528,25.0,False
576,652,20.0,False
576,392,20.0,False
576,1243,3.0,False
577,180,220.0,True
577,1113,200.0,False
577,1346,30.0,False
577,812,25.0,False
577,603,25.0,False
577,516,25.0,False
577,575,25.0,False
577,1390,15.0,False
577,1398,15.0,False
577,1124,15.0,False
577,404,10.0,False
577,233,10.0,False
577,1298,3.0,False
578,378,100.0,True
578,130,50.0,False
578,577,30.0,False
578,516,30.0,False
578,1133,30.0,False
578,360,30.0,False
578,392,25.0,False
578,528,20.0,False
578,358,15.0,False
578,354,15.0,False
578,1243,2.0,False
579,87,55.0,True
579,1339,40.0,False
579,578,20.0,False
579,1178,15.0,False
579,555,5.0,False
579,466,5.0,False
579,653,5.0,False
579,1271,2.0,False
579,1142,1.0,False
580,180,80.0,True
580,199,70.0,False
580,856,30.0,False
580,610,20.0,False
580,516,15.0,False
580,392,10.0,False
580,916,10.0,False
580,575,5.0,False
580,498,5.0,False
580,360,3.0,False
580,906,2.0,False
580,1232,2.0,False
580,1390,1.0,False
580,1266,0.6,False
580,1298,0.5,False
581,201,200.0,True
581,1403,60.0,False
581,1111,30.0,False
581,145,30.0,False
581,516,25.0,False
581,653,15.0,False
581,1232,12.0,False
581,1398,10.0,False
581,225,10.0,False
581,313,7.0,False
581,480,3.0,False
582,1113,200.0,True
582,670,150.0,False
582,714,110.0,False
582,563,100.0,False
582,1356,80.0,False
582,130,60.0,False
582,812,46.0,False
582,1121,40.0,False
582,516,20.0,False
582,412,10.0,False
582,1266,2.0,False
582,439,1.0,False
583,1339,80.0,True
583,1300,55.0,False
583,767,50.0,False
583,563,50.0,False
583,553,15.0,False
583,565,15.0,False
583,516,4.0,False
583,1232,3.0,False
583,233,2.0,False
583,1272,1.5,False
583,1142,1.5,False
583,653,1.0,False
583,1390,1.0,False
583,1294,0.1,False
584,568,200.0,True
584,563,100.0,False
584,516,50.0,False
584,1142,30.0,False
584,130,25.0,False
584,1120,25.0,False
584,1390,20.0,False
584,334,20.0,False
584,591,20.0,False
584,578,10.0,False
584,577,10.0,False
584,1294,1.0,False
584,1264,1.0,False
585,51,100.0,True
585,558,50.0,False
585,916,40.0,False
585,1239,10.0,False
585,1241,5.0,False
585,1266,2.0,False
586,85,80.0,True
586,180,60.0,False
586,591,20.0,False
586,516,10.0,False
586,1390,5.0,False
586,392,5.0,False
586,1232,1.0,False
586,1076,1.0,False
586,575,1.0,False
586,360,1.0,False
586,354,1.0,False
586,1268,0.2,False
586,1298,0.1,False
587,79,40.0,True
587,375,15.0,False
587,857,10.0,False
587,591,10.0,False
587,392,5.0,False
587,278,3.0,False
587,1076,2.0,False
587,906,2.0,False
587,575,2.0,False
587,1232,1.0,False
587,1144,1.0,False
587,1074,1.0,False
587,412,1.0,False
588,79,70.0,True
588,1401,30.0,False
588,1370,20.0,False
588,516,15.0,False
588,392,7.0,False
588,1239,5.0,False
588,1293,3.0,False
588,234,3.0,False
588,227,2.0,False
588,1145,1.0,False
588,1272,0.5,False
588,412,0.5,False
588,1243,0.3,False
588,1144,0.2,False
589,130,80.0,True
589,1113,40.0,False
589,859,20.0,False
589,812,15.0,False
589,1044,10.0,False
589,461,10.0,False
589,516,10.0,False
589,1356,5.0,False
589,1346,4.0,False
589,1398,2.0,False
589,209,2.0,False
589,1265,0.3,False
589,1298,0.02,False
590,81,100.0,True
590,1065,40.0,False
590,909,30.0,False
590,278,5.0,False
590,575,5.0,False
590,516,3.0,False
590,907,2.0,False
590,1076,2.0,False
590,1074,2.0,False
590,498,2.0,False
590,1423,1.0,False
590,1390,1.0,False
590,1234,0.5,False
591,1113,100.0,True
591,856,60.0,False
591,130,50.0,False
591,563,25.0,False
591,1269,20.0,False
591,1356,10.0,False
591,1296,5.0,False
591,553,5.0,False
591,1271,3.0,False
591,1120,3.0,False
591,1148,3.0,False
591,554,3.0,False
591,1381,2.0,False
591,1266,0.5,False
591,1124,0.1,False
592,766,50.0,True
592,591,30.0,False
592,780,15.0,False
592,575,14.0,False
592,1232,10.0,False
592,51,10.0,False
592,392,8.0,False
592,610,5.0,False
592,1241,3.0,False
592,412,3.0,False
592,404,2.0,False
592,1266,1.0,False
592,1298,0.5,False
593,1113,50.0,True
593,130,30.0,False
593,375,20.0,False
593,1373,20.0,False
593,1356,15.0,False
593,516,6.0,False
593,461,5.0,False
593,1398,4.5,False
593,1227,4.0,False
593,1144,1.0,False
593,412,0.7,False
593,1298,0.5,False
593,234,0.3,False
593,480,0.3,False
593,1266,0.1,False
594,85,80.0,True
594,292,20.0,False
594,591,10.0,False
594,613,8.0,False
594,606,8.0,False
594,605,8.0,False
594,603,8.0,False
594,392,5.0,False
594,1076,3.0,False
594,1241,2.0,False
594,1234,2.0,False
594,575,2.0,False
594,1265,1.0,False
594,1390,1.0,False
594,1144,0.5,False
595,85,100.0,True
595,292,25.0,False
595,591,10.0,False
595,1335,10.0,False
595,906,5.0,False
595,392,5.0,False
595,1076,3.0,False
595,1241,2.0,False
595,1234,2.0,False
595,575,2.0,False
595,1265,1.0,False
595,1144,0.5,False
595,412,0.5,False
596,85,80.0,True
596,591,10.0,False
596,292,5.0,False
596,392,5.0,False
596,1241,2.0,False
596,1234,2.0,False
596,906,2.0,False
596,575,2.0,False
596,1144,0.5,False
596,412,0.5,False
597,130,70.0,True
597,1269,20.0,False
597,1387,20.0,False
597,1292,10.0,False
597,516,10.0,False
597,812,5.0,False
597,1346,3.0,False
597,412,2.0,False
597,1142,1.0,False
597,581,1.0,False
597,1265,0.3,False
597,1294,0.01,False
598,130,70.0,True
598,1269,20.0,False
598,1387,20.0,False
598,1292,10.0,False
598,516,10.0,False
598,812,5.0,False
598,1346,3.0,False
598,412,2.0,False
598,1142,1.0,False
598,1265,0.3,False
599,85,60.0,True
599,1080,30.0,False
599,995,5.0,False
599,613,5.0,False
599,1234,2.0,False
599,1144,1.0,False
599,412,0.5,False
599,1298,0.02,False
600,8,50.0,True
600,1306,30.0,False
600,1382,5.0,False
600,1232,2.0,False
600,1239,1.0,False
600,1133,1.0,False
600,1074,1.0,False
600,412,0.5,False
601,8,30.0,True
601,558,20.0,False
601,528,10.0,False
601,404,10.0,False
601,1144,5.0,False
601,1239,2.0,False
601,1272,1.0,False
601,1241,1.0,False
601,1232,1.0,False
601,660,1.0,False
601,234,1.0,False
601,575,1.0,False
601,412,1.0,False
602,79,70.0,True
602,591,30.0,False
602,516,20.0,False
602,908,10.0,False
602,392,7.0,False
602,995,3.0,False
602,1076,2.0,False
602,1145,1.0,False
602,209,1.0,False
602,906,1.0,False
602,1390,1.0,False
602,355,0.5,False
602,1298,0.02,False
603,130,50.0,True
603,1009,40.0,False
603,516,20.0,False
603,1142,10.0,False
603,434,10.0,False
603,1390,3.0,False
603,1423,1.0,False
603,1297,0.1,False
604,130,90.0,True
604,1053,10.0,False
604,995,7.0,False
604,1044,7.0,False
604,1142,3.0,False
604,606,3.0,False
604,1227,1.0,False
604,1268,1.0,False
604,1277,1.0,False
604,516,1.0,False
604,412,1.0,False
605,1306,100.0,True
605,375,50.0,False
605,79,30.0,False
605,860,3.0,False
605,528,3.0,False
605,1074,2.0,False
605,1268,1.0,False
605,1144,1.0,False
605,1243,1.0,False
606,20,50.0,True
606,1355,30.0,False
606,486,20.0,False
606,516,20.0,False
606,575,5.0,False
606,354,5.0,False
606,1272,1.0,False
606,234,1.0,False
606,1266,0.5,False
607,81,30.0,True
607,498,5.0,False
607,1234,2.0,False
607,575,1.5,False
607,906,1.0,False
607,1074,0.3,False
607,412,0.3,False
608,79,35.0,True
608,375,10.0,False
608,857,7.0,False
608,591,7.0,False
608,392,5.0,False
608,906,3.0,False
608,1076,2.0,False
608,575,2.0,False
608,1232,1.0,False
608,412,1.0,False
609,79,50.0,True
609,1013,40.0,False
609,516,5.0,False
609,1076,2.0,False
609,906,2.0,False
609,575,2.0,False
609,1232,1.0,False
609,360,1.0,False
609,354,1.0,False
609,412,1.0,False
610,130,35.0,True
610,1269,20.0,False
610,1307,15.0,False
610,606,15.0,False
610,516,10.0,False
610,578,5.0,False
610,1142,3.0,False
611,130,100.0,True
611,516,32.0,False
611,568,20.0,False
611,1355,20.0,False
611,392,16.0,False
611,1231,15.0,False
611,1292,10.0,False
611,484,10.0,False
611,606,10.0,False
611,412,4.0,False
611,1148,3.0,False
611,1266,2.0,False
611,576,2.0,False
611,1398,1.0,False
611,1297,0.5,False
612,85,50.0,True
612,995,10.0,False
612,591,10.0,False
612,180,10.0,False
612,1076,2.0,False
612,906,2.0,False
612,1232,1.0,False
612,575,1.0,False
612,412,0.5,False
613,81,100.0,True
613,609,20.0,False
613,516,20.0,False
613,575,10.0,False
613,1242,3.0,False
613,1232,1.0,False
613,1142,1.0,False
613,412,1.0,False
613,1243,0.5,False
614,85,80.0,True
614,591,20.0,False
614,180,15.0,False
614,1355,10.0,False
614,516,10.0,False
614,856,5.0,False
614,605,5.0,False
614,1390,5.0,False
614,906,3.0,False
614,609,3.0,False
614,392,3.0,False
614,575,2.0,False
614,1232,1.0,False
614,1076,1.0,False
614,358,1.0,False
614,354,1.0,False
614,1268,0.2,False
614,1298,0.1,False
615,130,40.0,True
615,1269,35.0,False
615,516,15.0,False
615,1113,10.0,False
615,1346,8.0,False
615,606,8.0,False
615,812,7.0,False
615,1142,2.0,False
615,1266,0.8,False
615,1297,0.1,False
616,130,100.0,True
616,1113,15.0,False
616,812,10.0,False
616,856,10.0,False
616,461,10.0,False
616,516,10.0,False
616,1044,7.0,False
616,1356,3.0,False
616,1346,3.0,False
616,1398,2.0,False
616,209,2.0,False
616,1265,0.3,False
616,1298,0.02,False
617,1387,70.0,True
617,130,70.0,True
617,129,20.0,False
617,516,20.0,False
617,812,10.0,False
617,412,5.0,False
617,1142,2.0,False
617,1268,1.0,False
617,1298,0.01,False
617,1294,0.01,False
618,81,80.0,True
618,795,20.0,False
618,1044,15.0,False
618,486,10.0,False
618,547,7.0,False
618,581,5.0,False
618,516,5.0,False
618,1242,2.0,False
618,1232,2.0,False
618,234,2.0,False
618,392,2.0,False
618,1253,1.0,False
618,1398,1.0,False
618,1145,1.0,False
618,227,1.0,False
618,575,0.5,False
618,480,0.5,False
618,412,0.5,False
618,1297,0.11,False
619,1387,60.0,True
619,130,40.0,False
619,516,20.0,False
619,812,10.0,False
619,581,10.0,False
619,1142,5.0,False
620,51,30.0,True
620,591,5.0,False
620,180,5.0,False
620,516,5.0,False
620,422,5.0,False
620,1144,2.0,False
620,906,2.0,False
620,392,2.0,False
620,575,1.0,False
620,1076,0.5,False
620,412,0.5,False
621,83,60.0,True
621,1286,15.0,False
621,1053,10.0,False
621,594,10.0,False
621,509,10.0,False
621,180,10.0,False
621,516,10.0,False
621,785,5.0,False
621,1044,5.0,False
621,1362,2.0,False
621,1145,2.0,False
621,209,2.0,False
621,1390,2.0,False
621,1297,0.02,False
622,81,80.0,True
622,1044,15.0,False
622,486,10.0,False
622,581,5.0,False
622,516,5.0,False
622,1242,2.0,False
622,1232,2.0,False
622,392,2.0,False
622,1145,1.0,False
622,227,1.0,False
622,575,0.5,False
622,412,0.5,False
622,1297,0.1,False
623,130,35.0,True
623,1113,20.0,False
623,1040,15.0,False
623,516,10.0,False
623,1346,7.0,False
623,581,5.0,False
623,606,3.0,False
623,1142,1.5,False
623,1266,0.5,False
623,1297,0.1,False
624,130,60.0,True
624,1040,30.0,False
624,1113,20.0,False
624,516,15.0,False
624,606,10.0,False
624,1346,5.0,False
624,581,5.0,False
624,1266,1.0,False
624,1142,1.0,False
624,1297,0.1,False
625,81,80.0,True
625,1046,50.0,False
625,869,30.0,False
625,1065,15.0,False
625,906,5.0,False
625,1148,2.0,False
625,575,2.0,False
625,1076,1.0,False
625,1074,1.0,False
626,20,60.0,True
626,486,30.0,False
626,846,10.0,False
626,1355,10.0,False
626,516,10.0,False
626,1076,1.0,False
626,906,1.0,False
626,354,1.0,False
626,574,0.5,False
626,358,0.5,False
626,360,0.5,False
627,846,40.0,True
627,20,40.0,True
627,486,20.0,False
627,516,18.0,False
627,1355,15.0,False
627,574,7.0,False
627,358,1.0,False
627,354,0.1,False
628,774,60.0,True
628,85,40.0,False
628,591,20.0,False
628,516,10.0,False
628,392,7.0,False
628,457,5.0,False
628,1076,2.0,False
628,906,2.0,False
628,1232,1.0,False
628,575,1.0,False
628,1271,0.5,False
628,234,0.5,False
628,1243,0.5,False
628,412,0.5,False
628,1144,0.1,False
628,480,0.1,False
628,1297,0.01,False
629,20,40.0,True
629,1355,10.0,False
629,486,5.0,False
629,516,5.0,False
629,422,5.0,False
629,575,2.0,False
629,412,2.0,False
629,574,1.0,False
629,1232,0.5,False
629,1076,0.5,False
629,906,0.5,False
629,1266,0.3,False
630,81,40.0,True
630,1065,10.0,False
630,278,3.0,False
630,906,2.0,False
630,575,2.0,False
630,498,2.0,False
630,1076,1.0,False
630,412,0.5,False
630,1232,0.1,False
631,379,200.0,True
631,79,70.0,False
631,1355,10.0,False
631,860,5.0,False
631,575,3.0,False
631,1232,2.0,False
631,1241,1.0,False
631,234,0.5,False
631,412,0.5,False
632,79,60.0,True
632,1355,20.0,False
632,591,20.0,False
632,422,20.0,False
632,392,5.0,False
632,860,3.5,False
632,613,3.0,False
632,1234,2.0,False
632,906,2.0,False
632,354,1.0,False
632,1076,0.8,False
632,1144,0.5,False
632,412,0.5,False
632,1227,0.1,False
633,79,80.0,True
633,268,44.0,False
633,856,25.0,False
633,1088,20.0,False
633,528,20.0,False
633,563,20.0,False
633,1266,3.0,False
633,295,2.0,False
633,310,1.0,False
633,1243,0.8,False
634,81,40.0,True
634,575,37.0,False
634,278,5.0,False
634,498,3.5,False
634,1234,2.0,False
634,906,1.0,False
634,1076,0.8,False
634,1266,0.57,False
634,1074,0.5,False
634,412,0.5,False
634,1298,0.02,False
635,85,80.0,True
635,591,25.0,False
635,180,25.0,False
635,516,10.0,False
635,1239,7.0,False
635,613,7.0,False
635,906,5.0,False
635,1390,5.0,False
635,392,5.0,False
635,1246,3.0,False
635,1232,1.0,False
635,1076,1.0,False
635,575,1.0,False
635,360,1.0,False
635,354,1.0,False
635,1298,0.1,False
636,83,120.0,True
636,509,40.0,False
636,1286,30.0,False
636,785,30.0,False
636,594,20.0,False
636,180,20.0,False
636,516,20.0,False
636,209,5.0,False
636,1390,1.0,False
636,1298,0.1,False
636,1265,0.1,False
637,81,150.0,True
637,509,30.0,False
637,516,30.0,False
637,594,20.0,False
637,450,20.0,False
637,392,10.0,False
637,457,5.0,False
637,575,3.0,False
637,1241,3.0,False
637,1145,2.0,False
637,1132,1.0,False
637,1390,1.0,False
638,130,60.0,True
638,1269,40.0,False
638,563,30.0,False
638,516,20.0,False
638,568,15.0,False
638,564,10.0,False
638,581,10.0,False
638,613,10.0,False
638,606,10.0,False
638,412,5.0,False
638,1294,0.2,False
639,1306,200.0,True
639,766,120.0,False
639,79,30.0,False
639,860,5.0,False
639,530,5.0,False
639,578,5.0,False
639,581,5.0,False
639,577,5.0,False
639,1235,2.0,False
639,1268,1.0,False
639,234,1.0,False
640,1113,100.0,True
640,766,100.0,True
640,79,90.0,False
640,528,50.0,False
640,392,50.0,False
640,558,30.0,False
640,479,10.0,False
640,1298,3.75,False
641,1387,80.0,True
641,130,80.0,True
641,129,20.0,False
641,516,20.0,False
641,812,10.0,False
641,412,5.0,False
641,1142,2.0,False
641,1268,1.0,False
641,1298,0.01,False
641,1294,0.01,False
642,130,45.0,True
642,1269,15.0,False
642,563,10.0,False
642,581,5.0,False
642,606,5.0,False
642,516,5.0,False
642,1145,1.5,False
642,412,0.5,False
642,1294,0.2,False
643,130,40.0,True
643,1013,40.0,True
643,1269,20.0,False
643,1053,20.0,False
643,1044,20.0,False
643,563,20.0,False
643,564,10.0,False
643,568,10.0,False
643,606,10.0,False
643,1142,5.0,False
643,581,5.0,False
643,516,5.0,False
643,412,3.0,False
644,85,80.0,True
644,1412,50.0,False
644,162,15.0,False
644,1266,2.0,False
645,85,28.0,True
645,1053,10.0,False
645,1044,7.0,False
645,392,5.0,False
645,591,4.0,False
645,1039,3.0,False
645,575,2.0,False
645,1076,0.5,False
645,412,0.5,False
645,1232,0.3,False
646,85,80.0,True
646,591,20.0,False
646,180,15.0,False
646,516,10.0,False
646,1390,5.0,False
646,392,3.0,False
646,1232,1.0,False
646,1076,1.0,False
646,575,1.0,False
646,360,1.0,False
646,354,1.0,False
646,1268,0.2,False
646,1298,0.1,False
647,1145,7.0,True
647,1303,5.0,False
647,1234,5.0,False
647,1272,1.0,False
647,1241,1.0,False
648,375,40.0,True
648,786,40.0,True
648,275,40.0,True
648,51,25.0,False
648,200,22.0,False
648,575,4.0,False
648,412,3.0,False
648,1266,3.0,False
648,1144,2.0,False
648,1297,1.0,False
649,1304,125.0,True
649,21,80.0,False
649,517,8.0,False
649,575,6.0,False
649,909,4.0,False
649,1234,3.0,False
649,1279,2.0,False
649,1074,1.0,False
650,1304,125.0,True
650,21,80.0,False
650,820,50.0,False
650,517,8.0,False
650,575,6.0,False
650,1234,3.0,False
650,1144,3.0,False
650,1266,2.0,False
650,1279,2.0,False
650,1074,1.0,False
651,21,80.0,True
651,51,25.0,False
651,200,24.0,False
651,275,24.0,False
651,772,20.0,False
651,487,20.0,False
651,857,8.0,False
651,517,8.0,False
651,412,6.0,False
651,575,6.0,False
651,909,4.0,False
651,1234,3.0,False
651,1297,2.0,False
651,1074,1.0,False
651,1266,1.0,False
651,1279,1.0,False
651,1144,1.0,False
652,21,80.0,True
652,51,25.0,False
652,200,24.0,False
652,275,24.0,False
652,787,20.0,False
652,487,20.0,False
652,857,8.0,False
652,517,8.0,False
652,412,6.0,False
652,575,6.0,False
652,909,4.0,False
652,1234,3.0,False
652,1297,2.0,False
652,1074,1.0,False
652,1266,1.0,False
652,1279,1.0,False
652,1144,1.0,False
653,1302,150.0,True
653,820,20.0,False
653,1234,10.0,False
653,857,10.0,False
653,1144,5.0,False
653,412,3.0,False
653,575,2.0,False
653,1266,1.0,False
654,7,300.0,True
654,370,200.0,False
654,550,200.0,False
654,575,5.0,False
654,412,5.0,False
654,1144,5.0,False
654,1133,4.0,False
654,1266,3.0,False
654,1297,2.0,False
655,375,200.0,True
655,786,160.0,False
655,275,160.0,False
655,51,110.0,False
655,199,40.0,False
655,412,12.0,False
655,1266,10.0,False
655,1144,10.0,False
655,575,6.0,False
655,1297,1.0,False
656,613,30.0,True
656,798,30.0,True
656,574,8.0,False
656,1419,4.0,False
656,1232,3.0,False
656,1270,3.0,False
656,1227,2.0,False
656,51,2.0,False
656,1243,0.3,False
656,1266,0.1,False
656,1297,0.05,False
657,181,50.0,True
657,38,40.0,False
657,393,10.0,False
657,266,10.0,False
657,1266,1.0,False
658,38,50.0,True
658,292,10.0,False
658,1266,1.0,False
659,775,180.0,True
659,163,72.0,False
659,412,15.0,False
659,575,8.0,False
659,642,5.0,False
659,1266,5.0,False
659,1297,1.0,False
660,38,50.0,True
660,597,20.0,False
660,607,20.0,False
660,820,10.0,False
660,1144,3.0,False
660,1266,1.0,False
661,38,50.0,True
661,1040,40.0,False
661,820,10.0,False
661,1266,1.0,False
662,38,50.0,True
662,820,30.0,False
662,1266,1.0,False
663,1001,20.0,True
663,4,20.0,True
663,517,20.0,True
663,393,10.0,False
663,163,10.0,False
663,593,5.0,False
663,1266,2.0,False
663,315,2.0,False
663,412,1.0,False
663,1144,1.0,False
664,38,50.0,True
664,139,10.0,False
664,1266,1.0,False
665,38,40.0,True
665,181,20.0,False
665,153,20.0,False
665,393,10.0,False
665,820,10.0,False
665,490,10.0,False
665,266,10.0,False
665,1266,1.0,False
666,38,45.0,True
666,310,17.0,False
666,1266,1.0,False
667,38,50.0,True
667,1006,25.0,False
667,1144,5.0,False
667,315,2.0,False
667,1266,1.0,False
668,38,80.0,True
668,268,40.0,False
668,234,5.0,False
668,1266,2.0,False
669,587,85.0,True
669,162,13.0,False
669,285,11.0,False
669,234,6.0,False
669,1266,3.0,False
670,44,315.0,True
671,260,400.0,True
671,44,360.0,False
671,1266,12.0,False
672,151,1000.0,True
672,593,300.0,False
672,352,100.0,False
672,1234,15.0,False
673,945,400.0,True
673,44,360.0,False
673,80,80.0,False
673,412,60.0,False
673,499,50.0,False
673,575,45.0,False
673,1335,30.0,False
673,1246,30.0,False
673,1239,10.0,False
673,1241,9.0,False
673,1266,1.0,False
674,286,420.0,True
674,162,50.0,False
674,1266,1.0,False
675,38,29.0,True
675,330,19.0,False
675,234,3.0,False
675,1266,2.0,False
676,38,80.0,True
676,1006,54.0,False
676,1144,3.1,False
676,315,1.2,False
676,1266,1.0,False
677,38,127.4,True
677,1006,75.0,False
677,1144,4.8,False
677,315,1.9,False
677,1266,1.6,False
678,38,90.0,True
678,597,25.5,False
678,607,25.5,False
678,820,10.0,False
678,1144,4.0,False
678,1266,1.2,False
679,38,62.83,True
679,181,40.0,False
679,153,31.4,False
679,393,15.7,False
679,820,15.7,False
679,490,15.7,False
679,266,15.7,False
679,1144,4.0,False
679,1266,1.57,False
680,775,25.2,True
680,38,23.9,False
680,163,22.6,False
680,412,4.7,False
680,575,2.5,False
680,642,1.6,False
680,1266,1.6,False
680,1297,0.4,False
681,38,80.0,True
681,820,13.8,False
681,1266,1.0,False
682,36,100.0,True
683,37,100.0,True
684,45,100.0,True
685,157,100.0,True
686,317,100.0,True
687,589,70.0,True
687,1113,60.0,False
687,163,30.0,False
687,642,5.0,False
687,309,2.0,False
687,1266,1.0,False
688,1419,220.0,True
688,39,20.0,False
688,163,20.0,False
688,13,20.0,False
688,642,12.0,False
688,309,4.0,False
688,234,3.0,False
688,1266,1.8,False
689,1077,120.0,True
689,1113,80.0,False
689,13,45.0,False
689,461,40.0,False
689,1384,30.0,False
689,392,10.0,False
689,1232,2.0,False
689,1253,2.0,False
689,1144,2.0,False
689,1266,1.2,False
690,1419,220.0,True
690,482,50.0,False
690,1363,40.0,False
690,834,30.0,False
690,4,20.0,False
690,1145,2.0,False
690,1232,2.0,False
690,234,1.0,False
690,412,1.0,False
690,1144,1.0,False
690,1243,0.3,False
690,1297,0.05,False
691,1419,210.0,True
691,136,45.0,False
691,1006,40.0,False
691,574,8.0,False
691,1144,3.0,False
691,1266,1.0,False
691,1243,0.5,False
692,1113,100.0,True
692,1419,40.0,False
692,285,20.0,False
692,298,20.0,False
692,234,5.0,False
692,331,3.0,False
692,1266,0.8,False
693,38,120.0,True
693,1419,120.0,True
693,916,15.0,False
693,1246,12.0,False
693,574,7.0,False
693,1232,4.0,False
693,1144,3.0,False
693,1076,2.0,False
693,412,2.0,False
694,589,200.0,True
694,162,100.0,False
694,516,60.0,False
694,461,50.0,False
694,1364,25.0,False
694,1298,21.0,False
694,1124,15.0,False
694,1266,2.0,False
695,1007,100.0,True
695,163,70.0,False
695,392,25.0,False
695,1144,15.0,False
695,313,5.0,False
695,1076,3.0,False
695,1082,3.0,False
696,1350,100.0,True
696,505,30.0,False
696,1246,30.0,False
696,1045,25.0,False
696,1040,25.0,False
697,1350,200.0,True
697,766,150.0,False
697,565,100.0,False
697,412,100.0,False
697,180,60.0,False
697,516,60.0,False
697,1289,45.0,False
697,1040,30.0,False
697,591,25.0,False
697,1398,15.0,False
698,1113,200.0,True
698,163,25.0,False
698,571,15.0,False
698,516,15.0,False
698,1124,15.0,False
698,742,10.0,False
699,766,200.0,True
699,565,100.0,False
699,1113,100.0,False
699,568,100.0,False
699,180,40.0,False
699,392,30.0,False
699,516,30.0,False
699,461,30.0,False
699,1142,15.0,False
699,1390,15.0,False
699,51,7.0,False
699,1298,3.0,False
700,38,150.0,True
700,275,60.0,False
700,1355,30.0,False
700,591,25.0,False
700,1283,20.0,False
700,392,20.0,False
700,1144,15.0,False
700,613,12.0,False
700,1390,10.0,False
700,575,7.0,False
700,1232,4.0,False
700,1266,1.0,False
700,1298,1.0,False
700,313,1.0,False
701,780,200.0,True
701,461,50.0,False
701,1346,50.0,False
701,606,30.0,False
701,100,20.0,False
701,565,20.0,False
701,1398,15.0,False
701,233,15.0,False
701,360,5.0,False
701,1264,1.0,False
702,664,300.0,True
702,180,60.0,False
702,461,30.0,False
702,1111,15.0,False
702,233,5.0,False
703,1419,100.0,True
703,1356,25.0,False
703,779,20.0,False
703,1113,15.0,False
703,285,10.0,False
703,1398,10.0,False
703,51,10.0,False
703,516,10.0,False
703,482,10.0,False
703,178,3.0,False
703,233,3.0,False
704,1113,200.0,True
704,982,100.0,False
704,461,40.0,False
704,516,25.0,False
704,1346,25.0,False
704,1398,15.0,False
704,489,10.0,False
704,1390,5.0,False
704,1124,3.0,False
704,1251,2.0,False
704,1298,1.0,False
705,1007,100.0,True
705,163,50.0,False
705,392,15.0,False
705,1144,15.0,False
705,1227,15.0,False
705,1082,10.0,False
705,313,3.0,False
705,1298,2.0,False
706,181,110.0,True
706,909,5.0,False
706,1234,3.0,False
706,575,3.0,False
706,412,2.0,False
707,181,40.0,True
707,200,5.0,False
707,909,5.0,False
707,573,3.0,False
707,412,1.0,False
707,1266,1.0,False
708,181,110.0,True
708,517,20.0,False
708,909,5.0,False
708,1234,3.0,False
708,575,3.0,False
708,412,2.0,False
709,181,110.0,True
709,278,10.0,False
709,909,5.0,False
709,1234,3.0,False
709,575,3.0,False
709,412,2.0,False
710,181,30.0,True
710,593,30.0,True
710,517,10.0,False
710,909,5.0,False
710,575,5.0,False
710,412,1.0,False
710,1266,1.0,False
711,1016,80.0,True
711,422,40.0,False
711,593,25.0,False
711,1234,15.0,False
711,352,5.0,False
711,1266,5.0,False
711,575,5.0,False
711,412,1.0,False
712,857,15.0,True
712,575,6.0,False
712,412,5.0,False
712,517,5.0,False
712,1243,1.0,False
712,1266,1.0,False
713,857,15.0,True
713,618,10.0,False
713,460,10.0,False
713,575,6.0,False
713,412,5.0,False
713,517,5.0,False
713,1243,1.0,False
713,1266,1.0,False
714,876,70.0,True
714,422,30.0,False
714,517,10.0,False
714,499,5.0,False
714,1241,3.0,False
714,1266,2.0,False
714,574,2.0,False
714,412,1.0,False
715,350,40.0,True
715,820,30.0,False
715,517,5.0,False
715,575,3.0,False
715,1232,2.0,False
715,1297,2.0,False
715,412,1.0,False
715,1266,1.0,False
716,988,70.0,True
716,422,30.0,False
716,517,10.0,False
716,499,5.0,False
716,1266,2.0,False
716,574,2.0,False
716,412,1.0,False
717,1074,60.0,True
717,517,10.0,False
717,1266,2.0,False
717,574,2.0,False
717,412,1.0,False
718,375,50.0,True
718,792,30.0,False
718,275,30.0,False
718,559,30.0,False
718,909,8.0,False
718,575,3.0,False
718,412,2.0,False
718,1241,1.0,False
718,1266,1.0,False
718,1144,1.0,False
719,375,50.0,True
719,275,40.0,False
719,909,5.0,False
719,575,5.0,False
719,412,1.0,False
719,1266,1.0,False
720,375,40.0,True
720,422,30.0,False
720,517,10.0,False
720,574,5.0,False
720,909,3.0,False
720,412,2.0,False
720,1266,2.0,False
721,375,50.0,True
721,804,20.0,False
721,559,20.0,False
721,909,3.0,False
721,1266,2.0,False
722,375,20.0,True
722,51,20.0,True
722,909,15.0,False
722,593,15.0,False
722,517,10.0,False
722,575,5.0,False
722,1266,1.0,False
723,375,50.0,True
723,868,20.0,False
723,1241,5.0,False
723,412,5.0,False
723,909,5.0,False
723,575,5.0,False
723,1266,2.0,False
724,375,65.0,True
724,275,40.0,False
724,559,35.0,False
724,909,8.0,False
724,575,3.0,False
724,412,2.0,False
724,1241,1.0,False
724,1266,1.0,False
724,1144,1.0,False
725,881,70.0,True
725,422,30.0,False
725,517,10.0,False
725,499,5.0,False
725,1241,3.0,False
725,1266,2.0,False
725,574,2.0,False
725,412,1.0,False
726,992,30.0,True
726,575,10.0,False
726,412,2.0,False
726,1266,2.0,False
727,894,100.0,True
727,422,25.0,False
727,275,20.0,False
727,593,20.0,False
727,412,6.0,False
727,1234,4.0,False
727,575,4.0,False
727,1241,3.0,False
727,1266,3.0,False
728,993,30.0,True
728,422,30.0,True
728,573,5.0,False
728,354,3.0,False
728,352,3.0,False
728,1266,3.0,False
728,1234,2.0,False
728,412,2.0,False
728,1144,2.0,False
729,993,30.0,True
729,422,30.0,True
729,369,10.0,False
729,573,5.0,False
729,354,3.0,False
729,352,3.0,False
729,1266,3.0,False
729,1234,2.0,False
729,412,2.0,False
729,1144,2.0,False
730,993,30.0,True
730,422,30.0,True
730,388,15.0,False
730,573,5.0,False
730,354,3.0,False
730,352,3.0,False
730,1266,3.0,False
730,1234,2.0,False
730,412,2.0,False
730,1144,2.0,False
731,993,30.0,True
731,422,30.0,True
731,460,10.0,False
731,573,5.0,False
731,354,3.0,False
731,352,3.0,False
731,1266,3.0,False
731,1234,2.0,False
731,412,2.0,False
731,1144,2.0,False
732,993,30.0,True
732,422,30.0,True
732,490,10.0,False
732,573,5.0,False
732,354,3.0,False
732,352,3.0,False
732,1266,3.0,False
732,1234,2.0,False
732,412,2.0,False
732,1144,2.0,False
733,993,30.0,True
733,422,30.0,True
733,499,10.0,False
733,573,5.0,False
733,354,3.0,False
733,352,3.0,False
733,1266,3.0,False
733,1234,2.0,False
733,412,2.0,False
733,1144,2.0,False
734,993,30.0,True
734,422,30.0,True
734,559,10.0,False
734,573,5.0,False
734,354,3.0,False
734,352,3.0,False
734,1266,3.0,False
734,1234,2.0,False
734,412,2.0,False
734,1144,2.0,False
735,919,70.0,True
735,422,30.0,False
735,499,5.0,False
735,1241,3.0,False
735,1266,2.0,False
735,575,2.0,False
735,412,1.0,False
736,919,70.0,True
736,422,30.0,False
736,517,10.0,False
736,573,5.0,False
736,1241,2.0,False
736,1266,2.0,False
736,412,1.0,False
736,1297,1.0,False
737,792,50.0,True
737,375,35.0,False
737,1234,10.0,False
737,1239,9.0,False
737,412,3.0,False
737,575,2.0,False
737,1297,2.0,False
737,480,1.0,False
738,275,80.0,True
738,857,40.0,False
738,575,10.0,False
738,1077,3.0,False
738,412,1.0,False
738,1266,1.0,False
739,275,40.0,True
739,1010,30.0,False
739,422,20.0,False
739,1234,2.0,False
739,573,2.0,False
739,412,1.0,False
739,1266,1.0,False
740,21,150.0,True
740,857,20.0,False
740,820,20.0,False
740,1234,2.0,False
740,573,2.0,False
740,1074,1.0,False
740,412,1.0,False
740,1266,1.0,False
741,912,70.0,True
741,422,30.0,False
741,517,10.0,False
741,499,5.0,False
741,1241,3.0,False
741,1266,2.0,False
741,574,2.0,False
741,412,1.0,False
742,422,50.0,True
742,575,5.0,False
742,1234,3.0,False
742,909,3.0,False
742,412,2.0,False
742,480,1.0,False
743,422,50.0,True
743,375,35.0,False
743,575,5.0,False
743,909,3.0,False
743,412,2.0,False
743,1234,1.0,False
743,480,1.0,False
744,275,45.0,True
744,422,40.0,False
744,1043,3.0,False
744,1234,2.0,False
744,909,2.0,False
744,1241,1.0,False
744,412,1.0,False
745,422,50.0,True
745,820,15.0,False
745,575,5.0,False
745,1234,3.0,False
745,909,3.0,False
745,412,2.0,False
745,480,1.0,False
746,422,50.0,True
746,375,35.0,False
746,820,15.0,False
746,575,5.0,False
746,909,3.0,False
746,412,2.0,False
746,1234,1.0,False
746,480,1.0,False
747,422,40.0,True
747,820,20.0,False
747,278,5.0,False
747,575,5.0,False
747,1077,4.0,False
747,1234,2.0,False
747,412,2.0,False
747,1266,1.0,False
748,181,30.0,True
748,1083,5.0,False
748,1144,2.0,False
748,412,1.0,False
748,1266,1.0,False
749,1083,10.0,True
749,162,10.0,True
749,1234,4.0,False
749,412,4.0,False
749,1266,2.0,False
749,1144,2.0,False
750,767,20.0,True
750,1083,5.0,False
750,1144,5.0,False
750,1266,3.0,False
750,1234,2.0,False
750,412,2.0,False
750,573,2.0,False
751,993,15.0,True
751,1083,2.0,False
751,1234,2.0,False
751,412,2.0,False
751,1144,1.0,False
752,1083,7.0,True
752,1234,7.0,True
752,909,6.0,False
752,412,3.0,False
752,575,3.0,False
752,1144,1.0,False
753,820,30.0,True
753,1083,7.0,False
753,1234,7.0,False
753,412,3.0,False
753,575,3.0,False
753,1144,1.0,False
754,820,20.0,True
754,995,10.0,False
754,1083,5.0,False
754,1144,5.0,False
754,1266,3.0,False
754,1234,2.0,False
754,412,2.0,False
754,573,2.0,False
755,1013,40.0,True
755,1083,6.0,False
755,909,3.0,False
755,1144,2.0,False
755,412,1.0,False
755,1266,1.0,False
756,995,50.0,True
756,1077,5.0,False
756,909,4.0,False
756,575,4.0,False
756,1234,2.0,False
756,412,1.0,False
756,1266,1.0,False
757,422,70.0,True
757,575,30.0,False
757,435,10.0,False
757,1077,5.0,False
757,1234,4.0,False
757,1076,2.0,False
757,412,1.0,False
758,933,70.0,True
758,422,30.0,False
758,499,10.0,False
758,1077,5.0,False
758,1234,4.0,False
758,575,2.0,False
758,412,1.0,False
759,422,50.0,True
759,275,15.0,False
759,914,12.0,False
759,1234,4.0,False
759,575,3.0,False
759,1144,2.0,False
759,412,1.0,False
759,1266,1.0,False
759,1297,1.0,False
760,422,50.0,True
760,275,15.0,False
760,914,12.0,False
760,857,10.0,False
760,1234,4.0,False
760,575,3.0,False
760,1144,2.0,False
760,412,1.0,False
760,1266,1.0,False
760,1297,1.0,False
761,618,35.0,True
761,857,30.0,False
761,914,18.0,False
761,352,10.0,False
761,575,5.0,False
761,412,1.0,False
761,1266,1.0,False
762,820,35.0,True
762,181,20.0,False
762,1234,7.0,False
762,412,5.0,False
762,575,3.0,False
762,1241,2.0,False
762,1144,1.0,False
763,820,30.0,True
763,181,20.0,False
763,200,15.0,False
763,517,5.0,False
763,575,4.0,False
763,1234,3.0,False
763,393,3.0,False
763,412,2.0,False
763,1144,2.0,False
763,1297,1.0,False
764,820,30.0,True
764,1037,20.0,False
764,181,20.0,False
764,200,15.0,False
764,517,5.0,False
764,575,4.0,False
764,1234,3.0,False
764,393,3.0,False
764,412,2.0,False
764,1144,2.0,False
764,1297,1.0,False
765,820,30.0,True
765,181,20.0,False
765,200,15.0,False
765,510,15.0,False
765,517,5.0,False
765,575,4.0,False
765,1234,3.0,False
765,393,3.0,False
765,412,2.0,False
765,1144,2.0,False
765,1297,1.0,False
766,820,35.0,True
766,422,30.0,False
766,275,20.0,False
766,1234,7.0,False
766,412,5.0,False
766,575,3.0,False
766,1241,2.0,False
766,1144,1.0,False
767,820,35.0,True
767,422,30.0,False
767,275,20.0,False
767,510,20.0,False
767,1234,7.0,False
767,412,5.0,False
767,575,3.0,False
767,1241,2.0,False
767,1144,1.0,False
768,422,40.0,True
768,820,30.0,False
768,573,3.0,False
768,1234,2.0,False
768,412,2.0,False
768,1144,2.0,False
768,1241,1.0,False
768,1266,1.0,False
768,1297,1.0,False
769,1065,85.0,True
769,517,10.0,False
769,575,4.0,False
769,1234,3.0,False
769,412,2.0,False
769,1266,2.0,False
769,1144,2.0,False
770,181,30.0,True
770,1065,25.0,False
770,575,5.0,False
770,909,3.0,False
770,1234,2.0,False
770,1077,1.0,False
770,412,1.0,False
770,1266,1.0,False
771,422,70.0,True
771,1065,20.0,False
771,516,10.0,False
771,909,5.0,False
771,573,5.0,False
771,1234,2.0,False
771,412,1.0,False
771,1266,1.0,False
772,1065,85.0,True
772,422,20.0,False
772,517,10.0,False
772,575,4.0,False
772,1234,3.0,False
772,412,2.0,False
772,1266,2.0,False
772,1144,2.0,False
773,1065,85.0,True
773,499,20.0,False
773,517,10.0,False
773,575,4.0,False
773,1234,3.0,False
773,412,2.0,False
773,1266,2.0,False
773,1144,2.0,False
774,1056,40.0,True
774,422,35.0,False
774,575,3.0,False
774,412,2.0,False
774,1266,2.0,False
774,1241,1.0,False
774,1279,1.0,False
775,422,40.0,True
775,820,20.0,False
775,573,10.0,False
775,278,2.0,False
775,1234,2.0,False
775,412,2.0,False
775,1266,1.0,False
775,1145,1.0,False
776,1004,50.0,True
776,275,20.0,False
776,499,5.0,False
776,412,2.0,False
776,1266,2.0,False
776,1227,2.0,False
776,574,2.0,False
777,559,40.0,True
777,422,30.0,False
777,909,5.0,False
777,575,4.0,False
777,412,2.0,False
777,1266,2.0,False
777,1234,1.0,False
778,559,40.0,True
778,422,30.0,False
778,909,5.0,False
778,575,4.0,False
778,1234,3.0,False
778,1241,2.0,False
778,412,2.0,False
778,1266,2.0,False
779,559,40.0,True
779,422,30.0,False
779,820,15.0,False
779,1234,6.0,False
779,575,4.0,False
779,1241,2.0,False
779,412,2.0,False
779,1266,1.0,False
780,375,40.0,True
780,559,30.0,False
780,573,5.0,False
780,909,3.0,False
780,412,2.0,False
780,1266,1.0,False
781,909,50.0,True
781,559,40.0,False
781,422,30.0,False
781,1266,2.0,False
781,573,2.0,False
781,1234,1.0,False
781,354,1.0,False
781,412,1.0,False
782,559,30.0,True
782,914,25.0,False
782,412,3.0,False
782,1144,3.0,False
782,575,3.0,False
782,1234,2.0,False
782,1266,1.0,False
783,559,40.0,True
783,422,30.0,False
783,820,15.0,False
783,575,4.0,False
783,1234,3.0,False
783,412,2.0,False
783,1266,2.0,False
783,1144,2.0,False
784,559,40.0,True
784,38,40.0,True
784,422,30.0,False
784,909,5.0,False
784,575,4.0,False
784,412,2.0,False
784,1266,2.0,False
784,1234,1.0,False
785,422,30.0,True
785,216,20.0,False
785,820,20.0,False
785,1234,2.0,False
785,1077,2.0,False
785,573,2.0,False
785,412,1.0,False
785,1266,1.0,False
785,1297,1.0,False
786,857,30.0,True
786,517,10.0,False
786,575,5.0,False
786,909,3.0,False
786,1144,2.0,False
786,412,1.0,False
786,1266,1.0,False
787,559,50.0,True
787,857,30.0,False
787,517,10.0,False
787,575,5.0,False
787,1239,4.0,False
787,412,3.0,False
787,909,3.0,False
787,1144,2.0,False
787,1266,1.0,False
788,593,70.0,True
788,517,20.0,False
788,1048,10.0,False
788,575,5.0,False
788,1144,2.0,False
788,412,1.0,False
789,593,70.0,True
789,1043,10.0,False
789,517,10.0,False
789,412,1.0,False
790,1013,40.0,True
790,575,5.0,False
790,909,3.0,False
790,1234,2.0,False
790,1144,2.0,False
790,412,1.0,False
790,1266,1.0,False
791,1013,40.0,True
791,422,30.0,False
791,575,5.0,False
791,909,3.0,False
791,1234,2.0,False
791,1144,2.0,False
791,412,1.0,False
791,1266,1.0,False
792,1080,100.0,True
792,988,25.0,False
792,412,10.0,False
792,1234,8.0,False
792,1144,2.0,False
793,422,100.0,True
793,517,80.0,False
793,906,20.0,False
793,360,15.0,False
793,1076,10.0,False
793,575,10.0,False
793,480,10.0,False
794,894,35.0,True
794,422,8.5,False
794,593,6.8,False
794,412,2.1,False
794,1234,1.4,False
794,575,1.4,False
794,1241,1.0,False
794,1266,1.0,False
795,375,35.0,True
795,422,30.0,False
795,517,10.0,False
795,574,5.0,False
795,909,3.0,False
795,412,2.0,False
795,1266,2.0,False
796,857,15.0,True
796,618,8.0,False
796,460,5.0,False
796,575,3.0,False
796,412,2.5,False
796,517,2.5,False
796,1243,0.5,False
796,1266,0.5,False
797,820,26.0,True
797,1234,6.1,False
797,1083,4.3,False
797,1144,3.0,False
797,412,2.6,False
797,575,2.6,False
798,993,20.0,True
798,422,14.3,False
798,369,4.8,False
798,1144,2.6,False
798,573,2.4,False
798,354,1.5,False
798,352,1.5,False
798,1266,1.5,False
798,1234,0.9,False
798,412,0.9,False
799,820,7.8,True
799,1234,5.5,False
799,1083,3.9,False
799,1144,3.0,False
799,412,2.3,False
799,575,2.3,False
800,919,240.0,True
800,422,200.0,False
800,516,40.0,False
800,575,15.0,False
800,1232,10.0,False
800,412,6.0,False
800,1241,5.0,False
800,1266,4.0,False
800,480,3.0,False
800,1297,1.0,False
801,1053,200.0,True
801,422,150.0,False
801,574,20.0,False
801,1266,12.0,False
801,412,8.0,False
801,1241,5.0,False
802,1419,180.0,True
802,428,40.0,False
802,575,10.0,False
802,906,5.0,False
802,292,3.0,False
802,1076,2.0,False
802,1266,1.0,False
803,1419,200.0,True
803,422,50.0,False
803,1384,30.0,False
803,616,15.0,False
803,1232,5.0,False
803,575,4.0,False
803,412,3.0,False
803,358,3.0,False
803,354,3.0,False
803,1076,2.0,False
803,1266,1.2,False
804,1419,300.0,True
804,180,150.0,False
804,533,140.0,False
804,209,15.0,False
804,906,9.0,False
804,575,8.0,False
804,358,3.0,False
804,354,3.0,False
804,412,3.0,False
804,1266,2.2,False
804,1076,2.0,False
805,1419,300.0,True
805,275,80.0,False
805,1053,50.0,False
805,1040,30.0,False
805,458,30.0,False
805,856,20.0,False
805,209,18.0,False
805,1233,7.0,False
805,1232,7.0,False
805,575,6.0,False
805,412,4.0,False
805,1144,4.0,False
805,1266,1.5,False
805,480,1.0,False
805,1243,1.0,False
805,1297,0.1,False
806,1419,300.0,True
806,1007,100.0,False
806,1355,50.0,False
806,1371,50.0,False
806,516,40.0,False
806,446,20.0,False
806,596,20.0,False
806,613,20.0,False
806,422,10.0,False
806,412,10.0,False
806,1232,10.0,False
807,1419,500.0,True
807,893,150.0,False
807,422,30.0,False
807,558,25.0,False
807,51,20.0,False
807,434,15.0,False
807,914,15.0,False
807,498,10.0,False
807,496,10.0,False
807,1390,10.0,False
807,480,3.0,False
807,360,1.0,False
807,354,1.0,False
807,1076,1.0,False
808,565,80.0,True
808,558,50.0,False
808,819,30.0,False
808,591,20.0,False
808,596,10.0,False
808,575,10.0,False
808,1390,8.0,False
808,1232,2.5,False
808,360,1.0,False
808,1266,0.5,False
809,422,100.0,True
809,275,50.0,False
809,916,30.0,False
809,358,20.0,False
809,354,15.0,False
809,574,10.0,False
809,1232,7.0,False
809,575,7.0,False
809,1298,1.0,False
810,780,250.0,True
810,565,100.0,False
810,489,30.0,False
810,1247,25.0,False
810,446,25.0,False
810,610,5.0,False
811,563,250.0,True
811,516,70.0,False
811,791,60.0,False
811,565,60.0,False
811,422,20.0,False
811,575,10.0,False
811,1390,5.0,False
811,360,3.0,False
811,1076,3.0,False
811,613,3.0,False
811,233,2.5,False
811,439,0.1,False
811,1298,0.1,False
812,1419,150.0,True
812,422,15.0,False
812,819,14.0,False
812,1232,10.0,False
812,596,5.0,False
812,486,5.0,False
812,1241,5.0,False
812,575,3.0,False
813,1419,300.0,True
813,995,30.0,False
813,610,10.0,False
813,422,8.0,False
813,575,5.0,False
813,1075,5.0,False
813,354,3.0,False
813,360,3.0,False
813,498,1.0,False
814,995,300.0,True
814,1419,300.0,True
814,422,10.0,False
814,1034,10.0,False
814,1081,5.0,False
814,1232,5.0,False
814,412,5.0,False
814,575,3.0,False
814,1264,3.0,False
814,1144,2.0,False
814,354,2.0,False
815,1419,300.0,True
815,422,30.0,False
815,275,20.0,False
815,575,6.0,False
815,914,3.0,False
815,354,1.0,False
815,412,1.0,False
815,1144,1.0,False
815,1266,0.1,False
816,1419,300.0,True
816,1013,50.0,False
816,446,50.0,False
816,422,30.0,False
816,575,3.0,False
816,412,2.0,False
816,354,1.0,False
816,1266,0.3,False
817,1302,90.0,True
817,856,20.0,False
817,422,10.0,False
817,1232,4.0,False
817,1074,4.0,False
817,613,2.5,False
817,1144,1.0,False
817,1076,1.0,False
817,914,1.0,False
817,906,1.0,False
817,1034,1.0,False
817,575,1.0,False
817,516,1.0,False
817,412,1.0,False
817,574,0.7,False
817,1297,0.5,False
818,422,20.0,True
818,516,5.0,False
818,914,3.0,False
818,1076,0.5,False
818,906,0.5,False
818,412,0.5,False
818,1234,0.2,False
818,1297,0.1,False
819,766,30.0,True
819,422,30.0,True
819,575,20.0,False
819,521,10.0,False
819,486,10.0,False
819,350,10.0,False
819,516,10.0,False
819,217,5.0,False
819,613,5.0,False
819,1232,3.0,False
819,1076,3.0,False
819,412,2.0,False
819,1298,1.0,False
819,1266,1.0,False
819,1241,1.0,False
820,275,15.0,True
820,216,12.0,False
820,422,10.0,False
820,819,7.0,False
820,906,1.0,False
820,1076,0.5,False
820,1144,0.4,False
820,575,0.3,False
820,1234,0.2,False
820,412,0.2,False
820,1268,0.1,False
820,1297,0.01,False
821,856,5.0,True
821,574,1.0,False
821,1076,0.5,False
821,906,0.5,False
821,412,0.4,False
821,1268,0.1,False
821,1297,0.01,False
822,275,25.0,True
822,422,10.0,False
822,516,5.0,False
822,1048,2.0,False
822,906,2.0,False
822,575,2.0,False
822,1076,1.0,False
822,412,0.5,False
823,1305,30.0,True
823,21,15.0,False
823,856,10.0,False
823,906,3.0,False
823,575,2.0,False
823,1076,1.0,False
823,1074,0.5,False
823,412,0.5,False
823,1266,0.3,False
824,422,20.0,True
824,292,3.0,False
824,906,2.0,False
824,575,1.5,False
824,1232,1.0,False
824,1076,1.0,False
824,412,0.5,False
825,1305,100.0,True
825,909,50.0,False
825,516,10.0,False
825,575,5.0,False
825,1423,1.0,False
825,1144,1.0,False
825,1390,1.0,False
826,422,50.0,True
826,856,20.0,False
826,914,7.0,False
826,575,5.0,False
826,1047,2.0,False
826,1232,1.0,False
826,1076,1.0,False
826,906,1.0,False
826,1390,1.0,False
826,1423,0.5,False
827,1302,90.0,True
827,860,7.0,False
827,1073,2.0,False
827,1234,1.0,False
827,906,1.0,False
827,575,1.0,False
827,412,0.2,False
828,276,50.0,True
828,856,15.0,False
828,516,5.0,False
828,906,2.0,False
828,575,2.0,False
828,1266,0.5,False
828,1232,0.5,False
828,1076,0.5,False
828,412,0.5,False
829,489,40.0,True
829,819,15.0,False
829,1246,7.0,False
829,1239,5.0,False
829,1241,2.0,False
829,412,1.0,False
829,575,0.8,False
829,1144,0.3,False
829,1297,0.2,False
830,422,70.0,True
830,819,60.0,False
830,1232,1.0,False
830,575,1.0,False
830,1265,0.5,False
830,1390,0.5,False
830,1144,0.3,False
831,422,50.0,True
831,575,2.0,False
831,1076,1.0,False
831,360,1.0,False
831,1390,1.0,False
831,1232,0.5,False
831,911,0.5,False
831,354,0.5,False
832,277,30.0,True
832,1232,1.0,False
832,906,1.0,False
832,1076,0.5,False
832,575,0.5,False
832,412,0.5,False
832,1266,0.3,False
833,1352,100.0,True
833,909,50.0,False
833,516,10.0,False
833,575,5.0,False
833,1423,1.0,False
833,1144,1.0,False
833,1390,1.0,False
834,278,3.0,True
834,574,3.0,True
834,1076,1.0,False
834,1265,0.2,False
835,916,20.0,True
835,422,20.0,True
835,613,2.5,False
835,575,2.0,False
835,1241,1.0,False
835,1144,1.0,False
835,1076,1.0,False
835,906,1.0,False
835,1034,1.0,False
835,516,1.0,False
835,412,1.0,False
835,1266,0.5,False
835,1232,0.5,False
836,1133,3.0,True
836,575,3.0,True
836,422,3.0,True
836,1232,2.0,False
836,613,2.0,False
836,1266,1.0,False
836,856,1.0,False
836,412,1.0,False
836,916,0.1,False
837,334,6.5,True
837,516,6.5,True
837,906,2.0,False
837,1076,0.4,False
837,1232,0.2,False
837,412,0.2,False
837,1266,0.1,False
838,180,10.0,True
838,422,10.0,True
838,614,2.5,False
838,1267,1.0,False
838,1076,1.0,False
838,914,1.0,False
838,906,1.0,False
838,1034,1.0,False
838,360,1.0,False
838,516,1.0,False
838,412,1.0,False
838,575,0.7,False
839,180,20.0,True
839,422,20.0,True
839,275,5.0,False
839,516,5.0,False
839,1076,1.5,False
839,1232,1.0,False
839,906,1.0,False
839,575,1.0,False
839,412,0.4,False
840,180,30.0,True
840,516,10.0,False
840,1076,2.0,False
840,906,2.0,False
840,575,2.0,False
840,1266,1.0,False
840,1232,1.0,False
840,1133,1.0,False
840,412,1.0,False
840,1298,0.1,False
841,422,30.0,True
841,516,10.0,False
841,1076,5.0,False
841,906,5.0,False
841,1232,2.0,False
841,1039,2.0,False
841,1390,1.0,False
841,1265,0.2,False
842,1020,40.0,True
842,856,20.0,False
842,574,2.0,False
842,1076,1.0,False
842,1390,1.0,False
842,1265,0.3,False
843,1065,50.0,True
843,909,30.0,False
843,1076,6.0,False
843,575,5.0,False
843,498,5.0,False
843,1423,1.0,False
843,1390,1.0,False
843,1234,0.5,False
844,1065,30.0,True
844,1015,20.0,False
844,422,20.0,False
844,498,5.0,False
844,1076,2.0,False
844,575,2.0,False
844,1241,1.0,False
844,360,0.5,False
844,1265,0.03,False
845,422,50.0,True
845,575,2.0,False
845,1076,1.0,False
845,360,1.0,False
845,1390,1.0,False
845,1232,0.5,False
845,911,0.5,False
845,354,0.5,False
846,1232,20.0,True
846,856,20.0,True
846,858,10.0,False
846,906,10.0,False
846,1389,10.0,False
846,516,10.0,False
846,392,5.0,False
846,1265,0.25,False
847,856,15.0,True
847,906,1.0,False
847,574,1.0,False
847,1076,0.5,False
847,412,0.4,False
847,1268,0.1,False
847,1297,0.01,False
848,893,40.0,True
848,275,10.0,False
848,422,10.0,False
848,575,7.5,False
848,1233,3.0,False
848,906,3.0,False
848,498,3.0,False
848,412,0.8,False
848,1266,0.6,False
848,1076,0.3,False
849,994,20.0,True
849,1082,3.0,False
849,1232,2.0,False
849,1144,2.0,False
849,1076,2.0,False
849,1390,1.0,False
849,1265,0.2,False
850,275,15.0,True
850,292,3.0,False
850,1076,2.0,False
850,906,2.0,False
850,575,2.0,False
850,1266,1.5,False
850,412,1.0,False
851,275,45.0,True
851,422,4.6,False
851,575,2.0,False
851,906,1.3,False
851,1266,0.3,False
851,412,0.3,False
852,275,20.0,True
852,1081,3.0,False
852,906,2.0,False
852,1076,1.0,False
852,1232,0.5,False
852,1144,0.3,False
852,412,0.3,False
853,180,45.0,True
853,575,3.0,False
853,906,2.0,False
853,1234,0.5,False
853,412,0.5,False
853,1266,0.4,False
854,422,20.0,True
854,292,3.0,False
854,906,2.0,False
854,575,1.5,False
854,1232,1.0,False
854,1076,1.0,False
854,412,0.5,False
855,292,4.0,True
855,1081,3.2,False
855,906,1.0,False
855,1076,0.5,False
855,1144,0.3,False
855,1234,0.2,False
855,412,0.2,False
856,446,13.0,True
856,1246,2.0,False
856,906,2.0,False
856,516,2.0,False
856,292,1.0,False
856,575,0.7,False
856,1076,0.3,False
856,412,0.3,False
857,1305,40.0,True
857,856,8.0,False
857,1232,0.3,False
857,575,0.3,False
857,412,0.3,False
857,1266,0.2,False
857,1076,0.2,False
857,906,0.2,False
858,987,20.0,True
858,422,20.0,True
858,1080,3.0,False
858,1034,3.0,False
858,906,1.0,False
858,1076,0.5,False
858,575,0.5,False
858,412,0.5,False
858,1268,0.1,False
858,1234,0.1,False
859,21,60.0,True
859,1080,20.0,False
859,909,5.0,False
859,1232,4.0,False
860,1009,10.0,True
860,1076,1.0,False
860,1268,0.5,False
860,360,0.5,False
860,354,0.5,False
860,1390,0.5,False
860,1298,0.1,False
861,422,45.0,True
861,516,15.0,False
861,575,3.0,False
861,1144,2.0,False
861,906,2.0,False
861,412,1.0,False
861,1234,0.5,False
861,1266,0.4,False
862,995,60.0,True
862,422,30.0,False
862,275,15.0,False
862,1076,2.0,False
862,906,2.0,False
862,575,2.0,False
862,412,0.8,False
862,1268,0.7,False
862,1234,0.4,False
863,446,20.0,True
863,575,3.0,False
863,199,2.0,False
863,1232,1.0,False
863,1076,1.0,False
863,906,1.0,False
863,412,0.5,False
863,1297,0.02,False
864,446,15.0,True
864,422,10.0,False
864,292,2.0,False
864,906,2.0,False
864,575,2.0,False
864,1232,1.0,False
864,1076,1.0,False
864,412,0.5,False
865,521,30.0,True
865,1232,4.5,False
865,906,1.5,False
865,1076,0.7,False
865,412,0.7,False
866,856,25.0,True
866,610,5.0,False
866,575,3.0,False
866,1268,2.0,False
866,412,2.0,False
867,856,60.0,True
867,1232,20.0,False
867,906,20.0,False
867,516,10.0,False
867,1389,5.0,False
867,392,5.0,False
867,1265,0.25,False
868,457,14.0,True
868,575,2.1,False
868,1076,1.4,False
868,906,1.4,False
868,1266,0.4,False
868,412,0.4,False
869,1004,40.0,True
869,422,40.0,True
869,1389,20.0,False
869,1265,1.0,False
869,1390,1.0,False
870,856,15.0,True
870,914,5.0,False
870,575,3.0,False
870,1266,1.0,False
870,1232,1.0,False
870,1144,1.0,False
870,412,1.0,False
871,275,20.0,True
871,422,20.0,True
871,856,8.0,False
871,558,8.0,False
871,914,5.0,False
871,1232,2.0,False
871,575,2.0,False
871,354,0.7,False
871,412,0.6,False
871,1144,0.5,False
871,1266,0.1,False
872,914,4.0,True
872,1081,2.0,False
872,906,1.0,False
872,1076,0.5,False
872,1144,0.4,False
872,1234,0.2,False
872,412,0.2,False
873,275,20.0,True
873,856,20.0,True
873,422,20.0,True
873,558,10.0,False
873,914,5.0,False
873,575,5.0,False
873,1047,2.0,False
873,1232,1.0,False
873,1076,1.0,False
873,906,1.0,False
873,1390,1.0,False
873,1423,0.5,False
874,1067,30.0,True
874,1065,30.0,True
874,422,20.0,False
874,498,5.0,False
874,575,2.0,False
874,1265,0.03,False
875,422,40.0,True
875,521,20.0,False
875,613,15.0,False
875,486,15.0,False
875,575,10.0,False
875,217,10.0,False
875,350,10.0,False
875,516,10.0,False
875,1232,3.0,False
875,1076,3.0,False
875,1241,2.0,False
875,412,2.0,False
875,1298,1.0,False
875,1266,1.0,False
876,856,50.0,True
876,1033,10.0,False
876,575,3.0,False
876,1076,2.0,False
876,1266,1.0,False
876,1390,1.0,False
877,422,30.0,True
877,1033,15.0,False
877,906,10.0,False
877,1034,5.0,False
877,1390,5.0,False
877,575,3.0,False
878,21,20.0,True
878,1385,6.0,False
878,856,5.0,False
878,906,3.0,False
878,575,2.0,False
878,1266,0.2,False
878,1076,0.2,False
878,1070,0.1,False
879,486,15.0,True
879,199,4.0,False
879,575,2.0,False
879,1076,1.0,False
879,906,1.0,False
879,1232,0.5,False
879,412,0.5,False
879,1297,0.02,False
880,856,30.0,True
880,573,20.0,False
880,1034,3.0,False
880,1232,2.0,False
880,1076,2.0,False
880,1227,1.0,False
880,1268,1.0,False
880,1144,1.0,False
880,412,1.0,False
880,360,0.5,False
880,354,0.5,False
881,498,6.0,True
881,906,2.0,False
881,575,2.0,False
881,1076,0.8,False
881,412,0.5,False
881,1266,0.1,False
882,591,20.0,True
882,516,7.0,False
882,575,2.0,False
882,1076,1.0,False
882,906,1.0,False
882,412,1.0,False
882,1144,0.5,False
883,261,100.0,True
883,375,8.0,False
883,575,3.0,False
883,906,2.0,False
883,1144,1.5,False
883,1234,0.5,False
883,1069,0.5,False
883,412,0.5,False
884,278,10.0,True
884,199,5.0,False
884,906,2.0,False
884,575,2.0,False
884,1232,1.0,False
884,1076,1.0,False
884,412,0.5,False
884,1297,0.02,False
885,278,15.0,True
885,422,15.0,True
885,906,2.0,False
885,575,2.0,False
885,1076,1.0,False
885,1232,0.5,False
886,1067,30.0,True
886,1065,30.0,True
886,422,20.0,False
886,278,2.0,False
886,575,2.0,False
886,1265,0.03,False
887,1004,20.0,True
887,1082,3.0,False
887,1268,2.0,False
887,1232,2.0,False
887,1298,1.0,False
887,1133,1.0,False
888,1006,20.0,True
888,1081,5.0,False
888,1144,2.0,False
888,1266,1.0,False
888,1232,1.0,False
888,412,0.5,False
889,1009,40.0,True
889,1076,1.0,False
889,1390,1.0,False
889,1268,0.5,False
889,360,0.5,False
889,354,0.5,False
889,1298,0.1,False
890,889,40.0,True
890,1232,5.0,False
890,1081,4.0,False
890,1144,1.0,False
890,1340,1.0,False
890,412,1.0,False
890,1268,0.01,False
891,422,20.0,True
891,610,15.0,False
891,516,5.0,False
891,906,2.0,False
891,575,2.0,False
891,1076,1.0,False
891,1266,0.5,False
891,412,0.5,False
892,591,15.0,True
892,516,10.0,False
892,906,2.0,False
892,575,2.0,False
892,1232,1.0,False
892,1076,1.0,False
892,412,0.5,False
893,1020,50.0,True
893,276,40.0,False
893,856,20.0,False
893,516,8.0,False
893,575,3.0,False
893,1266,1.0,False
893,1076,1.0,False
893,906,1.0,False
894,1013,20.0,True
894,1082,3.0,False
894,1232,2.0,False
894,1298,1.0,False
894,1268,1.0,False
894,1340,1.0,False
895,1013,30.0,True
895,422,30.0,True
895,412,4.0,False
895,1076,2.0,False
895,575,2.0,False
895,1266,1.0,False
895,360,1.0,False
895,354,1.0,False
896,422,40.0,True
896,856,30.0,False
896,916,10.0,False
896,1232,2.0,False
896,575,2.0,False
896,1390,1.5,False
896,1144,1.0,False
896,1076,1.0,False
896,1265,0.3,False
897,916,10.0,True
897,1082,5.0,False
897,1232,1.0,False
897,1144,1.0,False
897,1076,1.0,False
897,1390,1.0,False
897,1265,0.3,False
898,422,30.0,True
898,856,10.0,False
898,916,10.0,False
898,1232,2.0,False
898,575,2.0,False
898,1390,1.5,False
898,1144,1.0,False
898,1076,1.0,False
898,1265,0.3,False
899,872,40.0,True
899,1232,5.0,False
899,1081,4.0,False
899,1144,1.0,False
899,1340,1.0,False
899,412,1.0,False
899,1268,0.01,False
900,591,15.0,True
900,180,15.0,True
900,575,3.0,False
900,906,2.0,False
900,1266,0.5,False
900,412,0.5,False
900,1076,0.2,False
900,1298,0.1,False
901,180,40.0,True
901,819,10.0,False
901,1239,1.7,False
901,1148,1.0,False
901,412,1.0,False
901,575,0.7,False
901,1297,0.5,False
901,1144,0.5,False
901,352,0.5,False
901,1232,0.3,False
901,354,0.3,False
902,368,40.0,True
902,1246,20.0,False
902,1390,5.0,False
902,1034,3.0,False
902,575,3.0,False
903,1081,3.0,True
903,1034,3.0,True
903,1232,1.0,False
903,1144,0.5,False
903,412,0.5,False
904,350,10.0,True
904,422,5.0,False
904,292,2.0,False
904,906,2.0,False
904,575,2.0,False
904,1232,1.0,False
904,1076,1.0,False
904,412,0.5,False
905,1065,30.0,True
905,422,20.0,False
905,498,5.0,False
905,1239,2.0,False
905,1076,2.0,False
905,575,2.0,False
905,1241,1.0,False
905,360,0.5,False
905,1265,0.03,False
906,368,20.0,True
906,558,15.0,False
906,1246,3.0,False
906,516,3.0,False
906,906,1.0,False
906,1076,0.5,False
906,575,0.3,False
906,412,0.2,False
907,589,20.0,True
907,422,10.0,False
907,516,3.0,False
907,906,2.0,False
907,575,2.0,False
907,1048,1.5,False
907,1076,1.0,False
907,412,0.5,False
908,21,150.0,True
908,1351,60.0,False
908,856,30.0,False
908,591,20.0,False
908,1232,12.0,False
908,596,10.0,False
908,516,10.0,False
908,392,10.0,False
908,575,5.0,False
908,412,3.0,False
908,1266,1.0,False
908,1074,1.0,False
908,352,1.0,False
908,1298,0.5,False
909,919,15.0,True
909,422,10.0,False
909,558,5.0,False
909,516,2.0,False
909,575,1.0,False
909,1266,0.5,False
909,1144,0.5,False
909,412,0.5,False
909,1297,0.02,False
910,995,60.0,True
910,422,30.0,False
910,275,5.0,False
910,1076,2.0,False
910,907,2.0,False
910,575,2.0,False
910,412,0.8,False
910,1268,0.7,False
910,1234,0.4,False
911,202,17.0,True
911,422,7.0,False
911,516,3.0,False
911,906,2.0,False
911,575,2.0,False
911,1048,1.0,False
911,1076,1.0,False
911,412,0.5,False
912,422,60.0,True
912,1133,10.0,False
912,1076,1.0,False
912,575,1.0,False
912,1268,0.5,False
913,419,80.0,True
913,613,5.0,False
913,1076,2.0,False
913,1232,1.0,False
913,292,1.0,False
913,354,1.0,False
913,1133,0.5,False
913,162,0.5,False
914,278,10.0,True
914,498,5.0,False
914,1414,3.0,False
914,575,2.0,False
914,1076,1.0,False
914,1234,0.5,False
914,412,0.5,False
915,1302,50.0,True
915,1080,10.0,False
915,1232,1.0,False
915,1076,1.0,False
915,575,1.0,False
915,1390,1.0,False
915,1423,0.5,False
915,1144,0.5,False
916,558,50.0,True
916,575,3.0,False
916,1241,2.0,False
916,906,2.0,False
916,412,2.0,False
916,1297,1.0,False
916,1268,1.0,False
916,1234,1.0,False
916,360,1.0,False
916,1076,0.7,False
917,422,50.0,True
917,575,10.0,False
917,1133,2.0,False
917,1076,2.0,False
917,906,2.0,False
917,412,2.0,False
917,1050,1.0,False
918,422,40.0,True
918,558,20.0,False
918,516,5.0,False
918,906,2.0,False
918,354,2.0,False
918,1076,1.0,False
918,575,1.0,False
918,1232,0.5,False
918,412,0.5,False
918,1266,0.2,False
919,1305,100.0,True
919,909,50.0,False
919,856,30.0,False
919,516,10.0,False
919,575,5.0,False
919,1423,1.0,False
919,1144,1.0,False
919,1390,1.0,False
920,914,10.0,True
920,1082,5.0,False
920,1232,1.0,False
920,1144,1.0,False
920,1076,1.0,False
920,1390,1.0,False
920,1265,0.3,False
921,995,28.0,True
921,575,2.1,False
921,1266,0.4,False
921,412,0.4,False
922,995,15.0,True
922,1081,5.0,False
922,1234,3.0,False
922,1268,2.0,False
922,412,2.0,False
923,377,10.0,True
923,422,10.0,True
923,906,2.0,False
923,575,2.0,False
923,1076,1.0,False
923,412,0.5,False
924,422,30.0,True
924,906,20.0,False
924,516,10.0,False
924,1076,5.0,False
924,1039,5.0,False
924,412,1.0,False
924,1232,0.1,False
925,914,10.0,True
925,1081,3.0,False
925,1144,2.5,False
925,1232,1.0,False
925,412,0.5,False
926,1033,40.0,True
926,1081,15.0,False
926,1232,3.0,False
926,412,2.0,False
926,1144,1.5,False
927,180,130.0,True
927,819,30.0,False
927,1232,1.0,False
927,1144,1.0,False
927,575,1.0,False
927,1266,0.5,False
927,412,0.5,False
928,819,30.0,True
928,199,20.0,False
928,422,10.0,False
928,1144,3.0,False
928,575,2.0,False
928,1266,1.0,False
928,1232,1.0,False
928,412,1.0,False
929,446,20.0,True
929,422,15.0,False
929,827,10.0,False
929,1248,5.0,False
929,575,5.0,False
929,1241,2.0,False
929,1232,2.0,False
929,1390,2.0,False
929,1076,1.0,False
929,906,1.0,False
929,1144,0.5,False
929,1265,0.2,False
930,819,20.0,True
930,596,20.0,True
930,1076,6.0,False
930,1232,4.0,False
930,575,3.0,False
930,1227,2.0,False
930,412,1.5,False
930,1266,1.0,False
930,360,1.0,False
930,1297,0.5,False
930,1144,0.1,False
931,449,10.0,True
931,596,8.0,False
931,819,6.0,False
931,547,5.0,False
931,613,5.0,False
931,610,5.0,False
931,1234,0.5,False
931,1076,0.5,False
931,906,0.5,False
931,575,0.4,False
931,412,0.4,False
932,486,20.0,True
932,819,15.0,False
932,516,5.0,False
932,906,1.0,False
932,575,1.0,False
932,1266,0.5,False
932,1234,0.5,False
932,412,0.5,False
933,558,30.0,True
933,819,20.0,False
933,422,20.0,False
933,575,5.0,False
933,1241,2.0,False
933,1232,1.0,False
933,412,1.0,False
934,276,60.0,True
934,375,20.0,False
934,199,8.0,False
934,1145,1.0,False
934,1047,1.0,False
934,1076,1.0,False
934,906,1.0,False
934,575,1.0,False
934,412,1.0,False
935,276,50.0,True
935,856,5.0,False
935,1076,2.0,False
935,906,2.0,False
935,1266,0.5,False
935,575,0.5,False
935,412,0.5,False
935,1232,0.2,False
935,1298,0.1,False
936,276,25.0,True
936,516,5.0,False
936,906,2.0,False
936,575,2.0,False
936,1232,1.0,False
936,1076,1.0,False
936,412,0.5,False
937,489,30.0,True
937,292,4.0,False
937,1246,2.5,False
937,906,1.0,False
937,1076,0.5,False
937,412,0.5,False
938,591,15.0,True
938,422,10.0,False
938,516,3.0,False
938,906,2.0,False
938,575,2.0,False
938,1076,1.0,False
938,1266,0.3,False
938,412,0.3,False
939,1302,25.0,True
939,856,1.0,False
939,906,1.0,False
939,1076,0.5,False
939,1234,0.3,False
939,575,0.3,False
939,412,0.2,False
940,1065,15.0,True
940,422,15.0,True
940,906,3.0,False
940,1076,1.0,False
940,575,1.0,False
940,498,1.0,False
940,412,0.5,False
941,276,80.0,True
941,856,20.0,False
941,422,10.0,False
941,1266,8.0,False
941,574,5.0,False
941,1076,1.0,False
941,906,1.0,False
941,516,1.0,False
942,1006,10.0,True
942,1082,4.0,False
942,1232,2.0,False
942,1265,1.0,False
942,1144,1.0,False
942,412,1.0,False
943,1010,10.0,True
943,1081,3.0,False
943,1232,2.0,False
943,1268,1.0,False
944,771,25.0,True
944,509,10.0,False
944,422,5.0,False
944,392,5.0,False
944,575,2.0,False
944,1076,1.0,False
944,1266,0.5,False
944,1232,0.5,False
944,1144,0.5,False
944,412,0.5,False
945,547,15.0,True
945,1232,2.0,False
945,906,0.7,False
945,1076,0.3,False
945,575,0.3,False
945,412,0.3,False
946,591,40.0,True
946,275,20.0,False
946,1133,5.0,False
946,1034,2.0,False
946,1048,1.0,False
946,575,1.0,False
946,412,0.5,False
947,180,30.0,True
947,292,4.0,False
947,1081,3.0,False
947,1144,1.5,False
947,1234,0.5,False
947,412,0.5,False
947,1266,0.4,False
948,489,15.0,True
948,422,15.0,True
948,1039,10.0,False
948,1246,4.0,False
948,575,2.0,False
948,1076,1.0,False
948,412,0.5,False
949,558,50.0,True
949,422,10.0,False
949,392,2.0,False
949,1076,1.0,False
949,906,1.0,False
949,1034,1.0,False
949,575,1.0,False
949,360,1.0,False
949,516,1.0,False
949,412,1.0,False
949,1266,0.8,False
950,277,60.0,True
950,1021,20.0,False
950,610,15.0,False
950,1038,5.0,False
950,1268,1.0,False
950,1144,1.0,False
950,209,1.0,False
951,856,30.0,True
951,422,10.0,False
951,1266,7.0,False
951,574,6.0,False
951,614,2.5,False
951,1076,1.0,False
951,914,1.0,False
951,906,1.0,False
951,1034,1.0,False
951,516,1.0,False
951,412,1.0,False
952,766,14.0,True
952,1081,3.0,False
952,1144,1.7,False
952,1232,0.7,False
952,412,0.7,False
952,1266,0.3,False
953,180,30.0,True
953,1081,4.0,False
953,1232,2.0,False
953,292,2.0,False
953,1133,1.0,False
953,911,1.0,False
953,1390,1.0,False
953,1268,0.1,False
954,180,60.0,True
954,591,10.0,False
954,516,10.0,False
954,392,5.0,False
954,575,2.0,False
954,906,1.0,False
954,360,1.0,False
954,1340,0.5,False
954,1076,0.5,False
954,1234,0.1,False
954,1298,0.01,False
955,422,40.0,True
955,1053,35.0,False
955,1241,3.0,False
955,575,2.0,False
955,352,2.0,False
955,354,2.0,False
955,498,2.0,False
955,1076,1.0,False
955,906,1.0,False
955,412,1.0,False
955,1232,0.7,False
956,1009,20.0,True
956,275,5.0,False
956,610,3.0,False
956,1389,2.0,False
956,354,0.5,False
956,412,0.4,False
956,1076,0.2,False
957,1009,10.0,True
957,1082,4.0,False
957,1232,2.0,False
957,1298,1.0,False
957,1144,1.0,False
957,1268,0.5,False
958,995,3.0,True
958,1081,1.5,False
958,1144,1.0,False
958,1076,0.5,False
958,906,0.5,False
958,412,0.4,False
958,1234,0.2,False
959,275,50.0,True
959,995,10.0,False
959,375,8.0,False
959,1241,5.0,False
959,1136,3.0,False
959,1050,1.0,False
959,1076,1.0,False
959,906,1.0,False
959,575,1.0,False
959,412,0.5,False
960,558,20.0,True
960,575,5.0,False
960,995,3.0,False
960,1076,1.0,False
960,906,1.0,False
960,412,0.5,False
960,1241,0.3,False
960,1266,0.1,False
961,1040,40.0,True
961,457,14.0,False
961,575,3.0,False
961,1266,0.5,False
961,412,0.5,False
961,1298,0.1,False
962,275,20.0,True
962,856,20.0,True
962,422,20.0,True
962,558,10.0,False
962,914,5.0,False
962,575,5.0,False
962,1047,2.0,False
962,1232,1.0,False
962,1076,1.0,False
962,906,1.0,False
962,1390,1.0,False
962,1423,0.5,False
963,21,75.0,True
963,516,5.0,False
963,1232,2.0,False
963,906,2.0,False
963,575,2.0,False
963,1076,1.0,False
963,1390,1.0,False
963,1265,0.2,False
964,558,50.0,True
964,422,10.0,False
964,1076,1.0,False
964,906,1.0,False
964,575,1.0,False
964,360,1.0,False
964,516,1.0,False
964,412,1.0,False
964,1266,0.8,False
964,1048,0.5,False
965,21,70.0,True
965,819,20.0,False
965,856,10.0,False
965,906,2.0,False
965,575,2.0,False
965,1076,1.0,False
965,1390,0.5,False
965,1265,0.3,False
965,1073,0.3,False
966,422,30.0,True
966,817,15.0,False
966,292,3.0,False
966,1232,1.0,False
966,1144,1.0,False
966,412,1.0,False
966,1266,0.5,False
966,1298,0.05,False
967,603,20.0,True
967,1081,2.0,False
967,906,1.0,False
967,1076,0.5,False
967,412,0.5,False
967,1144,0.4,False
967,1234,0.3,False
968,489,40.0,True
968,558,20.0,False
968,1241,8.0,False
968,1246,8.0,False
968,1076,1.0,False
968,906,1.0,False
968,575,1.0,False
968,1266,0.5,False
968,412,0.5,False
969,591,35.0,True
969,180,30.0,False
969,275,20.0,False
969,516,10.0,False
969,1239,7.0,False
969,1246,5.0,False
969,392,3.0,False
969,1076,2.0,False
969,906,1.0,False
969,575,1.0,False
969,412,1.0,False
970,591,40.0,True
970,275,15.0,False
970,1133,5.0,False
970,1034,2.0,False
970,1048,1.0,False
970,575,1.0,False
970,412,0.5,False
971,558,25.0,True
971,906,1.0,False
971,1266,0.5,False
971,575,0.5,False
971,412,0.5,False
972,1053,30.0,True
972,422,30.0,True
972,275,20.0,False
972,1239,10.0,False
972,1241,3.0,False
972,575,2.0,False
972,352,2.0,False
972,354,2.0,False
972,498,2.0,False
972,1076,1.0,False
972,906,1.0,False
972,412,1.0,False
973,1053,30.0,True
973,558,20.0,False
973,575,5.0,False
973,1076,1.0,False
973,906,1.0,False
973,412,0.5,False
973,1241,0.3,False
973,1266,0.1,False
974,558,30.0,True
974,521,20.0,False
974,819,10.0,False
974,842,10.0,False
974,199,3.0,False
974,575,3.0,False
974,1241,1.0,False
974,1232,1.0,False
974,412,1.0,False
974,1266,0.5,False
975,422,30.0,True
975,516,10.0,False
975,1076,5.0,False
975,906,5.0,False
975,1232,2.0,False
975,1039,2.0,False
975,360,1.0,False
975,1390,1.0,False
975,1265,0.2,False
976,856,50.0,True
976,610,20.0,False
976,516,10.0,False
976,575,3.0,False
976,1268,2.0,False
976,1076,2.0,False
976,360,1.0,False
976,354,1.0,False
976,1144,0.5,False
976,1297,0.1,False
976,1253,0.1,False
977,278,20.0,True
977,422,20.0,True
977,610,15.0,False
977,575,2.0,False
977,1265,0.03,False
978,276,50.0,True
978,387,30.0,False
978,1047,3.0,False
978,1232,2.0,False
978,575,2.0,False
978,352,2.0,False
978,354,2.0,False
978,412,0.6,False
979,558,40.0,True
979,909,20.0,False
979,1009,20.0,False
979,575,5.0,False
979,412,5.0,False
979,1266,2.0,False
980,530,20.0,True
980,1081,5.0,False
980,516,5.0,False
980,354,3.0,False
980,1272,1.0,False
980,1266,1.0,False
980,1232,1.0,False
980,234,1.0,False
980,1243,1.0,False
981,558,50.0,True
981,995,10.0,False
981,575,5.0,False
981,1076,1.0,False
981,906,1.0,False
981,412,0.5,False
981,1241,0.3,False
981,1266,0.1,False
982,180,30.0,True
982,914,5.0,False
982,1082,4.0,False
982,1232,1.0,False
982,1144,1.0,False
982,1076,1.0,False
982,1390,1.0,False
982,1265,0.3,False
983,856,20.0,True
983,558,20.0,True
983,422,20.0,True
983,914,5.0,False
983,575,5.0,False
983,1047,2.0,False
983,1232,1.0,False
983,1076,1.0,False
983,906,1.0,False
983,1390,1.0,False
983,1423,0.5,False
984,276,80.0,True
984,1033,50.0,False
984,856,20.0,False
984,422,10.0,False
984,1266,8.0,False
984,574,5.0,False
984,1076,1.0,False
984,906,1.0,False
984,516,1.0,False
985,819,30.0,True
985,275,10.0,False
985,516,10.0,False
985,422,5.0,False
985,1266,1.0,False
985,575,1.0,False
985,412,1.0,False
985,1241,0.8,False
985,1297,0.5,False
985,1232,0.4,False
986,375,70.0,True
986,558,20.0,False
986,575,3.0,False
986,1241,2.5,False
986,1076,2.0,False
986,1390,1.5,False
986,1268,0.5,False
987,558,35.0,True
987,575,5.0,False
987,1076,1.0,False
987,906,1.0,False
987,360,1.0,False
987,412,0.5,False
987,1241,0.3,False
987,1266,0.1,False
988,1053,17.0,True
988,422,10.0,False
988,575,3.0,False
988,1234,2.0,False
988,906,1.2,False
988,1076,0.8,False
988,412,0.5,False
988,1298,0.1,False
989,276,90.0,True
989,1010,10.0,False
989,1047,3.0,False
989,1232,2.0,False
989,575,2.0,False
989,352,2.0,False
989,354,2.0,False
989,412,0.6,False
990,1305,50.0,True
990,856,15.0,False
990,846,10.0,False
990,1133,3.0,False
990,916,3.0,False
990,575,2.0,False
990,1266,1.0,False
990,1232,1.0,False
990,1073,1.0,False
990,412,1.0,False
991,422,30.0,True
991,558,15.0,False
991,856,10.0,False
991,916,10.0,False
991,1232,2.0,False
991,575,2.0,False
991,1390,1.5,False
991,1144,1.0,False
991,1076,1.0,False
991,1265,0.3,False
992,521,40.0,True
992,422,10.0,False
992,269,5.0,False
992,1246,3.0,False
992,1076,2.0,False
992,906,2.0,False
992,575,1.0,False
992,412,0.2,False
993,766,70.0,True
993,446,50.0,False
993,422,30.0,False
993,292,5.0,False
993,575,5.0,False
993,412,2.5,False
993,1232,1.0,False
993,1266,0.5,False
993,1076,0.5,False
994,276,20.0,True
994,375,10.0,False
994,995,7.0,False
994,1033,5.0,False
994,516,5.0,False
994,575,3.0,False
994,412,2.0,False
994,1076,1.0,False
994,1266,0.5,False
995,422,30.0,True
995,819,15.0,False
995,521,15.0,False
995,486,10.0,False
995,856,5.0,False
995,613,5.0,False
995,610,5.0,False
995,596,5.0,False
995,350,5.0,False
995,516,5.0,False
995,575,2.0,False
995,1239,1.0,False
995,1390,1.0,False
995,1132,0.5,False
995,360,0.5,False
996,1082,4.0,True
996,292,1.0,False
996,1390,1.0,False
996,1133,0.5,False
996,1232,0.3,False
996,1265,0.03,False
997,610,15.0,True
997,605,15.0,True
997,516,5.0,False
997,575,2.0,False
997,1234,1.0,False
997,906,1.0,False
997,1076,0.5,False
997,412,0.5,False
998,819,7.0,True
998,1081,2.0,False
998,1232,1.0,False
998,1144,1.0,False
998,412,1.0,False
998,1266,0.5,False
999,1010,20.0,True
999,1081,3.0,False
999,1144,1.0,False
999,1232,0.5,False
999,412,0.5,False
999,1266,0.4,False
1000,505,40.0,True
1000,1246,10.0,False
1000,992,5.0,False
1000,575,5.0,False
1000,1423,2.0,False
1000,1232,2.0,False
1000,1390,2.0,False
1001,1009,50.0,True
1001,575,5.0,False
1001,1076,1.0,False
1001,1390,1.0,False
1001,1268,0.5,False
1001,360,0.5,False
1001,354,0.5,False
1001,1298,0.1,False
1002,817,40.0,True
1002,591,25.0,False
1002,530,25.0,False
1002,51,20.0,False
1002,613,20.0,False
1002,860,10.0,False
1002,1390,2.0,False
1002,1232,1.0,False
1002,1076,1.0,False
1002,309,1.0,False
1002,234,0.5,False
1002,1297,0.2,False
1003,181,50.0,True
1003,275,40.0,False
1003,1246,15.0,False
1003,517,10.0,False
1003,499,5.0,False
1003,909,3.0,False
1003,1234,2.0,False
1003,573,2.0,False
1003,412,1.0,False
1004,181,40.0,True
1004,275,30.0,False
1004,346,20.0,False
1004,1246,12.0,False
1004,995,9.0,False
1004,517,9.0,False
1004,575,5.0,False
1004,909,3.0,False
1004,412,1.0,False
1005,526,50.0,True
1005,181,20.0,False
1005,1246,15.0,False
1005,1239,5.0,False
1005,909,5.0,False
1005,574,3.0,False
1005,412,1.0,False
1006,275,30.0,True
1006,346,20.0,False
1006,1246,12.0,False
1006,995,9.0,False
1006,517,9.0,False
1006,575,5.0,False
1006,909,3.0,False
1006,412,1.0,False
1007,369,70.0,True
1007,1246,15.0,False
1007,573,6.0,False
1007,909,3.0,False
1007,412,1.0,False
1008,369,70.0,True
1008,1239,25.0,False
1008,1246,15.0,False
1008,573,6.0,False
1008,1241,2.0,False
1008,412,2.0,False
1008,909,2.0,False
1008,1266,2.0,False
1009,1016,80.0,True
1009,422,40.0,False
1009,593,25.0,False
1009,1246,15.0,False
1009,352,5.0,False
1009,412,1.0,False
1010,388,70.0,True
1010,275,45.0,False
1010,1246,15.0,False
1010,909,3.0,False
1010,575,3.0,False
1010,412,1.0,False
1011,388,70.0,True
1011,275,45.0,False
1011,1246,15.0,False
1011,1239,3.0,False
1011,909,3.0,False
1011,412,1.0,False
1012,388,70.0,True
1012,275,45.0,False
1012,1246,15.0,False
1012,995,15.0,False
1012,1239,3.0,False
1012,909,3.0,False
1012,412,1.0,False
1013,388,70.0,True
1013,275,45.0,False
1013,1246,15.0,False
1013,269,10.0,False
1013,1239,3.0,False
1013,909,3.0,False
1013,412,1.0,False
1014,390,70.0,True
1014,275,30.0,False
1014,1246,15.0,False
1014,352,10.0,False
1014,354,2.0,False
1014,1241,2.0,False
1014,412,2.0,False
1015,390,70.0,True
1015,275,30.0,False
1015,1246,15.0,False
1015,352,10.0,False
1015,909,3.0,False
1015,354,2.0,False
1015,1241,2.0,False
1015,412,2.0,False
1016,275,60.0,True
1016,181,20.0,False
1016,1246,15.0,False
1016,517,10.0,False
1016,499,5.0,False
1016,573,5.0,False
1016,909,3.0,False
1016,412,1.0,False
1017,275,60.0,True
1017,181,20.0,False
1017,1246,15.0,False
1017,517,10.0,False
1017,1240,5.0,False
1017,499,5.0,False
1017,573,5.0,False
1017,909,3.0,False
1017,412,1.0,False
1018,275,60.0,True
1018,181,20.0,False
1018,1246,15.0,False
1018,369,10.0,False
1018,517,10.0,False
1018,1239,5.0,False
1018,499,5.0,False
1018,573,5.0,False
1018,909,3.0,False
1018,412,1.0,False
1019,275,60.0,True
1019,422,20.0,False
1019,181,20.0,False
1019,1246,15.0,False
1019,517,10.0,False
1019,1239,5.0,False
1019,499,5.0,False
1019,573,5.0,False
1019,909,3.0,False
1019,412,1.0,False
1020,275,60.0,True
1020,181,20.0,False
1020,1246,15.0,False
1020,573,10.0,False
1020,517,10.0,False
1020,1239,5.0,False
1020,499,5.0,False
1020,909,3.0,False
1020,412,1.0,False
1021,181,30.0,True
1021,593,30.0,True
1021,1246,10.0,False
1021,1083,6.0,False
1021,909,5.0,False
1021,1234,2.0,False
1021,575,2.0,False
1021,412,1.0,False
1022,446,55.0,True
1022,1246,8.0,False
1022,1239,8.0,False
1022,575,5.0,False
1022,412,3.0,False
1022,1279,2.0,False
1023,446,40.0,True
1023,490,20.0,False
1023,1246,13.0,False
1023,1239,13.0,False
1023,575,5.0,False
1023,412,3.0,False
1023,1279,2.0,False
1024,446,55.0,True
1024,269,20.0,False
1024,1246,8.0,False
1024,1239,8.0,False
1024,575,5.0,False
1024,412,3.0,False
1024,1279,2.0,False
1025,446,40.0,True
1025,593,25.0,False
1025,1246,13.0,False
1025,1239,13.0,False
1025,575,5.0,False
1025,412,3.0,False
1025,1279,2.0,False
1026,446,60.0,True
1026,292,40.0,False
1026,1246,8.0,False
1026,575,5.0,False
1026,909,2.0,False
1026,1144,2.0,False
1026,412,1.0,False
1026,1266,1.0,False
1027,275,50.0,True
1027,422,25.0,False
1027,446,20.0,False
1027,1246,14.0,False
1027,575,6.0,False
1027,412,2.0,False
1028,447,70.0,True
1028,1246,15.0,False
1028,820,10.0,False
1028,352,5.0,False
1028,909,5.0,False
1028,412,2.0,False
1028,573,2.0,False
1029,275,50.0,True
1029,422,25.0,False
1029,446,20.0,False
1029,1246,14.0,False
1029,510,10.0,False
1029,575,6.0,False
1029,412,2.0,False
1030,446,70.0,True
1030,1010,30.0,False
1030,1246,15.0,False
1030,393,5.0,False
1030,1234,2.0,False
1030,354,2.0,False
1030,412,1.0,False
1031,275,50.0,True
1031,422,25.0,False
1031,607,20.0,False
1031,446,20.0,False
1031,1246,14.0,False
1031,575,6.0,False
1031,412,2.0,False
1032,275,50.0,True
1032,422,25.0,False
1032,446,20.0,False
1032,1246,14.0,False
1032,611,10.0,False
1032,575,6.0,False
1032,1234,2.0,False
1032,412,2.0,False
1032,909,2.0,False
1033,276,60.0,True
1033,181,20.0,False
1033,1246,15.0,False
1033,517,10.0,False
1033,1239,5.0,False
1033,499,5.0,False
1033,573,5.0,False
1033,909,3.0,False
1033,412,1.0,False
1034,490,50.0,True
1034,275,20.0,False
1034,1246,15.0,False
1034,412,1.0,False
1035,490,45.0,True
1035,1246,10.0,False
1035,909,6.0,False
1035,575,4.0,False
1035,412,3.0,False
1036,490,45.0,True
1036,1246,10.0,False
1036,909,6.0,False
1036,352,4.0,False
1036,575,4.0,False
1036,412,3.0,False
1037,426,70.0,True
1037,1246,15.0,False
1037,820,10.0,False
1037,352,5.0,False
1037,909,5.0,False
1037,412,2.0,False
1037,573,2.0,False
1038,426,43.0,True
1038,1246,25.0,False
1038,412,3.0,False
1038,575,2.0,False
1038,1279,1.0,False
1039,510,50.0,True
1039,495,20.0,False
1039,1246,15.0,False
1039,269,5.0,False
1039,412,1.0,False
1040,505,30.0,True
1040,1246,15.0,False
1040,575,5.0,False
1040,1239,3.0,False
1040,1034,3.0,False
1040,412,1.0,False
1040,1266,1.0,False
1041,505,70.0,True
1041,1246,15.0,False
1041,909,5.0,False
1041,575,5.0,False
1041,1239,1.0,False
1041,412,1.0,False
1042,275,50.0,True
1042,422,25.0,False
1042,505,20.0,False
1042,446,20.0,False
1042,1246,14.0,False
1042,575,6.0,False
1042,412,2.0,False
1043,521,65.0,True
1043,1248,15.0,False
1043,575,5.0,False
1043,909,2.0,False
1043,1241,1.0,False
1043,412,1.0,False
1044,522,70.0,True
1044,820,20.0,False
1044,1246,15.0,False
1044,909,5.0,False
1044,573,2.0,False
1044,412,1.0,False
1045,275,50.0,True
1045,422,25.0,False
1045,446,20.0,False
1045,1246,14.0,False
1045,526,10.0,False
1045,575,6.0,False
1045,412,2.0,False
1046,526,40.0,True
1046,275,30.0,False
1046,1246,15.0,False
1046,909,5.0,False
1046,575,5.0,False
1046,1241,1.0,False
1046,412,1.0,False
1047,275,50.0,True
1047,422,25.0,False
1047,1246,14.0,False
1047,453,10.0,False
1047,575,6.0,False
1047,412,2.0,False
1048,453,30.0,True
1048,1246,15.0,False
1048,820,10.0,False
1048,412,2.0,False
1048,573,2.0,False
1049,453,30.0,True
1049,1246,15.0,False
1049,820,10.0,False
1049,559,10.0,False
1049,412,2.0,False
1049,573,2.0,False
1050,453,70.0,True
1050,1246,15.0,False
1050,1013,10.0,False
1050,573,3.0,False
1050,412,1.0,False
1051,559,50.0,True
1051,1246,10.0,False
1051,995,10.0,False
1051,909,3.0,False
1051,573,3.0,False
1051,1077,1.0,False
1051,412,1.0,False
1052,1056,30.0,True
1052,1013,30.0,True
1052,1016,20.0,False
1052,517,20.0,False
1052,1246,15.0,False
1052,995,10.0,False
1052,1040,10.0,False
1052,499,5.0,False
1052,1241,1.0,False
1052,412,1.0,False
1053,275,50.0,True
1053,422,25.0,False
1053,593,20.0,False
1053,446,20.0,False
1053,1246,14.0,False
1053,575,6.0,False
1053,412,2.0,False
1054,593,35.0,True
1054,1246,12.0,False
1054,909,5.0,False
1054,575,5.0,False
1054,1234,4.0,False
1054,618,3.0,False
1055,593,40.0,True
1055,585,30.0,False
1055,1246,10.0,False
1055,820,10.0,False
1055,573,3.0,False
1055,1241,2.0,False
1055,412,2.0,False
1055,909,2.0,False
1056,453,100.0,True
1056,292,10.0,False
1056,1246,9.0,False
1056,1234,7.0,False
1056,575,5.0,False
1056,412,4.0,False
1057,453,45.4,True
1057,292,4.5,False
1057,1246,4.1,False
1057,1234,3.2,False
1057,575,2.3,False
1057,412,1.8,False
1058,453,45.4,True
1058,292,4.5,False
1058,1246,4.1,False
1058,1234,3.2,False
1058,575,2.3,False
1058,412,1.8,False
1059,181,30.0,True
1059,1246,10.0,False
1059,1083,6.0,False
1059,909,5.0,False
1059,292,4.0,False
1059,1234,2.0,False
1059,575,2.0,False
1059,412,1.0,False
1060,490,40.0,True
1060,275,15.0,False
1060,1246,10.0,False
1060,412,0.9,False
1061,453,50.2,True
1061,292,6.1,False
1061,1246,4.5,False
1061,1234,3.5,False
1061,575,2.5,False
1061,412,2.0,False
1062,275,200.0,True
1062,422,100.0,False
1062,446,80.0,False
1062,1246,56.0,False
1062,575,25.0,False
1062,906,8.0,False
1062,412,8.0,False
1062,1232,7.0,False
1063,591,200.0,True
1063,1246,50.0,False
1063,906,20.0,False
1063,575,20.0,False
1063,614,12.0,False
1063,1232,2.0,False
1064,909,180.0,True
1064,387,50.0,False
1064,1384,30.0,False
1064,1246,8.0,False
1064,575,4.0,False
1064,1234,3.0,False
1064,412,3.0,False
1064,1075,1.0,False
1064,1266,0.3,False
1064,1297,0.05,False
1065,1419,180.0,True
1065,995,40.0,False
1065,495,30.0,False
1065,1246,8.0,False
1065,575,6.0,False
1065,269,5.0,False
1065,906,5.0,False
1065,1076,2.0,False
1066,1419,180.0,True
1066,538,40.0,False
1066,275,30.0,False
1066,432,20.0,False
1066,1246,7.0,False
1066,575,6.0,False
1066,1034,5.0,False
1066,1232,3.0,False
1066,1076,2.0,False
1067,909,100.0,True
1067,1419,80.0,False
1067,387,40.0,False
1067,1246,15.0,False
1067,269,7.0,False
1067,575,4.0,False
1067,1075,1.0,False
1068,1419,500.0,True
1068,422,50.0,False
1068,575,10.5,False
1068,528,5.0,False
1068,1144,3.0,False
1068,1271,2.0,False
1068,233,1.5,False
1068,404,1.0,False
1068,1076,1.0,False
1068,269,1.0,False
1068,360,1.0,False
1068,1246,1.0,False
1068,1390,0.5,False
1068,516,0.5,False
1069,835,50.0,True
1069,766,50.0,True
1069,596,20.0,False
1069,610,20.0,False
1069,575,20.0,False
1069,574,10.0,False
1069,412,10.0,False
1069,404,7.5,False
1069,1246,5.0,False
1069,1390,5.0,False
1069,360,3.0,False
1069,354,3.0,False
1070,793,35.0,True
1070,180,20.0,False
1070,591,15.0,False
1070,275,15.0,False
1070,461,10.0,False
1070,1390,10.0,False
1070,1246,8.0,False
1070,574,5.0,False
1070,516,5.0,False
1070,358,5.0,False
1070,613,5.0,False
1070,486,5.0,False
1070,209,5.0,False
1070,269,3.0,False
1070,1389,2.0,False
1070,575,2.0,False
1070,199,2.0,False
1071,1419,400.0,True
1071,1373,100.0,False
1071,516,80.0,False
1071,422,70.0,False
1071,275,45.0,False
1071,575,40.0,False
1071,766,25.0,False
1071,209,15.0,False
1071,51,15.0,False
1071,609,10.0,False
1071,1246,10.0,False
1071,412,8.0,False
1071,591,5.0,False
1071,610,5.0,False
1071,1232,5.0,False
1071,1389,4.0,False
1071,352,1.0,False
1071,354,1.0,False
1072,1419,300.0,True
1072,589,190.0,False
1072,446,50.0,False
1072,575,50.0,False
1072,516,50.0,False
1072,609,30.0,False
1072,1246,3.0,False
1072,354,2.0,False
1073,489,150.0,True
1073,995,100.0,False
1073,180,80.0,False
1073,516,50.0,False
1073,591,30.0,False
1073,51,30.0,False
1073,1246,25.0,False
1073,392,20.0,False
1073,358,15.0,False
1073,354,15.0,False
1073,1423,1.0,False
1074,1419,300.0,True
1074,450,25.0,False
1074,275,25.0,False
1074,591,20.0,False
1074,422,15.0,False
1074,516,10.0,False
1074,1038,10.0,False
1074,1246,10.0,False
1074,269,10.0,False
1074,575,5.0,False
1074,612,3.0,False
1074,906,2.5,False
1074,1076,2.5,False
1074,412,0.3,False
1075,1419,400.0,True
1075,610,35.0,False
1075,606,30.0,False
1075,516,25.0,False
1075,563,25.0,False
1075,609,17.0,False
1075,613,15.0,False
1075,1111,15.0,False
1075,1246,10.0,False
1075,292,8.0,False
1075,269,5.0,False
1075,575,3.0,False
1075,360,3.0,False
1075,906,2.0,False
1075,1390,2.0,False
1075,1076,1.0,False
1075,1241,0.7,False
1076,505,60.0,True
1076,1239,5.0,False
1076,1246,3.0,False
1076,1076,0.5,False
1076,906,0.5,False
1076,412,0.5,False
1076,575,0.3,False
1077,275,50.0,True
1077,575,10.0,False
1077,1246,5.0,False
1077,1076,2.0,False
1077,906,2.0,False
1077,412,2.0,False
1078,1246,5.0,True
1078,1081,3.0,False
1078,906,2.0,False
1078,575,2.0,False
1078,1076,1.0,False
1078,412,0.5,False
1079,613,10.0,True
1079,596,10.0,True
1079,422,10.0,True
1079,1246,5.0,False
1079,906,2.0,False
1079,575,2.0,False
1079,1076,1.0,False
1079,412,0.5,False
1080,426,40.0,True
1080,292,8.0,False
1080,1246,3.0,False
1080,575,2.0,False
1080,1076,1.5,False
1080,412,1.0,False
1080,1266,0.7,False
1080,906,0.1,False
1081,610,15.0,True
1081,1246,5.0,False
1081,906,2.0,False
1081,573,2.0,False
1081,1076,1.0,False
1081,412,0.5,False
1082,422,10.0,True
1082,1246,2.0,False
1082,278,2.0,False
1082,906,1.0,False
1082,1076,0.5,False
1082,412,0.3,False
1082,574,0.2,False
1082,1234,0.1,False
1083,275,30.0,True
1083,422,10.0,False
1083,1246,7.0,False
1083,278,5.0,False
1083,613,2.5,False
1083,1076,1.0,False
1083,914,1.0,False
1083,906,1.0,False
1083,1034,1.0,False
1083,516,1.0,False
1083,412,1.0,False
1083,575,0.7,False
1084,610,10.0,True
1084,422,10.0,True
1084,1246,5.0,False
1084,906,2.0,False
1084,575,2.0,False
1084,1076,1.0,False
1085,368,50.0,True
1085,1239,10.0,False
1085,1246,5.0,False
1085,516,5.0,False
1085,422,5.0,False
1085,906,1.0,False
1085,575,1.0,False
1085,412,0.5,False
1085,1076,0.31,False
1086,275,30.0,True
1086,387,20.0,False
1086,422,10.0,False
1086,1246,7.0,False
1086,575,7.0,False
1086,614,2.5,False
1086,1009,2.0,False
1086,1076,1.0,False
1086,914,1.0,False
1086,906,1.0,False
1086,1034,1.0,False
1086,360,1.0,False
1086,516,1.0,False
1086,412,1.0,False
1087,424,20.0,True
1087,1246,5.0,False
1087,516,5.0,False
1087,906,2.0,False
1087,1076,1.0,False
1087,575,1.0,False
1087,1232,0.5,False
1087,412,0.5,False
1087,1266,0.2,False
1088,495,30.0,True
1088,856,20.0,False
1088,558,15.0,False
1088,995,10.0,False
1088,516,10.0,False
1088,1246,5.0,False
1088,1239,5.0,False
1088,614,2.5,False
1088,51,2.0,False
1088,914,1.0,False
1088,906,1.0,False
1088,1034,1.0,False
1088,575,1.0,False
1088,412,1.0,False
1089,451,60.0,True
1089,1246,10.0,False
1089,1241,2.0,False
1089,906,2.0,False
1089,575,2.0,False
1089,412,0.5,False
1090,422,15.0,True
1090,457,10.0,False
1090,1246,5.0,False
1090,906,2.0,False
1090,575,2.0,False
1090,1076,1.0,False
1090,412,0.5,False
1091,495,20.0,True
1091,995,10.0,False
1091,1246,2.0,False
1091,906,1.0,False
1091,575,1.0,False
1091,412,0.5,False
1092,516,20.0,True
1092,275,10.0,False
1092,1246,5.0,False
1092,613,5.0,False
1092,1076,2.0,False
1092,906,2.0,False
1092,575,1.0,False
1092,1266,0.5,False
1092,412,0.5,False
1093,526,50.0,True
1093,180,50.0,True
1093,1248,10.0,False
1093,575,2.0,False
1093,1076,1.0,False
1093,906,1.0,False
1093,1390,1.0,False
1094,422,20.0,True
1094,275,15.0,False
1094,1246,10.0,False
1094,278,4.0,False
1094,575,3.0,False
1094,906,2.0,False
1094,1076,1.0,False
1095,275,30.0,True
1095,422,10.0,False
1095,1246,7.0,False
1095,278,5.0,False
1095,613,2.5,False
1095,575,1.7,False
1095,1076,1.0,False
1095,914,1.0,False
1095,906,1.0,False
1095,1034,1.0,False
1095,516,1.0,False
1095,412,1.0,False
1096,537,35.0,True
1096,1246,4.0,False
1096,575,3.0,False
1096,906,2.0,False
1096,412,0.5,False
1097,422,40.0,True
1097,1246,20.0,False
1097,558,20.0,False
1097,495,15.0,False
1097,269,3.0,False
1097,575,3.0,False
1097,906,2.0,False
1097,1390,1.0,False
1097,1268,0.1,False
1098,278,5.0,True
1098,574,5.0,True
1098,1246,4.0,False
1098,1076,3.0,False
1098,906,3.0,False
1098,516,3.0,False
1098,422,3.0,False
1098,412,1.0,False
1099,610,10.0,True
1099,1246,5.0,False
1099,1081,2.0,False
1099,1076,2.0,False
1099,906,2.0,False
1099,575,2.0,False
1100,591,15.0,True
1100,180,10.0,False
1100,516,7.0,False
1100,1246,4.0,False
1100,906,1.0,False
1100,1076,0.5,False
1100,575,0.3,False
1100,412,0.3,False
1101,1246,5.0,True
1101,1082,2.0,False
1101,906,2.0,False
1101,575,2.0,False
1101,610,2.0,False
1101,1076,1.0,False
1101,1390,0.5,False
1102,454,40.0,True
1102,1246,5.0,False
1102,613,5.0,False
1102,516,5.0,False
1102,906,2.0,False
1102,1076,1.0,False
1102,575,1.0,False
1102,1232,0.5,False
1102,412,0.5,False
1102,1266,0.2,False
1103,591,15.0,True
1103,1246,8.0,False
1103,516,5.0,False
1103,575,2.0,False
1103,1076,1.0,False
1103,906,1.0,False
1103,412,0.5,False
1104,509,30.0,True
1104,1246,7.0,False
1104,516,5.0,False
1104,575,2.0,False
1104,906,1.0,False
1104,412,0.5,False
1105,606,20.0,True
1105,1246,5.0,False
1105,575,2.0,False
1105,906,1.3,False
1105,412,0.5,False
1106,368,15.0,True
1106,275,10.0,False
1106,516,5.0,False
1106,1246,4.0,False
1106,906,1.0,False
1106,1076,0.5,False
1106,575,0.2,False
1106,412,0.2,False
1106,1241,0.1,False
1107,180,100.0,True
1107,521,50.0,False
1107,1246,10.0,False
1107,1241,7.0,False
1107,906,2.0,False
1107,575,2.0,False
1107,1076,0.5,False
1107,412,0.5,False
1108,1248,10.0,True
1108,278,5.0,False
1108,610,5.0,False
1108,906,2.0,False
1108,1076,1.0,False
1108,1390,1.0,False
1108,1265,0.02,False
1109,610,15.0,True
1109,1246,5.0,False
1109,574,3.0,False
1109,1390,1.0,False
1109,1265,0.02,False
1110,368,40.0,True
1110,1010,25.0,False
1110,1246,20.0,False
1110,1390,5.0,False
1110,575,3.0,False
1111,521,40.0,True
1111,422,10.0,False
1111,269,7.0,False
1111,1246,3.0,False
1111,1076,2.0,False
1111,575,1.0,False
1111,412,0.2,False
1112,584,30.0,True
1112,591,20.0,False
1112,180,20.0,False
1112,422,10.0,False
1112,1246,3.0,False
1112,613,2.5,False
1112,1076,1.0,False
1112,914,1.0,False
1112,906,1.0,False
1112,1034,1.0,False
1112,360,1.0,False
1112,516,1.0,False
1112,412,1.0,False
1112,575,0.7,False
1113,275,10.0,True
1113,390,10.0,True
1113,1246,5.0,False
1113,446,5.0,False
1113,1076,2.0,False
1113,906,2.0,False
1113,1232,0.3,False
1114,275,30.0,True
1114,516,8.0,False
1114,180,5.0,False
1114,1246,4.0,False
1114,906,1.0,False
1114,575,0.7,False
1114,1076,0.5,False
1115,505,50.0,True
1115,1246,10.0,False
1115,1034,5.0,False
1115,575,5.0,False
1115,1232,2.0,False
1115,1076,2.0,False
1115,1390,2.0,False
1115,1423,1.0,False
1116,275,30.0,True
1116,591,30.0,True
1116,1248,20.0,False
1116,995,20.0,False
1116,180,20.0,False
1116,392,5.0,False
1116,906,2.0,False
1116,575,2.0,False
1116,1232,1.0,False
1116,352,1.0,False
1116,354,1.0,False
1116,1265,0.2,False
1117,558,20.0,True
1117,1246,10.0,False
1117,387,10.0,False
1117,995,7.0,False
1117,575,3.0,False
1117,906,2.0,False
1117,1076,1.0,False
1117,1390,1.0,False
1118,819,20.0,True
1118,495,20.0,True
1118,422,10.0,False
1118,1246,7.0,False
1118,613,2.5,False
1118,1076,1.0,False
1118,914,1.0,False
1118,906,1.0,False
1118,1034,1.0,False
1118,360,1.0,False
1118,516,1.0,False
1118,412,1.0,False
1118,575,0.7,False
1119,426,20.0,True
1119,558,15.0,False
1119,1246,3.0,False
1119,516,3.0,False
1119,906,1.0,False
1119,1076,0.5,False
1119,575,0.3,False
1119,412,0.2,False
1120,505,20.0,True
1120,275,10.0,False
1120,1246,1.0,False
1120,906,1.0,False
1120,1076,0.5,False
1120,412,0.5,False
1121,505,40.0,True
1121,1246,10.0,False
1121,1388,10.0,False
1121,575,3.0,False
1121,1423,2.0,False
1121,1232,2.0,False
1121,1390,2.0,False
1122,505,50.0,True
1122,1248,10.0,False
1122,516,10.0,False
1122,575,2.0,False
1122,1076,1.0,False
1122,906,1.0,False
1122,1390,1.0,False
1123,591,20.0,True
1123,275,10.0,False
1123,180,10.0,False
1123,516,10.0,False
1123,392,10.0,False
1123,1076,1.0,False
1123,906,1.0,False
1123,575,1.0,False
1123,352,1.0,False
1123,360,1.0,False
1123,354,1.0,False
1123,1390,1.0,False
1124,180,20.0,True
1124,1246,10.0,False
1124,609,10.0,False
1124,392,5.0,False
1124,574,2.0,False
1124,1253,1.0,False
1124,1076,1.0,False
1124,1390,0.5,False
1125,275,20.0,True
1125,1246,10.0,False
1125,610,10.0,False
1125,574,2.0,False
1125,1076,0.5,False
1125,1390,0.5,False
1125,1082,0.1,False
1126,489,40.0,True
1126,1009,20.0,False
1126,275,15.0,False
1126,422,10.0,False
1126,1246,5.0,False
1126,614,2.5,False
1126,575,1.7,False
1126,1076,1.0,False
1126,914,1.0,False
1126,906,1.0,False
1126,1034,1.0,False
1126,360,1.0,False
1126,516,1.0,False
1126,412,1.0,False
1127,275,30.0,True
1127,426,30.0,True
1127,1246,10.0,False
1127,422,10.0,False
1127,292,5.0,False
1127,613,2.5,False
1127,162,2.0,False
1127,412,2.0,False
1127,1076,1.0,False
1127,914,1.0,False
1127,906,1.0,False
1127,1034,1.0,False
1127,575,1.0,False
1127,360,1.0,False
1127,516,1.0,False
1128,446,30.0,True
1128,558,15.0,False
1128,1248,10.0,False
1128,1076,1.0,False
1128,906,1.0,False
1128,575,1.0,False
1128,1390,1.0,False
1128,1232,0.5,False
1128,1265,0.3,False
1128,1239,0.2,False
1129,180,50.0,True
1129,1246,15.0,False
1129,827,15.0,False
1129,516,10.0,False
1129,575,5.0,False
1129,1390,3.0,False
1129,1423,1.0,False
1129,1144,0.5,False
1130,446,40.0,True
1130,1248,10.0,False
1130,819,10.0,False
1130,1232,2.0,False
1130,1241,1.0,False
1130,1076,1.0,False
1130,906,1.0,False
1130,575,1.0,False
1130,1390,1.0,False
1130,1144,0.5,False
1130,1265,0.3,False
1130,480,0.01,False
1131,451,10.0,True
1131,819,7.0,False
1131,516,6.0,False
1131,1246,3.0,False
1131,906,1.0,False
1131,575,0.7,False
1131,412,0.7,False
1131,1076,0.5,False
1132,505,50.0,True
1132,827,20.0,False
1132,1248,15.0,False
1132,575,5.0,False
1132,1390,1.0,False
1132,1265,0.2,False
1133,489,40.0,True
1133,275,30.0,False
1133,1248,10.0,False
1133,516,10.0,False
1133,906,5.0,False
1133,575,2.0,False
1133,1390,1.0,False
1133,1423,0.5,False
1133,1076,0.5,False
1134,426,40.0,True
1134,1248,10.0,False
1134,1232,1.0,False
1134,1076,1.0,False
1134,906,1.0,False
1134,1390,1.0,False
1135,387,35.0,True
1135,1246,4.0,False
1135,575,3.0,False
1135,1076,2.0,False
1135,906,2.0,False
1135,412,0.5,False
1136,505,25.0,True
1136,1246,4.0,False
1136,575,3.0,False
1136,906,2.0,False
1136,1076,1.5,False
1136,1266,1.0,False
1136,412,1.0,False
1137,275,15.0,True
1137,278,10.0,False
1137,1246,4.0,False
1137,575,2.5,False
1137,906,2.0,False
1137,1076,1.0,False
1137,412,0.5,False
1138,526,40.0,True
1138,1248,10.0,False
1138,995,10.0,False
1138,516,10.0,False
1138,1076,2.0,False
1138,575,2.0,False
1138,1232,1.0,False
1138,911,1.0,False
1138,906,1.0,False
1138,1390,1.0,False
1138,1423,0.5,False
1139,486,25.0,True
1139,453,20.0,False
1139,375,10.0,False
1139,1246,2.0,False
1139,516,2.0,False
1139,1239,1.0,False
1140,909,30.0,True
1140,387,30.0,True
1140,1246,10.0,False
1140,1010,5.0,False
1140,1390,5.0,False
1140,575,1.0,False
1140,1265,0.3,False
1141,505,40.0,True
1141,1385,30.0,False
1141,1248,15.0,False
1141,575,5.0,False
1141,1390,1.0,False
1141,1265,0.2,False
1142,368,50.0,True
1142,1246,15.0,False
1142,906,10.0,False
1142,516,10.0,False
1142,995,7.0,False
1142,1239,5.0,False
1142,575,3.0,False
1142,1390,3.0,False
1143,275,15.0,True
1143,995,15.0,True
1143,390,5.0,False
1143,516,5.0,False
1143,1246,3.0,False
1143,1239,1.0,False
1143,906,1.0,False
1143,575,1.0,False
1143,412,0.8,False
1143,1076,0.5,False
1144,489,50.0,True
1144,1248,15.0,False
1144,995,5.0,False
1144,1232,2.0,False
1144,1076,2.0,False
1144,906,2.0,False
1144,575,2.0,False
1144,1390,1.0,False
1144,1265,0.2,False
1145,489,60.0,True
1145,1248,10.0,False
1145,1010,10.0,False
1145,516,10.0,False
1145,906,3.0,False
1145,575,2.0,False
1145,1390,1.0,False
1145,1423,0.5,False
1145,1076,0.5,False
1146,489,40.0,True
1146,558,20.0,False
1146,1246,3.0,False
1146,1241,1.0,False
1146,1076,1.0,False
1146,906,1.0,False
1146,575,1.0,False
1146,1266,0.5,False
1146,412,0.5,False
1147,489,25.0,True
1147,1246,4.0,False
1147,906,2.0,False
1147,1076,1.0,False
1147,575,1.0,False
1147,412,0.5,False
1148,521,35.0,True
1148,558,10.0,False
1148,1246,3.0,False
1148,516,3.0,False
1148,906,1.0,False
1148,1076,0.5,False
1148,360,0.5,False
1148,575,0.3,False
1148,412,0.2,False
1149,489,50.0,True
1149,1248,15.0,False
1149,1009,10.0,False
1149,1076,2.0,False
1149,906,2.0,False
1149,575,2.0,False
1149,1390,1.0,False
1149,1265,0.2,False
1150,489,40.0,True
1150,610,10.0,False
1150,1248,5.0,False
1150,906,5.0,False
1150,575,2.0,False
1150,1390,1.0,False
1150,1423,0.5,False
1150,1076,0.5,False
1151,387,30.0,True
1151,1248,10.0,False
1151,995,10.0,False
1151,1232,1.0,False
1151,1076,1.0,False
1151,906,1.0,False
1151,575,1.0,False
1151,1390,1.0,False
1152,505,50.0,True
1152,1246,10.0,False
1152,992,5.0,False
1152,575,5.0,False
1152,1423,2.0,False
1152,1390,2.0,False
1153,422,50.0,True
1153,816,30.0,False
1153,820,30.0,False
1153,860,10.0,False
1153,1234,7.0,False
1153,200,5.0,False
1153,1266,2.0,False
1153,412,1.0,False
1153,573,1.0,False
1154,181,60.0,True
1154,792,50.0,False
1154,559,20.0,False
1154,575,10.0,False
1154,517,7.0,False
1154,1234,4.0,False
1154,1297,3.0,False
1154,1241,2.0,False
1154,412,2.0,False
1154,1144,1.0,False
1155,820,60.0,True
1155,412,2.0,False
1155,1266,2.0,False
1156,422,40.0,True
1156,843,30.0,False
1156,426,30.0,False
1156,559,30.0,False
1156,1246,10.0,False
1156,352,5.0,False
1156,1239,5.0,False
1156,574,5.0,False
1156,1266,4.0,False
1156,412,1.0,False
1156,1297,1.0,False
1157,841,40.0,True
1157,820,20.0,False
1157,80,20.0,False
1157,517,20.0,False
1157,575,5.0,False
1157,1266,4.0,False
1157,1297,2.0,False
1157,412,1.0,False
1158,1016,80.0,True
1158,422,30.0,False
1158,517,20.0,False
1158,575,5.0,False
1158,909,3.0,False
1158,1241,2.0,False
1158,412,2.0,False
1158,499,2.0,False
1158,354,1.0,False
1158,352,1.0,False
1158,1266,1.0,False
1159,775,110.0,True
1159,422,50.0,False
1159,517,10.0,False
1159,575,5.0,False
1159,412,3.0,False
1159,1241,2.0,False
1159,1266,1.0,False
1160,775,60.0,True
1160,422,40.0,False
1160,517,20.0,False
1160,575,5.0,False
1160,1297,4.0,False
1160,1266,3.0,False
1160,412,2.0,False
1161,775,60.0,True
1161,181,20.0,False
1161,393,15.0,False
1161,412,10.0,False
1161,517,10.0,False
1161,575,5.0,False
1161,1266,3.0,False
1161,1297,2.0,False
1162,775,60.0,True
1162,422,40.0,False
1162,517,20.0,False
1162,575,5.0,False
1162,1266,3.0,False
1162,412,2.0,False
1162,1297,2.0,False
1163,775,60.0,True
1163,163,40.0,False
1163,412,10.0,False
1163,517,10.0,False
1163,642,5.0,False
1163,575,5.0,False
1163,1266,3.0,False
1163,1297,2.0,False
1164,831,40.0,True
1164,820,20.0,False
1164,80,20.0,False
1164,517,20.0,False
1164,575,5.0,False
1164,1266,3.0,False
1164,412,1.0,False
1164,1297,1.0,False
1165,446,30.0,True
1165,597,20.0,False
1165,517,7.0,False
1165,618,5.0,False
1165,575,2.0,False
1165,1234,1.0,False
1165,1241,1.0,False
1165,412,1.0,False
1165,1266,1.0,False
1166,446,30.0,True
1166,597,20.0,False
1166,607,20.0,False
1166,517,7.0,False
1166,618,5.0,False
1166,575,2.0,False
1166,1234,1.0,False
1166,1241,1.0,False
1166,412,1.0,False
1166,1266,1.0,False
1167,446,30.0,True
1167,611,20.0,False
1167,517,7.0,False
1167,618,5.0,False
1167,575,2.0,False
1167,1234,1.0,False
1167,1241,1.0,False
1167,412,1.0,False
1168,820,40.0,True
1168,422,40.0,True
1168,561,20.0,False
1168,435,10.0,False
1168,521,10.0,False
1168,575,10.0,False
1168,412,5.0,False
1168,1266,1.0,False
1168,1297,1.0,False
1169,1308,65.0,True
1169,575,8.0,False
1169,1266,4.0,False
1169,412,2.0,False
1169,1297,2.0,False
1170,775,60.0,True
1170,163,30.0,False
1170,412,8.0,False
1170,1335,8.0,False
1170,642,5.0,False
1170,298,5.0,False
1170,575,5.0,False
1170,1266,2.0,False
1170,1297,1.0,False
1171,422,50.0,True
1171,842,40.0,False
1171,487,30.0,False
1171,820,20.0,False
1171,575,5.0,False
1171,1241,3.0,False
1171,1266,2.0,False
1171,412,1.0,False
1172,820,30.0,True
1172,422,30.0,True
1172,80,20.0,False
1172,575,5.0,False
1172,412,3.0,False
1172,1266,2.0,False
1172,1297,1.0,False
1173,426,30.0,True
1173,559,30.0,True
1173,842,20.0,False
1173,843,20.0,False
1173,820,20.0,False
1173,1246,10.0,False
1173,352,5.0,False
1173,1239,5.0,False
1173,574,5.0,False
1173,412,1.0,False
1173,480,1.0,False
1173,1297,1.0,False
1174,776,60.0,True
1174,163,20.0,False
1174,626,10.0,False
1174,523,10.0,False
1174,412,8.0,False
1174,642,5.0,False
1174,298,5.0,False
1174,1266,2.0,False
1174,1297,1.0,False
1175,852,60.0,True
1175,163,20.0,False
1175,412,8.0,False
1175,1335,8.0,False
1175,642,5.0,False
1175,298,5.0,False
1175,1266,2.0,False
1175,1297,1.0,False
1176,820,30.0,True
1176,857,20.0,False
1176,275,10.0,False
1176,51,8.0,False
1176,1266,4.0,False
1176,575,2.0,False
1176,354,1.0,False
1176,412,1.0,False
1176,1144,1.0,False
1176,1297,1.0,False
1177,453,50.0,True
1177,820,30.0,False
1177,559,20.0,False
1177,1246,15.0,False
1177,575,10.0,False
1177,354,3.0,False
1177,1241,3.0,False
1177,412,2.0,False
1178,847,250.0,True
1178,412,5.0,False
1178,574,5.0,False
1178,480,4.0,False
1178,1266,2.0,False
1178,1297,1.0,False
1179,820,90.0,True
1179,562,20.0,False
1179,575,20.0,False
1179,350,15.0,False
1179,422,15.0,False
1179,487,15.0,False
1179,1234,10.0,False
1179,412,5.0,False
1179,1241,3.0,False
1179,1297,1.0,False
1180,820,70.0,True
1181,1056,30.0,True
1181,1145,30.0,True
1181,788,20.0,False
1181,422,20.0,False
1181,593,20.0,False
1181,1010,10.0,False
1181,1013,10.0,False
1181,393,10.0,False
1181,510,10.0,False
1181,517,10.0,False
1181,1241,5.0,False
1181,460,5.0,False
1181,412,1.0,False
1181,1266,1.0,False
1182,922,70.0,True
1182,422,40.0,False
1182,1239,20.0,False
1182,1246,10.0,False
1182,575,7.0,False
1182,412,5.0,False
1182,480,5.0,False
1182,292,2.0,False
1182,1266,2.0,False
1182,1241,1.0,False
1182,1144,1.0,False
1183,1056,30.0,True
1183,422,20.0,False
1183,1031,20.0,False
1183,559,20.0,False
1183,1010,10.0,False
1183,1013,10.0,False
1183,1239,5.0,False
1183,499,5.0,False
1183,575,5.0,False
1183,1266,4.0,False
1183,1241,3.0,False
1183,412,1.0,False
1184,423,200.0,True
1184,849,180.0,False
1184,820,150.0,False
1184,575,115.0,False
1184,517,50.0,False
1184,860,50.0,False
1184,412,27.0,False
1184,1144,14.0,False
1184,1241,12.0,False
1184,1266,8.0,False
1184,315,5.0,False
1185,909,400.0,True
1185,1027,250.0,False
1185,574,13.0,False
1185,412,3.0,False
1185,1144,2.0,False
1185,1266,1.0,False
1185,1243,1.0,False
1186,1027,2500.0,True
1186,86,200.0,False
1186,422,200.0,False
1186,352,30.0,False
1186,354,30.0,False
1186,575,20.0,False
1186,412,10.0,False
1186,1266,1.0,False
1187,1027,750.0,True
1187,995,400.0,False
1187,441,300.0,False
1187,86,200.0,False
1187,435,200.0,False
1187,423,100.0,False
1187,517,70.0,False
1187,499,20.0,False
1187,575,20.0,False
1187,412,12.0,False
1187,1266,2.0,False
1188,780,2000.0,True
1188,775,1000.0,False
1188,51,110.0,False
1188,539,100.0,False
1188,857,100.0,False
1188,820,100.0,False
1188,517,100.0,False
1188,396,80.0,False
1188,435,50.0,False
1188,573,30.0,False
1188,412,30.0,False
1188,480,20.0,False
1188,1234,12.0,False
1188,354,10.0,False
1188,618,10.0,False
1188,1144,7.0,False
1188,911,5.0,False
1188,1266,3.0,False
1188,1297,0.5,False
1189,922,300.0,True
1189,425,80.0,False
1189,517,40.0,False
1189,291,24.0,False
1189,412,24.0,False
1189,480,20.0,False
1189,575,20.0,False
1189,1234,10.0,False
1189,1266,1.0,False
1189,1257,0.5,False
1189,1297,0.1,False
1190,279,90.0,True
1190,375,40.0,False
1190,575,30.0,False
1190,790,20.0,False
1190,412,10.0,False
1190,1266,3.0,False
1190,1145,2.0,False
1191,217,100.0,True
1191,820,25.0,False
1191,292,13.0,False
1191,38,8.0,False
1191,1266,1.0,False
1192,841,40.0,True
1192,80,20.0,False
1192,517,20.0,False
1192,820,13.0,False
1192,575,5.0,False
1192,1266,4.0,False
1192,412,1.0,False
1192,1297,0.1,False
1193,521,240.0,True
1193,834,200.0,False
1193,558,80.0,False
1193,1246,48.0,False
1193,575,40.0,False
1193,1239,12.0,False
1193,412,8.0,False
1193,1144,4.0,False
1193,1241,4.0,False
1194,1419,100.0,True
1194,280,100.0,True
1194,180,70.0,False
1194,596,30.0,False
1194,270,20.0,False
1194,275,20.0,False
1194,292,5.0,False
1194,573,3.0,False
1194,1266,2.3,False
1195,1308,200.0,True
1195,422,40.0,False
1195,834,30.0,False
1195,575,9.0,False
1195,412,6.0,False
1195,1232,3.0,False
1195,1076,2.0,False
1195,1144,2.0,False
1195,1297,0.1,False
1196,1419,200.0,True
1196,446,30.0,False
1196,459,20.0,False
1196,798,20.0,False
1196,1053,20.0,False
1196,1040,20.0,False
1196,995,20.0,False
1196,516,15.0,False
1196,1232,8.0,False
1196,575,6.0,False
1196,1227,6.0,False
1196,412,4.0,False
1196,354,4.0,False
1196,1145,4.0,False
1196,1242,4.0,False
1196,360,2.0,False
1196,1266,0.6,False
1196,1297,0.1,False
1197,1419,200.0,True
1197,609,45.0,False
1197,422,30.0,False
1197,1384,30.0,False
1197,574,6.0,False
1197,1232,6.0,False
1197,1227,5.0,False
1197,292,5.0,False
1197,360,3.0,False
1197,354,3.0,False
1197,412,3.0,False
1197,1144,2.0,False
1197,1076,2.0,False
1197,1266,1.3,False
1198,1419,150.0,True
1198,1385,50.0,False
1198,495,20.0,False
1198,856,20.0,False
1198,275,15.0,False
1198,209,5.0,False
1198,575,3.0,False
1198,1234,3.0,False
1198,412,2.0,False
1198,1144,2.0,False
1198,309,2.0,False
1198,1266,1.0,False
1198,1297,0.1,False
1199,180,70.0,True
1199,850,60.0,False
1199,375,40.0,False
1199,516,15.0,False
1199,422,15.0,False
1199,412,7.0,False
1199,1246,5.0,False
1199,575,5.0,False
1199,1232,3.0,False
1199,292,2.0,False
1199,234,2.0,False
1199,480,1.0,False
1199,1241,1.0,False
1199,1297,0.2,False
1200,1419,200.0,True
1200,852,60.0,False
1200,558,40.0,False
1200,350,30.0,False
1200,1232,14.0,False
1200,575,10.0,False
1200,412,6.0,False
1200,1227,3.0,False
1200,1241,1.0,False
1200,1266,0.9,False
1200,1297,0.1,False
1201,1419,200.0,True
1201,216,40.0,False
1201,1384,30.0,False
1201,575,9.0,False
1201,412,7.0,False
1201,1232,7.0,False
1201,292,5.0,False
1201,1144,2.0,False
1201,573,2.0,False
1201,1266,1.1,False
1201,1297,0.1,False
1202,1419,300.0,True
1202,774,90.0,False
1202,530,30.0,False
1202,578,10.0,False
1202,577,10.0,False
1202,575,8.0,False
1202,412,6.0,False
1202,617,5.0,False
1202,1266,2.5,False
1202,1243,2.0,False
1202,480,2.0,False
1202,1297,0.1,False
1203,1419,300.0,True
1203,775,60.0,False
1203,16,30.0,False
1203,575,15.0,False
1203,1335,10.0,False
1203,298,10.0,False
1203,1227,10.0,False
1203,412,8.0,False
1203,642,5.0,False
1203,480,2.0,False
1204,1419,300.0,True
1204,563,200.0,False
1204,275,100.0,False
1204,422,80.0,False
1204,558,80.0,False
1204,982,70.0,False
1204,516,50.0,False
1204,392,30.0,False
1204,577,30.0,False
1204,579,30.0,False
1204,1241,20.0,False
1204,1390,15.0,False
1204,1392,13.0,False
1204,1075,7.0,False
1204,352,2.0,False
1204,354,1.0,False
1205,1419,300.0,True
1205,1355,75.0,False
1205,348,25.0,False
1205,575,25.0,False
1205,360,25.0,False
1205,422,20.0,False
1205,516,20.0,False
1205,412,20.0,False
1205,1390,14.0,False
1205,610,10.0,False
1205,1232,6.0,False
1205,1266,1.0,False
1205,1298,1.0,False
1206,516,560.0,True
1206,1007,100.0,False
1206,292,100.0,False
1206,1060,80.0,False
1206,856,60.0,False
1206,1040,50.0,False
1206,358,17.0,False
1206,354,17.0,False
1206,1227,15.0,False
1206,1232,15.0,False
1206,1390,15.0,False
1206,575,7.0,False
1207,869,400.0,True
1207,1060,200.0,False
1207,516,50.0,False
1207,422,30.0,False
1207,589,25.0,False
1207,358,25.0,False
1207,575,20.0,False
1207,434,20.0,False
1207,360,20.0,False
1207,412,10.0,False
1207,1298,1.0,False
1208,1419,300.0,True
1208,422,50.0,False
1208,486,30.0,False
1208,596,25.0,False
1208,516,25.0,False
1208,521,25.0,False
1208,791,25.0,False
1208,575,10.0,False
1208,1246,10.0,False
1208,292,5.0,False
1208,1039,3.0,False
1208,1390,3.0,False
1208,360,2.0,False
1208,1076,2.0,False
1208,1227,1.0,False
1208,1241,1.0,False
1209,909,300.0,True
1209,275,40.0,False
1209,591,40.0,False
1209,516,30.0,False
1209,298,30.0,False
1209,292,30.0,False
1209,596,20.0,False
1209,606,20.0,False
1209,613,20.0,False
1209,330,10.0,False
1209,1133,10.0,False
1210,1419,500.0,True
1210,917,150.0,False
1210,422,60.0,False
1210,524,20.0,False
1210,591,20.0,False
1210,292,15.0,False
1210,534,10.0,False
1210,596,10.0,False
1210,613,10.0,False
1210,516,10.0,False
1210,575,5.0,False
1210,360,2.0,False
1210,412,1.5,False
1210,498,1.0,False
1210,354,1.0,False
1210,905,1.0,False
1210,1076,1.0,False
1210,480,0.5,False
1210,1297,0.5,False
1210,1266,0.2,False
1211,893,80.0,True
1211,422,30.0,False
1211,558,20.0,False
1211,434,10.0,False
1211,575,3.0,False
1211,1266,2.0,False
1211,1241,2.0,False
1211,412,1.5,False
1211,1232,1.0,False
1211,360,1.0,False
1212,819,50.0,True
1212,846,50.0,True
1212,422,40.0,False
1212,605,10.0,False
1212,860,5.0,False
1212,199,5.0,False
1212,575,5.0,False
1212,1268,0.5,False
1213,1065,40.0,True
1213,914,15.0,False
1213,422,10.0,False
1213,360,5.0,False
1213,1232,4.0,False
1213,613,2.5,False
1213,1414,1.0,False
1213,1076,1.0,False
1213,906,1.0,False
1213,1034,1.0,False
1213,575,1.0,False
1213,516,1.0,False
1214,850,80.0,True
1214,217,30.0,False
1214,575,10.0,False
1214,457,8.0,False
1214,1232,5.0,False
1214,412,5.0,False
1214,1246,4.0,False
1214,1241,3.5,False
1214,292,3.0,False
1214,404,3.0,False
1214,1335,1.0,False
1214,1277,1.0,False
1214,642,1.0,False
1214,480,0.5,False
1214,1298,0.2,False
1215,1009,40.0,True
1215,412,4.0,False
1215,1076,2.0,False
1215,575,2.0,False
1215,434,2.0,False
1215,1266,1.0,False
1216,1013,100.0,True
1216,422,20.0,False
1216,1076,1.0,False
1216,574,0.5,False
1216,354,0.5,False
1216,1390,0.5,False
1216,1266,0.3,False
1216,1297,0.03,False
1217,775,120.0,True
1217,164,50.0,False
1217,412,20.0,False
1217,642,15.0,False
1217,298,10.0,False
1217,575,5.0,False
1217,1335,5.0,False
1217,480,5.0,False
1217,1266,0.5,False
1218,1067,30.0,True
1218,1065,30.0,True
1218,422,20.0,False
1218,202,10.0,False
1218,498,5.0,False
1218,575,2.0,False
1218,1265,0.03,False
1219,1015,50.0,True
1219,558,40.0,False
1219,589,15.0,False
1219,422,15.0,False
1219,434,7.0,False
1219,498,7.0,False
1219,575,3.5,False
1219,352,3.0,False
1219,354,3.0,False
1219,412,3.0,False
1219,1246,2.0,False
1219,1241,1.0,False
1219,906,1.0,False
1220,1351,80.0,True
1220,412,20.0,False
1220,642,15.0,False
1220,298,10.0,False
1220,575,5.0,False
1220,1335,5.0,False
1220,480,5.0,False
1220,1266,0.5,False
1221,1404,40.0,True
1221,575,20.0,False
1221,422,20.0,False
1221,856,15.0,False
1221,521,10.0,False
1221,486,10.0,False
1221,613,5.0,False
1221,596,5.0,False
1221,350,5.0,False
1221,516,5.0,False
1221,1132,1.0,False
1221,1390,1.0,False
1221,360,0.5,False
1222,774,40.0,True
1222,422,15.0,False
1222,575,3.0,False
1222,292,2.0,False
1222,1389,2.0,False
1222,412,2.0,False
1222,1265,0.3,False
1223,180,60.0,True
1223,598,20.0,False
1223,613,15.0,False
1223,603,15.0,False
1223,292,3.0,False
1223,1133,2.0,False
1223,906,2.0,False
1223,1232,1.0,False
1223,1076,1.0,False
1223,575,1.0,False
1224,1067,30.0,True
1224,1065,30.0,True
1224,422,20.0,False
1224,498,5.0,False
1224,575,2.0,False
1224,1265,0.03,False
1225,292,20.0,True
1225,605,20.0,True
1225,516,20.0,True
1225,609,15.0,False
1225,610,10.0,False
1225,422,10.0,False
1225,613,5.0,False
1225,575,3.0,False
1225,1232,2.0,False
1225,1268,1.0,False
1225,1076,1.0,False
1225,1297,0.1,False
1226,180,40.0,True
1226,275,30.0,False
1226,596,20.0,False
1226,591,15.0,False
1226,613,10.0,False
1226,610,10.0,False
1226,609,10.0,False
1226,516,10.0,False
1226,1246,5.0,False
1226,1239,3.0,False
1226,1076,2.0,False
1226,1241,1.0,False
1226,906,1.0,False
1226,575,1.0,False
1226,360,1.0,False
1226,412,1.0,False
1227,819,70.0,True
1227,856,30.0,False
1227,521,30.0,False
1227,486,20.0,False
1227,516,20.0,False
1227,422,20.0,False
1227,596,10.0,False
1227,350,10.0,False
1227,613,5.0,False
1227,1132,2.0,False
1227,575,2.0,False
1227,412,1.0,False
1227,360,0.5,False
1228,1232,10.0,True
1228,516,10.0,True
1228,914,7.0,False
1228,575,3.0,False
1228,1076,2.0,False
1228,1227,1.0,False
1228,1268,1.0,False
1228,1133,1.0,False
1228,162,1.0,False
1228,291,1.0,False
1228,354,1.0,False
1228,1390,1.0,False
1228,1297,0.1,False
1229,777,40.0,True
1229,163,20.0,False
1229,412,5.0,False
1229,1266,1.0,False
1229,575,1.0,False
1229,1335,1.0,False
1230,276,25.0,True
1230,995,5.0,False
1230,516,5.0,False
1230,422,5.0,False
1230,906,2.0,False
1230,1076,1.0,False
1230,575,1.0,False
1230,412,1.0,False
1230,354,0.3,False
1230,1227,0.1,False
1230,1268,0.1,False
1231,1067,30.0,True
1231,1065,30.0,True
1231,422,20.0,False
1231,498,5.0,False
1231,575,2.0,False
1231,1241,1.5,False
1231,1298,0.3,False
1231,1265,0.3,False
1232,774,60.0,True
1232,486,20.0,False
1232,350,20.0,False
1232,199,7.0,False
1232,575,4.0,False
1232,1234,2.0,False
1232,1241,1.0,False
1232,412,1.0,False
1233,919,70.0,True
1233,422,30.0,False
1233,275,20.0,False
1233,558,18.0,False
1233,1032,10.0,False
1233,434,7.0,False
1233,516,5.0,False
1233,575,3.5,False
1233,498,3.5,False
1233,1239,3.0,False
1233,1246,2.0,False
1233,352,1.5,False
1233,354,1.5,False
1233,1268,1.0,False
1233,1241,1.0,False
1233,412,0.7,False
1234,1351,30.0,True
1234,422,15.0,False
1234,575,3.0,False
1234,1389,3.0,False
1234,516,3.0,False
1234,412,2.0,False
1234,1335,1.5,False
1234,642,1.2,False
1234,199,1.0,False
1234,1395,1.0,False
1234,480,1.0,False
1234,1227,0.5,False
1234,1234,0.4,False
1234,1076,0.2,False
1234,1268,0.1,False
1234,1297,0.01,False
1235,1405,30.0,True
1235,575,15.0,False
1235,610,10.0,False
1235,516,10.0,False
1235,392,10.0,False
1235,1048,5.0,False
1235,412,2.5,False
1235,1266,1.0,False
1236,279,30.0,True
1236,447,15.0,False
1236,422,10.0,False
1236,906,2.0,False
1236,575,1.5,False
1236,1076,1.0,False
1236,412,0.5,False
1236,1266,0.3,False
1237,558,50.0,True
1237,275,15.0,False
1237,856,10.0,False
1237,575,5.0,False
1237,846,4.0,False
1237,916,4.0,False
1237,1047,3.0,False
1237,1389,3.0,False
1237,1390,2.0,False
1237,1268,1.0,False
1237,480,0.5,False
1237,1297,0.1,False
1237,1277,0.01,False
1238,277,20.0,True
1238,1021,10.0,False
1238,1017,10.0,False
1238,516,4.0,False
1238,209,3.0,False
1238,610,3.0,False
1238,906,1.0,False
1238,1076,0.5,False
1238,575,0.5,False
1238,412,0.5,False
1238,1268,0.2,False
1238,1297,0.01,False
1239,1015,60.0,True
1239,558,20.0,False
1239,589,15.0,False
1239,422,15.0,False
1239,434,7.0,False
1239,498,7.0,False
1239,575,3.5,False
1239,352,3.0,False
1239,354,3.0,False
1239,412,3.0,False
1239,1246,2.0,False
1239,1241,1.0,False
1239,906,1.0,False
1240,276,40.0,True
1240,856,10.0,False
1240,516,10.0,False
1240,1144,3.0,False
1240,1232,2.0,False
1240,575,2.0,False
1240,412,2.0,False
1240,1266,1.0,False
1240,1241,1.0,False
1240,1076,1.0,False
1240,906,1.0,False
1241,995,60.0,True
1241,422,30.0,False
1241,275,15.0,False
1241,1076,2.0,False
1241,906,2.0,False
1241,575,2.0,False
1241,412,0.8,False
1241,1268,0.7,False
1241,1234,0.4,False
1242,422,50.0,True
1242,216,40.0,False
1242,292,10.0,False
1242,819,5.0,False
1242,575,3.0,False
1242,1232,1.0,False
1242,412,1.0,False
1243,276,50.0,True
1243,857,15.0,False
1243,1076,1.0,False
1243,906,1.0,False
1243,575,1.0,False
1243,412,1.0,False
1243,1048,0.5,False
1244,817,20.0,True
1244,486,10.0,False
1244,422,10.0,False
1244,350,5.0,False
1244,575,2.0,False
1244,1232,1.0,False
1244,906,1.0,False
1244,1076,0.5,False
1244,412,0.5,False
1244,1241,0.2,False
1245,453,30.0,True
1245,889,15.0,False
1245,1389,5.0,False
1245,292,4.0,False
1245,1241,2.0,False
1245,1246,2.0,False
1245,575,2.0,False
1245,1239,1.0,False
1245,360,1.0,False
1245,1390,1.0,False
1246,279,100.0,True
1246,613,15.0,False
1246,292,3.0,False
1246,1047,2.0,False
1246,575,2.0,False
1246,412,1.0,False
1247,819,30.0,True
1247,422,30.0,True
1247,216,20.0,False
1247,275,10.0,False
1247,516,5.0,False
1247,575,3.0,False
1247,1234,1.0,False
1247,1076,1.0,False
1247,906,1.0,False
1247,1390,1.0,False
1247,1268,0.5,False
1248,775,100.0,True
1248,1006,25.0,False
1248,1027,20.0,False
1248,575,5.0,False
1248,412,5.0,False
1248,1335,3.0,False
1248,642,3.0,False
1248,1266,1.0,False
1249,819,30.0,True
1249,422,20.0,False
1249,856,15.0,False
1249,521,15.0,False
1249,486,10.0,False
1249,613,5.0,False
1249,610,5.0,False
1249,596,5.0,False
1249,350,5.0,False
1249,516,5.0,False
1249,575,2.0,False
1249,1239,1.0,False
1249,1390,1.0,False
1249,1132,0.5,False
1249,360,0.5,False
1250,702,200.0,True
1250,782,25.0,False
1250,180,8.0,False
1250,404,5.0,False
1250,516,2.5,False
1250,1224,1.0,False
1250,1297,1.0,False
1250,292,1.0,False
1250,575,1.0,False
1250,521,1.0,False
1250,269,0.6,False
1250,1232,0.5,False
1250,1340,0.5,False
1250,1253,0.3,False
1250,412,0.3,False
1250,1246,0.2,False
1250,1239,0.2,False
1250,1241,0.15,False
1250,660,0.15,False
1250,480,0.15,False
1250,1298,0.1,False
1250,1266,0.1,False
1251,275,20.0,True
1251,995,20.0,True
1251,1033,10.0,False
1251,1076,5.0,False
1251,1232,1.0,False
1251,1267,0.1,False
1252,819,20.0,True
1252,605,20.0,True
1252,516,20.0,True
1252,609,15.0,False
1252,610,10.0,False
1252,422,10.0,False
1252,292,5.0,False
1252,613,5.0,False
1252,575,3.0,False
1252,1232,2.0,False
1252,1268,1.0,False
1252,1297,0.1,False
1253,596,20.0,True
1253,591,15.0,False
1253,180,15.0,False
1253,275,10.0,False
1253,610,10.0,False
1253,609,10.0,False
1253,516,10.0,False
1253,1246,5.0,False
1253,613,5.0,False
1253,1239,3.0,False
1253,1076,2.0,False
1253,1241,1.0,False
1253,906,1.0,False
1253,575,1.0,False
1253,360,1.0,False
1253,412,1.0,False
1254,1033,40.0,True
1254,558,15.0,False
1254,516,10.0,False
1254,422,10.0,False
1254,613,5.0,False
1254,1239,3.0,False
1254,1076,2.0,False
1254,1241,1.0,False
1254,906,1.0,False
1254,575,1.0,False
1254,360,1.0,False
1254,412,1.0,False
1255,819,40.0,True
1255,486,20.0,False
1255,217,10.0,False
1255,521,10.0,False
1255,613,10.0,False
1255,350,10.0,False
1255,516,10.0,False
1255,575,5.0,False
1255,1232,3.0,False
1255,412,2.0,False
1255,1298,1.0,False
1255,1266,1.0,False
1255,1241,1.0,False
1255,1148,1.0,False
1256,275,50.0,True
1256,613,40.0,False
1256,292,20.0,False
1256,516,20.0,False
1256,1232,2.0,False
1256,574,2.0,False
1256,1076,1.0,False
1256,1390,1.0,False
1257,1026,30.0,True
1257,434,10.0,False
1257,422,10.0,False
1257,516,8.0,False
1257,610,7.0,False
1257,449,5.0,False
1257,498,3.0,False
1257,354,2.0,False
1257,1268,1.0,False
1257,906,1.0,False
1257,575,1.0,False
1257,412,1.0,False
1257,1076,0.5,False
1258,276,100.0,True
1258,995,20.0,False
1258,591,20.0,False
1258,516,20.0,False
1258,1234,5.0,False
1258,575,5.0,False
1258,1076,3.0,False
1258,1390,2.0,False
1258,360,1.0,False
1259,827,60.0,True
1259,449,60.0,True
1259,432,15.0,False
1259,610,15.0,False
1259,596,15.0,False
1259,516,15.0,False
1259,498,10.0,False
1259,392,7.0,False
1259,575,5.0,False
1259,1232,3.0,False
1259,1076,3.0,False
1259,1265,0.2,False
1260,786,20.0,True
1260,180,20.0,True
1260,1407,10.0,False
1260,292,5.0,False
1260,404,3.0,False
1260,1232,2.0,False
1260,575,1.0,False
1260,480,0.5,False
1260,412,0.5,False
1261,817,20.0,True
1261,486,10.0,False
1261,422,10.0,False
1261,350,5.0,False
1261,575,2.0,False
1261,1232,1.0,False
1261,906,1.0,False
1261,1076,0.5,False
1261,412,0.5,False
1262,856,30.0,True
1262,495,20.0,False
1262,817,15.0,False
1262,51,10.0,False
1262,1076,1.0,False
1262,575,1.0,False
1262,1390,1.0,False
1262,1265,0.2,False
1262,1144,0.2,False
1262,1243,0.2,False
1262,1297,0.02,False
1263,336,70.0,True
1263,573,6.0,False
1263,1241,2.0,False
1263,412,2.0,False
1263,1266,2.0,False
1263,1270,2.0,False
1263,1144,2.0,False
1263,315,1.0,False
1264,516,20.0,True
1264,1270,15.0,False
1264,1083,12.0,False
1264,352,5.0,False
1264,573,3.0,False
1264,1241,2.0,False
1264,412,2.0,False
1264,1266,2.0,False
1264,1144,2.0,False
1264,234,1.0,False
1264,315,1.0,False
1265,528,70.0,True
1265,516,20.0,False
1265,352,5.0,False
1265,1270,5.0,False
1265,1266,2.0,False
1265,412,1.0,False
1265,315,1.0,False
1266,528,70.0,True
1266,516,20.0,False
1266,1083,5.0,False
1266,354,5.0,False
1266,1270,5.0,False
1266,1266,2.0,False
1266,412,1.0,False
1267,528,70.0,True
1267,516,20.0,False
1267,559,10.0,False
1267,352,5.0,False
1267,1270,5.0,False
1267,1266,2.0,False
1267,412,1.0,False
1267,315,1.0,False
1268,775,120.0,True
1268,860,60.0,False
1268,593,25.0,False
1268,618,10.0,False
1268,1234,5.0,False
1268,393,5.0,False
1268,1272,5.0,False
1268,480,4.0,False
1268,1266,4.0,False
1268,1235,3.0,False
1268,51,3.0,False
1268,412,2.0,False
1268,575,1.0,False
1268,1297,1.0,False
1269,1419,180.0,True
1269,766,40.0,False
1269,530,40.0,False
1269,1232,6.0,False
1269,1076,2.0,False
1269,412,2.0,False
1269,1266,1.2,False
1269,1297,0.05,False
1270,530,30.0,True
1270,563,30.0,True
1270,1381,10.0,False
1270,1419,7.0,False
1270,1232,6.0,False
1270,227,5.0,False
1270,1270,4.0,False
1270,292,3.0,False
1270,354,2.0,False
1271,1419,300.0,True
1271,289,50.0,False
1271,11,50.0,False
1271,261,50.0,False
1271,856,30.0,False
1271,443,11.0,False
1271,906,10.0,False
1271,516,8.0,False
1271,528,8.0,False
1271,501,8.0,False
1271,577,8.0,False
1271,518,5.0,False
1271,392,5.0,False
1271,599,5.0,False
1271,498,5.0,False
1271,422,5.0,False
1271,1076,5.0,False
1271,575,5.0,False
1271,412,5.0,False
1271,480,5.0,False
1271,1355,5.0,False
1271,292,5.0,False
1271,1243,5.0,False
1271,313,5.0,False
1271,1247,3.0,False
1271,354,2.0,False
1271,352,2.0,False
1272,917,200.0,True
1272,422,60.0,False
1272,180,60.0,False
1272,360,30.0,False
1272,434,25.0,False
1272,603,25.0,False
1272,516,15.0,False
1272,1144,15.0,False
1272,1390,15.0,False
1272,1232,15.0,False
1272,1298,1.0,False
1273,558,40.0,True
1273,909,20.0,False
1273,575,5.0,False
1273,412,5.0,False
1273,1266,2.0,False
1274,289,40.0,True
1274,375,20.0,False
1274,906,3.0,False
1274,574,3.0,False
1274,1232,0.6,False
1274,1144,0.5,False
1274,1243,0.5,False
1274,1073,0.5,False
1274,1390,0.5,False
1274,1423,0.3,False
1275,289,40.0,True
1275,375,7.0,False
1275,530,7.0,False
1275,509,7.0,False
1275,1074,2.0,False
1275,1272,1.0,False
1275,1266,1.0,False
1275,660,1.0,False
1275,1232,1.0,False
1275,1144,1.0,False
1275,1076,1.0,False
1275,906,1.0,False
1275,234,0.5,False
1276,289,40.0,True
1276,375,20.0,False
1276,906,3.0,False
1276,574,3.0,False
1276,1232,0.6,False
1276,1144,0.5,False
1276,1243,0.5,False
1276,1073,0.5,False
1276,1390,0.5,False
1276,1423,0.3,False
1277,530,10.0,True
1277,478,5.0,False
1277,1271,3.0,False
1277,234,1.4,False
1277,1241,1.0,False
1277,1232,1.0,False
1277,1076,1.0,False
1277,906,1.0,False
1277,412,0.5,False
1277,1266,0.3,False
1278,711,20.0,True
1278,530,10.0,False
1278,1271,3.0,False
1278,1082,2.0,False
1278,234,1.4,False
1278,1232,1.0,False
1278,1076,1.0,False
1278,906,1.0,False
1278,412,0.5,False
1278,1266,0.3,False
1278,1241,0.3,False
1279,738,20.0,True
1279,530,10.0,False
1279,1271,3.0,False
1279,234,1.4,False
1279,1232,1.0,False
1279,1076,1.0,False
1279,906,1.0,False
1279,412,0.5,False
1279,1266,0.3,False
1279,1241,0.3,False
1280,1320,20.0,True
1280,1113,20.0,True
1280,1356,10.0,False
1280,1398,10.0,False
1280,180,10.0,False
1280,516,8.0,False
1280,412,1.0,False
1280,1298,0.01,False
1280,1294,0.01,False
1281,1320,20.0,True
1281,1356,15.0,False
1281,1113,15.0,False
1281,1398,10.0,False
1281,516,10.0,False
1281,392,10.0,False
1281,412,1.0,False
1281,1298,0.01,False
1281,1294,0.01,False
1282,446,30.0,True
1282,1013,20.0,False
1282,516,20.0,False
1282,1053,10.0,False
1282,538,10.0,False
1282,591,8.0,False
1282,1232,5.0,False
1282,1033,5.0,False
1282,547,5.0,False
1282,1389,3.0,False
1282,392,3.0,False
1282,575,2.0,False
1282,613,2.0,False
1282,412,2.0,False
1282,600,1.0,False
1282,480,1.0,False
1282,1268,0.5,False
1282,1297,0.1,False
1283,516,30.0,True
1283,1320,20.0,False
1283,1356,10.0,False
1283,1113,10.0,False
1283,1398,5.0,False
1283,412,1.0,False
1283,1298,0.01,False
1283,1294,0.01,False
1284,426,40.0,True
1284,846,30.0,False
1284,558,30.0,False
1284,1241,20.0,False
1284,1246,15.0,False
1284,819,15.0,False
1284,422,10.0,False
1284,575,5.0,False
1284,1144,2.0,False
1284,412,1.0,False
1285,446,30.0,True
1285,1013,20.0,False
1285,516,20.0,False
1285,1053,15.0,False
1285,798,10.0,False
1285,538,10.0,False
1285,591,8.0,False
1285,1232,5.0,False
1285,1033,5.0,False
1285,547,5.0,False
1285,1389,3.0,False
1285,392,3.0,False
1285,575,2.0,False
1285,613,2.0,False
1285,412,2.0,False
1285,601,1.0,False
1285,480,1.0,False
1285,1268,0.5,False
1285,1297,0.1,False
1286,1113,50.0,True
1286,196,50.0,True
1286,516,5.0,False
1286,51,2.0,False
1286,1398,1.0,False
1287,205,100.0,True
1287,1113,20.0,False
1287,1320,20.0,False
1287,1356,15.0,False
1287,516,15.0,False
1287,1398,10.0,False
1287,412,1.0,False
1287,1298,0.01,False
1287,1294,0.01,False
1288,275,20.0,True
1288,446,20.0,True
1288,596,15.0,False
1288,516,15.0,False
1288,610,10.0,False
1288,422,10.0,False
1288,591,5.0,False
1288,613,5.0,False
1288,1241,4.0,False
1288,360,3.0,False
1288,1239,2.5,False
1288,1232,2.0,False
1288,498,2.0,False
1288,575,1.5,False
1288,1076,1.0,False
1288,914,1.0,False
1288,906,1.0,False
1288,1034,1.0,False
1288,412,1.0,False
1288,1266,0.5,False
1289,1320,20.0,True
1289,1356,15.0,False
1289,1113,15.0,False
1289,1398,10.0,False
1289,817,10.0,False
1289,516,10.0,False
1289,509,5.0,False
1289,484,5.0,False
1289,392,3.0,False
1289,412,1.0,False
1289,1298,0.01,False
1289,1294,0.01,False
1290,1317,20.0,True
1290,1356,15.0,False
1290,1113,15.0,False
1290,1398,10.0,False
1290,606,10.0,False
1290,516,10.0,False
1290,412,1.0,False
1290,1298,0.01,False
1290,1294,0.01,False
1291,1377,65.0,True
1291,516,15.0,False
1291,153,10.0,False
1291,1320,10.0,False
1291,1113,5.0,False
1291,1298,0.07,False
1291,1294,0.05,False
1292,276,60.0,True
1292,1053,20.0,False
1292,516,20.0,False
1292,1242,18.0,False
1292,591,15.0,False
1292,509,15.0,False
1292,392,8.0,False
1292,1013,5.0,False
1292,1389,3.0,False
1292,1232,2.0,False
1292,575,2.0,False
1292,412,2.0,False
1292,601,0.6,False
1292,1144,0.5,False
1293,1013,60.0,True
1293,856,20.0,False
1293,1389,20.0,False
1293,1239,12.0,False
1293,609,10.0,False
1293,51,2.5,False
1293,1241,1.5,False
1293,1390,1.5,False
1293,1268,1.0,False
1294,702,10.0,True
1294,1113,10.0,True
1294,180,8.0,False
1294,516,8.0,False
1294,1398,1.25,False
1294,1266,0.2,False
1294,1294,0.02,False
1294,1298,0.01,False
1295,1320,25.0,True
1295,180,17.0,False
1295,1356,15.0,False
1295,1113,15.0,False
1295,1398,10.0,False
1295,516,10.0,False
1295,412,1.0,False
1295,1298,0.01,False
1295,1294,0.01,False
1296,1320,25.0,True
1296,516,15.0,False
1296,1398,10.0,False
1296,412,1.0,False
1296,392,1.0,False
1296,1298,0.01,False
1296,1294,0.01,False
1297,1320,25.0,True
1297,1356,15.0,False
1297,1113,15.0,False
1297,461,15.0,False
1297,1398,10.0,False
1297,516,8.0,False
1297,412,1.0,False
1297,1298,0.01,False
1297,1294,0.01,False
1298,856,40.0,True
1298,1367,20.0,False
1298,780,10.0,False
1298,652,2.0,False
1298,1423,1.0,False
1298,1294,1.0,False
1298,1298,0.1,False
1299,1320,20.0,True
1299,1113,20.0,True
1299,1356,10.0,False
1299,1398,10.0,False
1299,180,10.0,False
1299,516,8.0,False
1299,412,1.0,False
1299,1298,0.01,False
1299,1294,0.01,False
1300,1113,80.0,True
1300,1410,30.0,False
1300,1346,10.0,False
1300,516,10.0,False
1300,812,5.0,False
1300,1124,5.0,False
1300,1398,2.0,False
1300,1266,1.0,False
1300,1298,0.1,False
1301,489,50.0,True
1301,180,30.0,False
1301,1113,20.0,False
1301,38,10.0,False
1301,1346,10.0,False
1301,516,3.0,False
1301,310,2.0,False
1301,1266,1.0,False
1301,1398,1.0,False
1302,1320,25.0,True
1302,1356,15.0,False
1302,1113,15.0,False
1302,516,15.0,False
1302,153,10.0,False
1302,1398,10.0,False
1302,412,1.0,False
1302,1298,0.01,False
1302,1294,0.01,False
1303,819,30.0,True
1303,446,30.0,True
1303,1013,20.0,False
1303,516,20.0,False
1303,1053,15.0,False
1303,538,10.0,False
1303,591,8.0,False
1303,1232,5.0,False
1303,1033,5.0,False
1303,547,5.0,False
1303,1389,3.0,False
1303,392,3.0,False
1303,575,2.0,False
1303,613,2.0,False
1303,412,2.0,False
1303,601,1.0,False
1303,480,1.0,False
1303,1268,0.5,False
1303,1297,0.1,False
1304,1113,30.0,True
1304,180,30.0,True
1304,104,5.0,False
1304,516,5.0,False
1304,1266,1.0,False
1304,1398,1.0,False
1305,509,20.0,True
1305,563,20.0,True
1305,568,10.0,False
1305,484,10.0,False
1305,516,10.0,False
1305,392,10.0,False
1305,575,5.0,False
1305,606,5.0,False
1305,1390,4.0,False
1305,1142,2.0,False
1305,1423,0.3,False
1305,1294,0.3,False
1305,1277,0.3,False
1305,1297,0.03,False
1305,1275,0.03,False
1306,1419,500.0,True
1306,1403,40.0,False
1306,569,25.0,False
1306,568,25.0,False
1306,1276,15.0,False
1306,1013,15.0,False
1306,516,12.0,False
1306,1053,10.0,False
1306,392,10.0,False
1306,1033,5.0,False
1306,412,5.0,False
1306,51,2.0,False
1306,1398,1.0,False
1306,1298,0.5,False
1306,1266,0.5,False
1306,1278,0.5,False
1306,1277,0.5,False
1307,1320,20.0,True
1307,1113,20.0,True
1307,461,20.0,True
1307,1356,10.0,False
1307,1398,10.0,False
1307,180,10.0,False
1307,516,8.0,False
1307,412,1.0,False
1307,1298,0.01,False
1307,1294,0.01,False
1308,1320,25.0,True
1308,1356,15.0,False
1308,1113,15.0,False
1308,461,15.0,False
1308,1398,10.0,False
1308,516,8.0,False
1308,1268,0.1,False
1308,1298,0.01,False
1308,1294,0.01,False
1309,1320,25.0,True
1309,516,15.0,False
1309,153,10.0,False
1309,1356,2.0,False
1309,1113,2.0,False
1309,1398,2.0,False
1309,412,1.0,False
1309,1298,0.01,False
1309,1294,0.01,False
1310,1419,500.0,True
1310,817,60.0,False
1310,1403,40.0,False
1310,564,25.0,False
1310,568,25.0,False
1310,1276,15.0,False
1310,516,12.0,False
1310,392,10.0,False
1310,51,7.0,False
1310,484,6.0,False
1310,1398,5.0,False
1310,412,5.0,False
1310,1298,0.5,False
1310,1266,0.5,False
1310,1278,0.5,False
1310,1277,0.5,False
1311,871,70.0,True
1311,422,20.0,False
1311,559,20.0,False
1311,1234,5.0,False
1311,352,5.0,False
1311,499,5.0,False
1311,1239,3.0,False
1311,412,2.0,False
1311,575,2.0,False
1311,1241,1.0,False
1312,873,70.0,True
1312,422,30.0,False
1312,275,20.0,False
1312,1239,10.0,False
1312,1234,5.0,False
1312,499,5.0,False
1312,575,5.0,False
1312,1241,2.0,False
1312,412,2.0,False
1312,1266,2.0,False
1313,1021,70.0,True
1313,422,30.0,False
1313,275,20.0,False
1313,1239,10.0,False
1313,1234,5.0,False
1313,499,5.0,False
1313,575,5.0,False
1313,1241,2.0,False
1313,412,2.0,False
1313,1266,2.0,False
1314,876,110.0,True
1314,422,45.0,False
1314,1239,7.0,False
1314,1246,7.0,False
1314,412,4.0,False
1314,575,4.0,False
1314,1241,3.0,False
1314,480,1.0,False
1314,1266,1.0,False
1315,884,70.0,True
1315,499,50.0,False
1315,422,30.0,False
1315,275,20.0,False
1315,1239,10.0,False
1315,1234,5.0,False
1315,575,5.0,False
1315,1241,2.0,False
1315,412,2.0,False
1315,1266,2.0,False
1316,881,70.0,True
1316,275,30.0,False
1316,422,30.0,False
1316,1239,10.0,False
1316,499,10.0,False
1316,575,10.0,False
1316,1234,5.0,False
1316,1241,2.0,False
1316,412,2.0,False
1316,1266,2.0,False
1317,1016,70.0,True
1317,422,30.0,False
1317,275,20.0,False
1317,1239,10.0,False
1317,1234,5.0,False
1317,499,5.0,False
1317,575,5.0,False
1317,1241,2.0,False
1317,412,2.0,False
1317,1266,2.0,False
1318,1027,70.0,True
1318,275,40.0,False
1318,422,30.0,False
1318,1031,20.0,False
1318,393,10.0,False
1318,820,10.0,False
1318,499,10.0,False
1318,1239,5.0,False
1318,574,5.0,False
1318,1241,2.0,False
1318,412,1.0,False
1318,1266,1.0,False
1319,884,70.0,True
1319,422,30.0,False
1319,275,20.0,False
1319,1239,10.0,False
1319,1234,5.0,False
1319,499,5.0,False
1319,575,5.0,False
1319,1241,2.0,False
1319,412,2.0,False
1319,1266,2.0,False
1320,894,80.0,True
1320,422,40.0,False
1320,275,30.0,False
1320,1239,7.0,False
1320,1246,6.0,False
1320,412,4.0,False
1320,575,4.0,False
1320,1241,1.0,False
1320,1266,1.0,False
1321,894,70.0,True
1321,422,30.0,False
1321,275,20.0,False
1321,1239,10.0,False
1321,1234,5.0,False
1321,499,5.0,False
1321,575,5.0,False
1321,1241,2.0,False
1321,412,2.0,False
1321,1266,2.0,False
1322,993,70.0,True
1322,422,30.0,False
1322,275,20.0,False
1322,1239,10.0,False
1322,1234,5.0,False
1322,499,5.0,False
1322,575,5.0,False
1322,1241,2.0,False
1322,412,2.0,False
1322,1266,2.0,False
1323,900,70.0,True
1323,422,30.0,False
1323,275,20.0,False
1323,1239,10.0,False
1323,1234,5.0,False
1323,499,5.0,False
1323,575,5.0,False
1323,1241,2.0,False
1323,412,2.0,False
1323,1266,2.0,False
1324,902,70.0,True
1324,275,30.0,False
1324,422,30.0,False
1324,1239,10.0,False
1324,499,10.0,False
1324,1234,5.0,False
1324,575,5.0,False
1324,1241,2.0,False
1324,412,2.0,False
1324,1266,1.0,False
1325,919,70.0,True
1325,422,40.0,False
1325,517,20.0,False
1325,559,15.0,False
1325,1239,10.0,False
1325,499,10.0,False
1325,435,3.0,False
1325,1241,2.0,False
1325,1266,2.0,False
1325,412,1.0,False
1326,919,90.0,True
1326,275,30.0,False
1326,422,30.0,False
1326,1239,10.0,False
1326,517,10.0,False
1326,575,5.0,False
1326,412,4.0,False
1326,1241,1.0,False
1326,480,1.0,False
1326,1266,1.0,False
1327,913,70.0,True
1327,275,30.0,False
1327,422,30.0,False
1327,1239,10.0,False
1327,412,10.0,False
1327,499,10.0,False
1327,1234,5.0,False
1327,575,5.0,False
1327,1241,2.0,False
1327,1266,1.0,False
1328,919,90.0,True
1328,275,30.0,False
1328,422,30.0,False
1328,517,10.0,False
1328,1239,7.0,False
1328,1246,6.0,False
1328,575,5.0,False
1328,412,4.0,False
1328,1241,2.0,False
1328,480,1.0,False
1328,1266,1.0,False
1329,921,70.0,True
1329,275,30.0,False
1329,422,30.0,False
1329,1239,10.0,False
1329,499,10.0,False
1329,1234,5.0,False
1329,575,5.0,False
1329,1241,2.0,False
1329,412,2.0,False
1329,1266,2.0,False
1330,904,60.0,True
1330,422,50.0,False
1330,499,20.0,False
1330,435,10.0,False
1330,575,10.0,False
1330,1246,5.0,False
1330,1239,3.0,False
1330,1241,3.0,False
1330,412,2.0,False
1330,1266,1.0,False
1330,1297,1.0,False
1331,559,80.0,True
1331,912,55.0,False
1331,993,40.0,False
1331,422,30.0,False
1331,1239,7.0,False
1331,1246,6.0,False
1331,517,5.0,False
1331,575,4.0,False
1331,1266,3.0,False
1331,1241,1.0,False
1331,412,1.0,False
1332,922,70.0,True
1332,275,30.0,False
1332,561,30.0,False
1332,559,25.0,False
1332,517,15.0,False
1332,435,5.0,False
1332,499,5.0,False
1332,1234,3.0,False
1332,1241,3.0,False
1332,1266,2.0,False
1332,412,1.0,False
1332,1144,1.0,False
1333,923,70.0,True
1333,422,30.0,False
1333,275,20.0,False
1333,1239,10.0,False
1333,1234,5.0,False
1333,499,5.0,False
1333,575,5.0,False
1333,1241,2.0,False
1333,412,2.0,False
1333,1266,2.0,False
1334,995,70.0,True
1334,422,30.0,False
1334,275,20.0,False
1334,1239,10.0,False
1334,1234,5.0,False
1334,499,5.0,False
1334,575,5.0,False
1334,1241,2.0,False
1334,412,2.0,False
1334,1266,2.0,False
1335,925,70.0,True
1335,422,30.0,False
1335,275,20.0,False
1335,1239,10.0,False
1335,1234,5.0,False
1335,499,5.0,False
1335,575,5.0,False
1335,1241,2.0,False
1335,412,2.0,False
1335,1266,2.0,False
1336,930,70.0,True
1336,422,30.0,False
1336,275,20.0,False
1336,1239,10.0,False
1336,1234,5.0,False
1336,499,5.0,False
1336,575,5.0,False
1336,1241,2.0,False
1336,412,2.0,False
1336,1266,2.0,False
1337,932,70.0,True
1337,275,30.0,False
1337,422,30.0,False
1337,1239,10.0,False
1337,499,10.0,False
1337,1234,5.0,False
1337,575,5.0,False
1337,1241,2.0,False
1337,412,2.0,False
1337,1266,2.0,False
1338,933,70.0,True
1338,275,30.0,False
1338,422,30.0,False
1338,559,20.0,False
1338,1239,10.0,False
1338,435,10.0,False
1338,499,5.0,False
1338,573,5.0,False
1338,1241,3.0,False
1338,412,1.0,False
1338,1266,1.0,False
1339,934,70.0,True
1339,422,30.0,False
1339,275,20.0,False
1339,1239,10.0,False
1339,1234,5.0,False
1339,499,5.0,False
1339,575,5.0,False
1339,1241,2.0,False
1339,412,2.0,False
1339,1266,2.0,False
1340,422,40.0,True
1340,275,35.0,False
1340,914,20.0,False
1340,1239,4.0,False
1340,412,2.0,False
1340,575,2.0,False
1340,1241,1.0,False
1340,1266,1.0,False
1341,938,70.0,True
1341,275,40.0,False
1341,559,25.0,False
1341,517,15.0,False
1341,1234,5.0,False
1341,435,5.0,False
1341,499,5.0,False
1341,1241,3.0,False
1341,412,1.0,False
1341,1266,1.0,False
1341,1144,1.0,False
1342,939,70.0,True
1342,275,30.0,False
1342,422,30.0,False
1342,1239,10.0,False
1342,499,10.0,False
1342,1234,5.0,False
1342,575,5.0,False
1342,1241,2.0,False
1342,412,2.0,False
1342,1266,1.0,False
1343,593,60.0,True
1343,275,30.0,False
1343,1048,10.0,False
1343,517,10.0,False
1343,575,5.0,False
1343,1241,1.0,False
1343,412,1.0,False
1343,1266,1.0,False
1344,1037,70.0,True
1344,422,30.0,False
1344,275,20.0,False
1344,1239,10.0,False
1344,1234,5.0,False
1344,499,5.0,False
1344,575,5.0,False
1344,1241,2.0,False
1344,412,2.0,False
1344,1266,2.0,False
1345,896,70.0,True
1345,422,30.0,False
1345,275,20.0,False
1345,1239,10.0,False
1345,1234,5.0,False
1345,499,5.0,False
1345,575,5.0,False
1345,1241,2.0,False
1345,412,2.0,False
1345,1266,2.0,False
1346,912,110.0,True
1346,275,40.0,False
1346,422,30.0,False
1346,1246,10.0,False
1346,1239,9.0,False
1346,575,6.0,False
1346,412,5.0,False
1346,1241,1.0,False
1346,1266,1.0,False
1347,944,70.0,True
1347,422,30.0,False
1347,275,20.0,False
1347,1239,10.0,False
1347,1234,5.0,False
1347,499,5.0,False
1347,575,5.0,False
1347,1241,2.0,False
1347,412,2.0,False
1347,1266,2.0,False
1348,945,70.0,True
1348,275,30.0,False
1348,422,30.0,False
1348,517,20.0,False
1348,559,15.0,False
1348,1239,10.0,False
1348,435,10.0,False
1348,499,10.0,False
1348,1241,2.0,False
1348,412,1.0,False
1348,1266,1.0,False
1349,946,70.0,True
1349,422,30.0,False
1349,275,20.0,False
1349,1239,10.0,False
1349,1234,5.0,False
1349,499,5.0,False
1349,575,5.0,False
1349,1241,2.0,False
1349,412,2.0,False
1349,1266,2.0,False
1350,947,70.0,True
1350,275,30.0,False
1350,422,30.0,False
1350,559,20.0,False
1350,1239,10.0,False
1350,499,10.0,False
1350,352,5.0,False
1350,575,5.0,False
1350,1241,3.0,False
1350,412,3.0,False
1350,1266,1.0,False
1351,422,40.0,True
1351,275,40.0,True
1351,857,20.0,False
1351,897,20.0,False
1351,1234,5.0,False
1351,352,5.0,False
1351,575,4.0,False
1351,909,3.0,False
1351,1241,2.0,False
1351,412,2.0,False
1351,499,2.0,False
1351,354,1.0,False
1351,1266,1.0,False
1352,948,70.0,True
1352,422,30.0,False
1352,275,20.0,False
1352,1239,10.0,False
1352,1234,5.0,False
1352,499,5.0,False
1352,575,5.0,False
1352,1241,2.0,False
1352,412,2.0,False
1352,1266,2.0,False
1353,1056,70.0,True
1353,275,30.0,False
1353,422,30.0,False
1353,510,20.0,False
1353,393,10.0,False
1353,1239,5.0,False
1353,574,5.0,False
1353,1241,2.0,False
1353,412,1.0,False
1353,1266,1.0,False
1354,937,85.0,True
1354,275,50.0,False
1354,422,25.0,False
1354,435,10.0,False
1354,1239,6.0,False
1354,1246,6.0,False
1354,575,5.0,False
1354,1234,3.0,False
1354,1241,3.0,False
1354,412,2.0,False
1354,1266,2.0,False
1354,1297,1.0,False
1355,955,70.0,True
1355,422,30.0,False
1355,275,20.0,False
1355,1239,10.0,False
1355,1234,5.0,False
1355,499,5.0,False
1355,575,5.0,False
1355,1241,2.0,False
1355,412,2.0,False
1355,1266,2.0,False
1356,956,70.0,True
1356,422,30.0,False
1356,275,20.0,False
1356,1239,10.0,False
1356,1234,5.0,False
1356,499,5.0,False
1356,575,5.0,False
1356,1241,2.0,False
1356,412,2.0,False
1356,1266,2.0,False
1357,961,70.0,True
1357,422,30.0,False
1357,275,20.0,False
1357,1239,10.0,False
1357,1234,5.0,False
1357,499,5.0,False
1357,575,5.0,False
1357,1241,2.0,False
1357,412,2.0,False
1357,1266,2.0,False
1358,957,70.0,True
1358,422,30.0,False
1358,275,20.0,False
1358,1239,10.0,False
1358,1234,5.0,False
1358,499,5.0,False
1358,575,5.0,False
1358,1241,2.0,False
1358,412,2.0,False
1358,1266,2.0,False
1359,964,70.0,True
1359,422,30.0,False
1359,275,20.0,False
1359,1239,10.0,False
1359,1234,5.0,False
1359,499,5.0,False
1359,575,5.0,False
1359,1241,2.0,False
1359,412,2.0,False
1359,1266,2.0,False
1360,966,70.0,True
1360,422,30.0,False
1360,275,20.0,False
1360,1239,10.0,False
1360,1234,5.0,False
1360,499,5.0,False
1360,575,5.0,False
1360,1241,2.0,False
1360,412,2.0,False
1360,1266,2.0,False
1361,968,70.0,True
1361,422,30.0,False
1361,275,20.0,False
1361,1239,10.0,False
1361,1234,5.0,False
1361,499,5.0,False
1361,575,5.0,False
1361,1241,2.0,False
1361,412,2.0,False
1361,1266,2.0,False
1362,970,70.0,True
1362,275,40.0,False
1362,422,30.0,False
1362,1239,10.0,False
1362,354,5.0,False
1362,352,5.0,False
1362,499,5.0,False
1362,575,5.0,False
1362,1241,3.0,False
1362,1266,2.0,False
1362,412,1.0,False
1363,970,70.0,True
1363,275,30.0,False
1363,422,30.0,False
1363,1239,10.0,False
1363,499,10.0,False
1363,352,5.0,False
1363,575,5.0,False
1363,1241,3.0,False
1363,412,2.0,False
1363,1266,2.0,False
1364,973,70.0,True
1364,422,30.0,False
1364,275,20.0,False
1364,1239,10.0,False
1364,1234,5.0,False
1364,499,5.0,False
1364,575,5.0,False
1364,1241,2.0,False
1364,412,2.0,False
1364,1266,2.0,False
1365,868,20.0,True
1365,517,10.0,False
1365,574,5.0,False
1365,1241,3.0,False
1365,412,1.0,False
1365,1266,1.0,False
1365,1297,1.0,False
1366,975,70.0,True
1366,275,30.0,False
1366,422,30.0,False
1366,1239,10.0,False
1366,499,10.0,False
1366,1234,5.0,False
1366,574,3.0,False
1366,1241,2.0,False
1366,412,2.0,False
1366,1266,2.0,False
1367,918,70.0,True
1367,422,30.0,False
1367,275,20.0,False
1367,1239,10.0,False
1367,1234,5.0,False
1367,499,5.0,False
1367,575,5.0,False
1367,1241,2.0,False
1367,412,2.0,False
1367,1266,2.0,False
1368,422,30.0,True
1368,1056,30.0,True
1368,1013,20.0,False
1368,597,10.0,False
1368,995,10.0,False
1368,1040,10.0,False
1368,820,10.0,False
1368,575,5.0,False
1368,1241,3.0,False
1368,200,3.0,False
1368,1266,2.0,False
1368,412,1.0,False
1369,884,50.0,True
1369,961,50.0,True
1369,422,30.0,False
1369,597,10.0,False
1369,435,10.0,False
1369,1246,5.0,False
1369,517,5.0,False
1369,1241,4.0,False
1369,575,4.0,False
1369,412,3.0,False
1369,1266,1.0,False
1369,1297,1.0,False
1370,977,70.0,True
1370,422,30.0,False
1370,275,20.0,False
1370,1239,10.0,False
1370,1234,5.0,False
1370,499,5.0,False
1370,575,5.0,False
1370,1241,2.0,False
1370,412,2.0,False
1370,1266,2.0,False
1371,1419,300.0,True
1371,375,150.0,False
1371,995,100.0,False
1371,1060,100.0,False
1371,422,50.0,False
1371,275,50.0,False
1371,676,50.0,False
1371,516,40.0,False
1371,412,10.0,False
1371,575,10.0,False
1371,610,10.0,False
1371,906,10.0,False
1371,1144,5.0,False
1371,1076,5.0,False
1372,1419,300.0,True
1372,375,140.0,False
1372,1053,100.0,False
1372,275,50.0,False
1372,422,50.0,False
1372,1413,30.0,False
1372,610,20.0,False
1372,558,20.0,False
1372,498,20.0,False
1372,575,20.0,False
1372,905,10.0,False
1372,1144,10.0,False
1372,1076,5.0,False
1372,292,5.0,False
1372,354,4.0,False
1373,1060,200.0,True
1373,856,60.0,False
1373,516,25.0,False
1373,1347,25.0,False
1373,434,20.0,False
1373,392,20.0,False
1373,653,20.0,False
1373,412,15.0,False
1373,1239,15.0,False
1373,1243,3.0,False
1374,180,40.0,True
1374,516,40.0,True
1374,563,30.0,False
1374,1060,25.0,False
1374,856,23.0,False
1374,1013,20.0,False
1374,1053,15.0,False
1374,995,15.0,False
1374,1040,15.0,False
1374,596,7.0,False
1374,610,7.0,False
1374,200,7.0,False
1374,498,5.0,False
1374,209,5.0,False
1374,1389,3.0,False
1374,429,3.0,False
1374,435,2.0,False
1374,352,1.0,False
1375,275,35.0,True
1375,1342,30.0,False
1375,591,20.0,False
1375,422,20.0,False
1375,995,10.0,False
1375,516,7.0,False
1375,575,3.0,False
1375,352,3.0,False
1375,906,2.0,False
1375,1266,1.0,False
1375,354,1.0,False
1375,1076,0.7,False
1375,412,0.7,False
1376,889,30.0,True
1376,275,20.0,False
1376,180,10.0,False
1376,596,10.0,False
1376,516,5.0,False
1376,1239,2.0,False
1376,575,2.0,False
1376,1241,1.0,False
1376,412,1.0,False
1376,1246,0.5,False
1377,1053,60.0,True
1377,422,30.0,False
1377,275,20.0,False
1377,516,10.0,False
1377,434,5.0,False
1377,1239,3.0,False
1377,575,3.0,False
1377,1232,2.0,False
1377,1241,1.5,False
1377,412,1.0,False
1377,1266,0.6,False
1378,521,30.0,True
1378,889,20.0,False
1378,180,20.0,False
1378,422,10.0,False
1378,292,5.0,False
1378,404,5.0,False
1378,1241,4.0,False
1378,1232,4.0,False
1378,613,2.5,False
1378,1076,1.0,False
1378,914,1.0,False
1378,906,1.0,False
1378,1034,1.0,False
1378,516,1.0,False
1378,412,1.0,False
1378,575,0.7,False
1378,1266,0.6,False
1379,1060,60.0,True
1379,591,30.0,False
1379,180,30.0,False
1379,516,20.0,False
1379,1239,3.0,False
1379,906,2.0,False
1379,1034,2.0,False
1379,575,2.0,False
1379,1232,1.0,False
1379,911,1.0,False
1379,51,1.0,False
1379,352,1.0,False
1379,354,1.0,False
1379,412,1.0,False
1379,480,0.5,False
1380,1015,35.0,True
1380,275,30.0,False
1380,1284,20.0,False
1380,591,20.0,False
1380,995,10.0,False
1380,422,10.0,False
1380,906,2.0,False
1380,1265,1.0,False
1380,1241,1.0,False
1380,1076,1.0,False
1380,352,1.0,False
1380,354,1.0,False
1380,1390,1.0,False
1380,614,0.1,False
1381,591,20.0,True
1381,422,20.0,True
1381,516,15.0,False
1381,1241,10.0,False
1381,1342,5.0,False
1381,275,5.0,False
1381,995,5.0,False
1381,575,3.0,False
1381,352,3.0,False
1381,354,3.0,False
1381,412,3.0,False
1381,1266,1.0,False
1381,1076,0.7,False
1381,906,0.1,False
1382,276,100.0,True
1382,856,20.0,False
1382,516,20.0,False
1382,1342,10.0,False
1382,610,10.0,False
1382,575,3.0,False
1382,1232,2.0,False
1382,1076,2.0,False
1382,1268,1.0,False
1382,352,1.0,False
1382,354,1.0,False
1382,1390,1.0,False
1382,1144,0.5,False
1383,1015,60.0,True
1383,521,40.0,False
1383,275,20.0,False
1383,591,20.0,False
1383,422,20.0,False
1383,846,10.0,False
1383,605,10.0,False
1383,1248,7.0,False
1383,1232,3.0,False
1383,1267,2.0,False
1383,1076,2.0,False
1383,575,1.0,False
1383,1390,1.0,False
1384,889,50.0,True
1384,180,40.0,False
1384,275,20.0,False
1384,1240,15.0,False
1384,591,15.0,False
1384,516,15.0,False
1384,1241,3.0,False
1384,1232,2.0,False
1384,1145,2.0,False
1384,1390,1.0,False
1384,1265,0.3,False
1385,276,30.0,True
1385,1053,20.0,False
1385,1031,10.0,False
1385,1033,10.0,False
1385,516,10.0,False
1385,995,5.0,False
1385,575,5.0,False
1385,1132,3.0,False
1385,1232,2.0,False
1385,1076,2.0,False
1385,1390,1.0,False
1385,1241,0.5,False
1385,1265,0.3,False
1386,909,30.0,True
1386,275,30.0,True
1386,591,20.0,False
1386,180,20.0,False
1386,1342,7.0,False
1386,1390,5.0,False
1386,1232,1.0,False
1386,575,1.0,False
1387,275,20.0,True
1387,375,15.0,False
1387,890,10.0,False
1387,516,7.0,False
1387,906,1.0,False
1387,1234,0.5,False
1387,1076,0.5,False
1387,575,0.5,False
1387,412,0.3,False
1388,276,100.0,True
1388,995,20.0,False
1388,591,20.0,False
1388,516,20.0,False
1388,1241,5.0,False
1388,1234,5.0,False
1388,1132,5.0,False
1388,575,5.0,False
1388,1076,3.0,False
1388,1390,2.0,False
1389,276,100.0,True
1389,591,20.0,False
1389,516,20.0,False
1389,1241,5.0,False
1389,1234,5.0,False
1389,1132,5.0,False
1389,575,5.0,False
1389,1076,3.0,False
1389,1047,2.0,False
1389,1390,2.0,False
1390,276,100.0,True
1390,1053,25.0,False
1390,591,20.0,False
1390,516,20.0,False
1390,1241,5.0,False
1390,1234,5.0,False
1390,1132,5.0,False
1390,575,5.0,False
1390,1076,3.0,False
1390,1390,2.0,False
1391,375,30.0,True
1391,275,20.0,False
1391,889,15.0,False
1391,516,10.0,False
1391,575,5.0,False
1391,1232,3.0,False
1391,1076,2.0,False
1391,360,2.0,False
1391,1390,1.0,False
1391,1265,0.3,False
1392,1053,40.0,True
1392,422,30.0,False
1392,275,20.0,False
1392,1240,10.0,False
1392,594,10.0,False
1392,498,5.0,False
1392,575,3.0,False
1392,1232,2.0,False
1392,1076,1.0,False
1392,1265,0.3,False
1393,375,30.0,True
1393,889,20.0,False
1393,275,20.0,False
1393,558,10.0,False
1393,516,10.0,False
1393,575,3.0,False
1393,1076,2.0,False
1393,1241,1.0,False
1393,911,1.0,False
1393,1390,1.0,False
1393,1265,0.3,False
1393,1253,0.1,False
1393,354,0.1,False
1393,480,0.1,False
1394,422,40.0,True
1394,767,30.0,False
1394,1239,10.0,False
1394,575,5.0,False
1394,412,2.0,False
1394,1266,2.0,False
1394,1241,1.0,False
1395,792,60.0,True
1395,422,50.0,False
1395,375,30.0,False
1395,275,30.0,False
1395,1239,8.0,False
1395,412,6.0,False
1395,517,5.0,False
1395,575,4.0,False
1395,1241,2.0,False
1395,480,1.0,False
1395,1266,1.0,False
1395,1297,1.0,False
1396,792,30.0,True
1396,1068,30.0,True
1396,275,30.0,True
1396,375,30.0,True
1396,88,20.0,False
1396,559,20.0,False
1396,575,15.0,False
1396,517,10.0,False
1396,1239,5.0,False
1396,1241,5.0,False
1396,412,2.0,False
1396,1266,1.0,False
1397,181,40.0,True
1397,275,20.0,False
1397,820,20.0,False
1397,559,20.0,False
1397,593,20.0,False
1397,1239,10.0,False
1397,517,10.0,False
1397,574,5.0,False
1397,1266,2.0,False
1397,412,1.0,False
1398,181,40.0,True
1398,275,20.0,False
1398,820,20.0,False
1398,1056,20.0,False
1398,559,20.0,False
1398,593,20.0,False
1398,1239,10.0,False
1398,517,10.0,False
1398,574,5.0,False
1398,1266,2.0,False
1398,412,1.0,False
1399,181,40.0,True
1399,275,20.0,False
1399,820,20.0,False
1399,559,20.0,False
1399,593,20.0,False
1399,1239,10.0,False
1399,517,10.0,False
1399,809,10.0,False
1399,574,5.0,False
1399,1266,2.0,False
1399,412,1.0,False
1400,181,60.0,True
1400,820,40.0,False
1400,275,30.0,False
1400,499,10.0,False
1400,517,10.0,False
1400,352,5.0,False
1400,1239,5.0,False
1400,354,2.0,False
1400,412,2.0,False
1400,1266,2.0,False
1401,275,30.0,True
1401,181,20.0,False
1401,820,20.0,False
1401,517,10.0,False
1401,1239,6.0,False
1401,575,5.0,False
1401,1241,4.0,False
1401,412,2.0,False
1401,1234,1.0,False
1401,1297,1.0,False
1402,808,50.0,True
1402,352,5.0,False
1402,1239,5.0,False
1402,354,3.0,False
1402,575,3.0,False
1402,1241,1.0,False
1402,412,1.0,False
1402,1266,1.0,False
1403,909,80.0,True
1403,21,50.0,False
1403,375,40.0,False
1403,516,40.0,False
1403,789,30.0,False
1403,374,25.0,False
1403,1232,7.0,False
1403,575,5.0,False
1403,358,3.0,False
1403,354,3.0,False
1403,234,3.0,False
1404,180,70.0,True
1404,771,60.0,False
1404,375,40.0,False
1404,392,12.0,False
1404,1292,12.0,False
1404,1137,4.0,False
1404,412,3.0,False
1404,1266,0.6,False
1404,1277,0.2,False
1404,1297,0.1,False
1404,1294,0.05,False
1405,1419,160.0,True
1405,422,40.0,False
1405,275,40.0,False
1405,798,30.0,False
1405,591,20.0,False
1405,516,15.0,False
1405,1034,15.0,False
1405,575,8.0,False
1405,1246,7.0,False
1405,906,5.0,False
1405,354,3.0,False
1405,1227,3.0,False
1405,412,3.0,False
1405,360,2.0,False
1405,480,2.0,False
1405,1144,2.0,False
1405,1076,2.0,False
1405,1241,0.5,False
1405,1297,0.1,False
1406,786,60.0,True
1406,375,50.0,False
1406,1355,50.0,False
1406,275,40.0,False
1406,558,30.0,False
1406,354,15.0,False
1406,575,10.0,False
1406,1047,5.0,False
1406,412,5.0,False
1407,1419,300.0,True
1407,375,120.0,False
1407,766,60.0,False
1407,275,60.0,False
1407,856,50.0,False
1407,422,40.0,False
1407,591,30.0,False
1407,432,20.0,False
1407,1144,20.0,False
1407,596,10.0,False
1407,516,10.0,False
1407,906,10.0,False
1407,412,10.0,False
1407,1227,10.0,False
1407,1076,5.0,False
1407,575,5.0,False
1407,360,3.0,False
1407,355,3.0,False
1408,806,10.0,True
1408,805,10.0,True
1408,375,10.0,True
1408,558,7.0,False
1408,785,5.0,False
1408,516,4.0,False
1408,906,1.0,False
1408,1076,0.5,False
1408,412,0.4,False
1408,1234,0.2,False
1408,575,0.1,False
1409,789,50.0,True
1409,180,40.0,False
1409,275,20.0,False
1409,1240,15.0,False
1409,591,15.0,False
1409,516,15.0,False
1409,1241,3.0,False
1409,1145,2.0,False
1409,1390,1.0,False
1409,1265,0.3,False
1410,1284,20.0,True
1410,275,20.0,True
1410,591,20.0,True
1410,375,10.0,False
1410,785,10.0,False
1410,422,10.0,False
1410,906,2.0,False
1410,1265,1.0,False
1410,1076,1.0,False
1410,352,1.0,False
1410,354,1.0,False
1410,1390,1.0,False
1410,614,0.1,False
1411,180,80.0,True
1411,1239,20.0,False
1411,591,20.0,False
1411,516,20.0,False
1411,275,5.0,False
1411,789,5.0,False
1411,575,5.0,False
1411,906,1.0,False
1411,1246,0.1,False
1412,279,35.0,True
1412,375,15.0,False
1412,785,15.0,False
1412,446,15.0,False
1412,422,10.0,False
1412,613,2.5,False
1412,1076,1.0,False
1412,914,1.0,False
1412,906,1.0,False
1412,1034,1.0,False
1412,575,1.0,False
1412,516,1.0,False
1412,1266,0.6,False
1412,412,0.6,False
1413,375,30.0,True
1413,798,20.0,False
1413,1241,10.0,False
1413,275,10.0,False
1413,1141,1.0,False
1413,1048,1.0,False
1413,575,1.0,False
1413,412,0.5,False
1414,275,40.0,True
1414,798,25.0,False
1414,516,20.0,False
1414,575,10.0,False
1414,352,10.0,False
1414,1239,7.0,False
1414,1241,2.0,False
1414,412,2.0,False
1414,1266,1.0,False
1414,1148,1.0,False
1414,480,0.1,False
1415,1284,20.0,True
1415,275,20.0,True
1415,591,20.0,True
1415,375,15.0,False
1415,422,15.0,False
1415,785,10.0,False
1415,906,2.0,False
1415,1076,1.0,False
1415,352,1.0,False
1415,354,1.0,False
1415,1390,1.0,False
1415,1265,0.3,False
1415,614,0.1,False
1416,279,25.0,True
1416,785,20.0,False
1416,449,10.0,False
1416,422,10.0,False
1416,1246,3.0,False
1416,906,1.0,False
1416,1076,0.5,False
1416,516,0.4,False
1416,575,0.2,False
1416,1297,0.1,False
1416,1268,0.1,False
1416,1389,0.1,False
1416,480,0.1,False
1417,180,30.0,True
1417,1246,20.0,False
1417,275,20.0,False
1417,786,20.0,False
1417,591,20.0,False
1417,516,7.0,False
1417,906,5.0,False
1417,335,5.0,False
1417,575,4.0,False
1417,1076,2.0,False
1417,1265,1.0,False
1417,1390,1.0,False
1417,1241,0.5,False
1418,375,30.0,True
1418,798,30.0,True
1418,275,20.0,False
1418,575,5.0,False
1418,1241,2.0,False
1418,906,2.0,False
1418,412,2.0,False
1419,375,35.0,True
1419,181,25.0,False
1419,593,20.0,False
1419,1246,13.0,False
1419,517,8.0,False
1419,352,6.0,False
1419,1239,5.0,False
1419,575,5.0,False
1419,412,4.0,False
1419,909,3.0,False
1419,1241,2.0,False
1420,181,40.0,True
1420,275,20.0,False
1420,593,20.0,False
1420,1246,15.0,False
1420,390,10.0,False
1420,993,5.0,False
1420,517,5.0,False
1420,412,1.0,False
1421,181,25.0,True
1421,390,20.0,False
1421,593,20.0,False
1421,1246,13.0,False
1421,388,10.0,False
1421,517,8.0,False
1421,352,6.0,False
1421,1239,5.0,False
1421,575,5.0,False
1421,412,4.0,False
1421,909,3.0,False
1421,1241,1.0,False
1422,181,30.0,True
1422,593,25.0,False
1422,792,20.0,False
1422,1246,13.0,False
1422,517,8.0,False
1422,352,6.0,False
1422,1239,5.0,False
1422,575,5.0,False
1422,412,3.0,False
1422,909,3.0,False
1423,275,30.0,True
1423,181,30.0,True
1423,1246,20.0,False
1423,510,20.0,False
1423,517,20.0,False
1423,593,20.0,False
1423,792,10.0,False
1423,1010,10.0,False
1423,909,5.0,False
1423,352,2.0,False
1423,412,2.0,False
1423,573,1.0,False
1424,181,30.0,True
1424,1246,20.0,False
1424,517,20.0,False
1424,792,10.0,False
1424,1010,10.0,False
1424,585,10.0,False
1424,909,5.0,False
1424,352,2.0,False
1424,412,2.0,False
1424,573,1.0,False
1425,275,40.0,True
1425,181,20.0,False
1425,1246,20.0,False
1425,593,20.0,False
1425,517,10.0,False
1425,1010,10.0,False
1425,352,5.0,False
1425,1239,5.0,False
1425,412,1.0,False
1426,453,40.0,True
1426,275,30.0,False
1426,993,20.0,False
1426,1246,20.0,False
1426,820,10.0,False
1426,517,10.0,False
1426,909,5.0,False
1426,352,2.0,False
1426,412,2.0,False
1426,573,1.0,False
1427,275,40.0,True
1427,1246,20.0,False
1427,1003,20.0,False
1427,593,20.0,False
1427,995,10.0,False
1427,618,10.0,False
1427,354,5.0,False
1427,352,5.0,False
1427,412,1.0,False
1428,181,30.0,True
1428,275,30.0,True
1428,1246,20.0,False
1428,517,20.0,False
1428,593,20.0,False
1428,836,10.0,False
1428,1010,10.0,False
1428,909,5.0,False
1428,352,2.0,False
1428,412,2.0,False
1428,573,1.0,False
1429,275,40.0,True
1429,375,30.0,False
1429,1282,25.0,False
1429,517,10.0,False
1429,1239,5.0,False
1429,575,4.0,False
1429,1241,2.0,False
1429,412,2.0,False
1429,909,2.0,False
1429,1266,2.0,False
1430,275,40.0,True
1430,181,20.0,False
1430,375,20.0,False
1430,820,20.0,False
1430,1282,20.0,False
1430,593,20.0,False
1430,352,5.0,False
1430,412,1.0,False
1431,181,30.0,True
1431,275,30.0,True
1431,1056,30.0,True
1431,1016,20.0,False
1431,1246,20.0,False
1431,517,20.0,False
1431,995,10.0,False
1431,1040,10.0,False
1431,909,5.0,False
1431,1241,1.0,False
1431,412,1.0,False
1431,573,1.0,False
1432,593,50.0,True
1432,181,40.0,False
1432,275,25.0,False
1432,1246,15.0,False
1432,909,6.0,False
1432,1239,5.0,False
1432,352,3.0,False
1432,618,3.0,False
1432,574,2.0,False
1432,412,1.0,False
1433,181,40.0,True
1433,593,20.0,False
1433,275,20.0,False
1433,1246,15.0,False
1433,390,10.0,False
1433,517,5.0,False
1433,1010,5.0,False
1433,412,1.0,False
1434,275,40.0,True
1434,181,30.0,False
1434,593,20.0,False
1434,1246,15.0,False
1434,993,10.0,False
1434,792,10.0,False
1434,517,10.0,False
1434,909,5.0,False
1434,352,2.0,False
1434,412,2.0,False
1434,573,1.0,False
1435,593,40.0,True
1435,275,30.0,False
1435,1031,30.0,False
1435,422,20.0,False
1435,1246,15.0,False
1435,412,4.0,False
1435,575,2.0,False
1435,352,1.0,False
1436,275,63.0,True
1436,375,50.0,False
1436,1282,25.0,False
1436,820,13.0,False
1436,352,11.0,False
1436,575,3.0,False
1436,412,3.0,False
1436,1241,1.0,False
1436,1266,1.0,False
1437,1419,160.0,True
1437,586,50.0,False
1437,275,30.0,False
1437,995,30.0,False
1437,422,20.0,False
1437,1040,20.0,False
1437,1246,15.0,False
1437,516,10.0,False
1437,575,8.0,False
1437,354,3.0,False
1437,412,3.0,False
1438,1419,250.0,True
1438,276,40.0,False
1438,345,25.0,False
1438,549,20.0,False
1438,591,20.0,False
1438,340,10.0,False
1438,516,10.0,False
1438,1246,10.0,False
1438,269,10.0,False
1438,268,5.0,False
1438,613,5.0,False
1438,360,3.0,False
1438,292,3.0,False
1438,906,2.0,False
1438,1076,2.0,False
1438,1241,2.0,False
1438,1390,1.5,False
1438,575,1.0,False
1439,276,80.0,True
1439,1060,60.0,False
1439,614,10.0,False
1439,269,10.0,False
1439,1246,7.0,False
1439,995,5.0,False
1439,575,5.0,False
1439,906,2.0,False
1439,1082,1.0,False
1440,275,40.0,True
1440,591,30.0,False
1440,1246,10.0,False
1440,1239,10.0,False
1440,613,10.0,False
1440,575,5.0,False
1440,352,3.0,False
1440,354,3.0,False
1440,906,2.0,False
1441,1284,20.0,True
1441,275,20.0,True
1441,995,20.0,True
1441,591,20.0,True
1441,785,10.0,False
1441,1058,10.0,False
1441,422,10.0,False
1441,906,2.0,False
1441,1265,1.0,False
1441,1241,1.0,False
1441,1076,1.0,False
1441,352,1.0,False
1441,354,1.0,False
1441,1390,1.0,False
1441,613,0.1,False
1442,591,20.0,True
1442,275,10.0,False
1442,180,10.0,False
1442,516,10.0,False
1442,392,10.0,False
1442,1076,1.0,False
1442,906,1.0,False
1442,575,1.0,False
1442,352,1.0,False
1442,354,1.0,False
1442,1390,1.0,False
1443,1015,50.0,True
1443,909,30.0,False
1443,180,30.0,False
1443,1246,20.0,False
1443,591,20.0,False
1443,275,10.0,False
1443,516,5.0,False
1443,575,2.5,False
1443,1076,2.0,False
1443,1390,1.0,False
1443,352,0.5,False
1443,1241,0.3,False
1443,354,0.3,False
1444,275,15.0,True
1444,591,6.0,False
1444,1389,6.0,False
1444,516,6.0,False
1444,610,5.0,False
1444,1246,2.0,False
1444,906,1.2,False
1444,1076,0.5,False
1444,412,0.3,False
1445,591,20.0,True
1445,180,20.0,True
1445,275,10.0,False
1445,516,10.0,False
1445,392,10.0,False
1445,1076,1.0,False
1445,906,1.0,False
1445,575,1.0,False
1445,352,1.0,False
1445,354,1.0,False
1445,1390,1.0,False
1446,275,20.0,True
1446,591,8.0,False
1446,516,8.0,False
1446,817,5.0,False
1446,906,1.0,False
1446,1076,0.5,False
1446,1246,0.2,False
1446,575,0.2,False
1447,275,20.0,True
1447,591,20.0,True
1447,180,10.0,False
1447,516,10.0,False
1447,1246,3.0,False
1447,352,3.0,False
1447,1076,2.0,False
1447,906,2.0,False
1447,575,2.0,False
1447,412,0.5,False
1448,275,30.0,True
1448,375,20.0,False
1448,596,10.0,False
1448,1284,5.0,False
1448,1076,1.0,False
1448,906,1.0,False
1448,575,1.0,False
1448,412,0.5,False
1449,276,90.0,True
1449,375,20.0,False
1449,1284,20.0,False
1449,591,15.0,False
1449,422,15.0,False
1449,1076,5.0,False
1449,352,1.0,False
1449,354,1.0,False
1449,1390,1.0,False
1449,1265,0.3,False
1450,275,5.0,True
1450,1383,5.0,True
1450,591,5.0,True
1450,516,5.0,True
1450,1246,3.0,False
1450,1076,2.0,False
1450,906,2.0,False
1450,575,2.0,False
1450,1241,1.0,False
1450,412,1.0,False
1450,1266,0.3,False
1451,275,30.0,True
1451,591,25.0,False
1451,422,10.0,False
1451,1246,3.0,False
1451,613,2.5,False
1451,1241,1.0,False
1451,1076,1.0,False
1451,914,1.0,False
1451,906,1.0,False
1451,1034,1.0,False
1451,360,1.0,False
1451,516,1.0,False
1451,412,1.0,False
1451,575,0.7,False
1452,275,30.0,True
1452,591,30.0,True
1452,180,30.0,True
1452,1246,15.0,False
1452,516,10.0,False
1452,605,7.0,False
1452,1239,3.0,False
1452,613,3.0,False
1452,1076,2.0,False
1452,575,2.0,False
1452,906,1.0,False
1452,352,1.0,False
1452,412,0.5,False
1453,275,20.0,True
1453,422,20.0,True
1453,390,15.0,False
1453,516,15.0,False
1453,1404,10.0,False
1453,591,10.0,False
1453,1246,5.0,False
1453,1076,2.0,False
1453,906,2.0,False
1453,1265,1.0,False
1453,575,1.0,False
1453,1390,1.0,False
1453,1241,0.5,False
1454,843,30.0,True
1454,820,30.0,True
1454,490,10.0,False
1454,517,10.0,False
1454,200,5.0,False
1454,618,5.0,False
1454,1234,3.0,False
1454,1144,2.0,False
1454,575,2.0,False
1454,412,1.0,False
1455,820,40.0,True
1455,80,20.0,False
1455,393,10.0,False
1455,490,10.0,False
1455,517,10.0,False
1455,618,5.0,False
1455,1234,3.0,False
1455,1144,2.0,False
1455,575,2.0,False
1455,412,1.0,False
1455,234,1.0,False
1456,375,60.0,True
1456,792,30.0,False
1456,275,30.0,False
1456,393,20.0,False
1456,490,20.0,False
1456,517,20.0,False
1456,200,10.0,False
1456,499,5.0,False
1456,574,5.0,False
1456,412,4.0,False
1456,1266,2.0,False
1456,1144,1.0,False
1457,375,60.0,True
1457,792,30.0,False
1457,275,30.0,False
1457,393,20.0,False
1457,490,20.0,False
1457,517,20.0,False
1457,200,10.0,False
1457,21,10.0,False
1457,499,5.0,False
1457,574,5.0,False
1457,412,4.0,False
1457,1266,2.0,False
1457,1144,1.0,False
1458,1027,70.0,True
1458,820,40.0,False
1458,559,30.0,False
1458,593,30.0,False
1458,80,20.0,False
1458,275,20.0,False
1458,435,10.0,False
1458,352,5.0,False
1458,1241,5.0,False
1458,499,5.0,False
1458,575,5.0,False
1458,412,4.0,False
1458,1144,3.0,False
1458,1266,2.0,False
1459,422,40.0,True
1459,820,30.0,False
1459,275,20.0,False
1459,517,20.0,False
1459,1232,10.0,False
1459,597,10.0,False
1459,521,10.0,False
1459,611,10.0,False
1459,607,5.0,False
1459,618,5.0,False
1459,412,2.0,False
1459,1266,1.0,False
1459,1144,1.0,False
1460,1027,70.0,True
1460,820,40.0,False
1460,559,30.0,False
1460,593,30.0,False
1460,275,20.0,False
1460,435,10.0,False
1460,352,5.0,False
1460,1241,5.0,False
1460,499,5.0,False
1460,575,5.0,False
1460,412,4.0,False
1460,1144,3.0,False
1460,1266,2.0,False
1461,839,40.0,True
1461,607,30.0,False
1461,80,20.0,False
1461,393,10.0,False
1461,490,10.0,False
1461,521,10.0,False
1461,1234,5.0,False
1461,618,5.0,False
1461,1144,2.0,False
1461,575,2.0,False
1461,412,1.0,False
1461,1297,1.0,False
1462,422,40.0,True
1462,820,30.0,False
1462,275,20.0,False
1462,517,20.0,False
1462,521,10.0,False
1462,618,5.0,False
1462,412,2.0,False
1462,1266,1.0,False
1462,1144,1.0,False
1463,422,40.0,True
1463,275,30.0,False
1463,820,30.0,False
1463,517,20.0,False
1463,1239,10.0,False
1463,521,10.0,False
1463,618,5.0,False
1463,412,2.0,False
1463,1241,1.0,False
1463,1266,1.0,False
1463,1144,1.0,False
1464,857,25.0,True
1464,490,20.0,False
1464,412,4.0,False
1464,618,3.0,False
1464,1232,2.0,False
1464,909,2.0,False
1464,354,1.0,False
1464,1077,1.0,False
1464,480,1.0,False
1464,1266,1.0,False
1464,575,1.0,False
1464,1297,1.0,False
1465,1027,28.11,True
1465,820,16.06,False
1465,559,12.05,False
1465,593,12.05,False
1465,80,8.03,False
1465,275,8.03,False
1465,435,4.02,False
1465,352,2.01,False
1465,1241,2.01,False
1465,499,2.01,False
1465,575,2.01,False
1465,412,1.61,False
1465,1144,1.2,False
1465,1266,0.8,False
1466,275,200.0,True
1466,834,100.0,False
1466,486,100.0,False
1466,422,50.0,False
1466,392,50.0,False
1466,432,50.0,False
1466,516,50.0,False
1466,856,50.0,False
1466,573,30.0,False
1466,1232,17.0,False
1466,614,12.0,False
1466,209,10.0,False
1466,1145,6.0,False
1466,310,3.0,False
1466,1266,1.0,False
1467,1419,300.0,True
1467,275,40.0,False
1467,832,40.0,False
1467,422,40.0,False
1467,446,30.0,False
1467,51,20.0,False
1467,610,15.0,False
1467,392,10.0,False
1467,1234,10.0,False
1467,976,10.0,False
1467,575,8.0,False
1467,1266,1.0,False
1467,1297,0.1,False
1468,1419,300.0,True
1468,1302,60.0,False
1468,446,30.0,False
1468,596,25.0,False
1468,817,20.0,False
1468,516,20.0,False
1468,432,20.0,False
1468,1246,12.0,False
1468,575,10.0,False
1468,906,9.0,False
1468,1232,6.0,False
1468,360,4.0,False
1468,354,4.0,False
1468,412,4.0,False
1468,1076,2.0,False
1468,1144,2.0,False
1468,1297,0.1,False
1469,909,300.0,True
1469,852,90.0,False
1469,589,30.0,False
1469,596,20.0,False
1469,1232,16.0,False
1469,459,15.0,False
1469,516,15.0,False
1469,1239,12.0,False
1469,392,10.0,False
1469,1253,5.0,False
1469,412,4.0,False
1469,234,3.0,False
1469,1076,2.0,False
1469,1241,1.0,False
1470,1419,300.0,True
1470,613,30.0,False
1470,766,30.0,False
1470,596,20.0,False
1470,1246,18.0,False
1470,446,10.0,False
1470,199,10.0,False
1470,906,9.0,False
1470,498,8.0,False
1470,516,8.0,False
1470,575,4.0,False
1470,412,3.0,False
1470,352,2.0,False
1470,354,2.0,False
1470,1076,2.0,False
1471,275,50.0,True
1471,793,50.0,True
1471,1359,50.0,True
1471,446,40.0,False
1471,21,30.0,False
1471,516,30.0,False
1471,575,30.0,False
1471,422,30.0,False
1471,432,20.0,False
1471,596,10.0,False
1471,558,10.0,False
1471,200,10.0,False
1471,355,5.0,False
1471,1390,5.0,False
1471,1076,3.0,False
1471,1262,2.0,False
1471,1298,0.1,False
1471,1266,0.1,False
1472,375,65.0,True
1472,807,55.0,False
1472,275,40.0,False
1472,610,40.0,False
1472,591,35.0,False
1472,360,10.0,False
1472,498,7.0,False
1472,1076,5.0,False
1472,1390,5.0,False
1472,1239,5.0,False
1472,1241,1.0,False
1472,233,0.5,False
1473,909,300.0,True
1473,1113,100.0,False
1473,201,50.0,False
1473,275,40.0,False
1473,807,30.0,False
1473,516,30.0,False
1473,610,30.0,False
1473,180,30.0,False
1473,422,30.0,False
1473,591,30.0,False
1473,596,25.0,False
1473,793,20.0,False
1473,859,20.0,False
1473,292,15.0,False
1473,613,10.0,False
1473,498,10.0,False
1473,51,10.0,False
1473,360,5.0,False
1473,354,5.0,False
1473,575,5.0,False
1473,1390,5.0,False
1473,1076,5.0,False
1473,404,3.0,False
1473,1298,1.0,False
1473,1266,1.0,False
1474,1419,300.0,True
1474,1354,250.0,False
1474,446,30.0,False
1474,591,25.0,False
1474,486,25.0,False
1474,392,20.0,False
1474,547,20.0,False
1474,360,20.0,False
1474,1279,15.0,False
1474,1232,15.0,False
1474,1272,15.0,False
1474,1246,10.0,False
1474,610,10.0,False
1474,575,5.0,False
1474,1390,5.0,False
1474,1235,5.0,False
1474,1243,5.0,False
1474,1297,2.0,False
1475,869,300.0,True
1475,1394,200.0,False
1475,81,100.0,False
1475,1247,30.0,False
1475,422,25.0,False
1475,434,20.0,False
1475,360,20.0,False
1475,358,15.0,False
1475,1227,15.0,False
1475,1390,10.0,False
1475,575,10.0,False
1475,1232,6.0,False
1476,1065,30.0,True
1476,202,25.0,False
1476,422,20.0,False
1476,1414,5.0,False
1476,498,5.0,False
1476,1232,2.0,False
1476,575,2.0,False
1476,1227,1.0,False
1476,234,1.0,False
1476,1298,0.3,False
1476,1265,0.3,False
1476,1253,0.1,False
1477,817,100.0,True
1477,446,80.0,False
1477,846,20.0,False
1477,404,7.0,False
1477,1266,3.0,False
1477,613,2.0,False
1477,610,2.0,False
1477,1390,2.0,False
1478,827,100.0,True
1478,449,40.0,False
1478,516,10.0,False
1478,610,5.0,False
1478,596,5.0,False
1478,432,3.0,False
1478,498,3.0,False
1478,392,3.0,False
1478,1232,1.0,False
1478,1076,1.0,False
1478,575,1.0,False
1478,1265,0.2,False
1479,1404,30.0,True
1479,422,20.0,False
1479,591,15.0,False
1479,516,15.0,False
1479,498,10.0,False
1479,613,10.0,False
1479,449,7.0,False
1479,596,7.0,False
1479,434,5.0,False
1479,603,5.0,False
1479,392,5.0,False
1479,1239,3.0,False
1479,575,3.0,False
1479,610,3.0,False
1479,1076,2.0,False
1479,906,2.0,False
1479,1241,1.0,False
1479,1232,1.0,False
1479,234,1.0,False
1479,1390,1.0,False
1479,412,1.0,False
1479,1265,0.1,False
1480,180,50.0,True
1480,449,20.0,False
1480,275,10.0,False
1480,1383,10.0,False
1480,613,10.0,False
1480,596,7.0,False
1480,603,5.0,False
1480,575,3.0,False
1480,610,3.0,False
1480,1232,2.0,False
1480,1076,2.0,False
1480,498,2.0,False
1480,234,1.0,False
1480,906,1.0,False
1480,412,1.0,False
1481,181,40.0,True
1481,593,30.0,False
1481,352,10.0,False
1481,499,10.0,False
1481,517,10.0,False
1481,354,5.0,False
1481,1239,5.0,False
1481,1232,4.0,False
1481,412,2.0,False
1482,181,40.0,True
1482,792,30.0,False
1482,593,30.0,False
1482,352,10.0,False
1482,499,10.0,False
1482,517,10.0,False
1482,354,5.0,False
1482,1239,5.0,False
1482,1232,4.0,False
1482,412,2.0,False
1483,375,60.0,True
1483,792,30.0,False
1483,275,30.0,False
1483,517,20.0,False
1483,412,2.0,False
1483,1241,1.0,False
1483,1266,1.0,False
1483,1144,1.0,False
1483,574,1.0,False
1484,375,50.0,True
1484,275,35.0,False
1484,792,30.0,False
1484,593,20.0,False
1484,1246,10.0,False
1484,517,10.0,False
1484,352,5.0,False
1484,575,5.0,False
1484,1241,2.0,False
1484,412,2.0,False
1484,909,2.0,False
1485,375,60.0,True
1485,1065,40.0,False
1485,181,30.0,False
1485,517,30.0,False
1485,275,20.0,False
1485,574,5.0,False
1485,1145,2.0,False
1485,412,1.0,False
1486,375,50.0,True
1486,275,35.0,False
1486,889,30.0,False
1486,593,20.0,False
1486,517,10.0,False
1486,352,5.0,False
1486,575,5.0,False
1486,1241,3.0,False
1486,412,2.0,False
1487,275,80.0,True
1487,422,30.0,False
1487,575,5.0,False
1487,909,3.0,False
1487,1241,2.0,False
1487,412,2.0,False
1487,1266,1.0,False
1488,275,80.0,True
1488,422,30.0,False
1488,1239,10.0,False
1488,575,5.0,False
1488,909,3.0,False
1488,1241,2.0,False
1488,412,2.0,False
1488,1266,2.0,False
1489,275,80.0,True
1489,1246,10.0,False
1489,1239,8.0,False
1489,575,5.0,False
1489,909,3.0,False
1489,1241,2.0,False
1489,412,2.0,False
1489,1266,1.0,False
1490,275,80.0,True
1490,422,30.0,False
1490,1246,15.0,False
1490,575,5.0,False
1490,909,3.0,False
1490,1241,2.0,False
1490,412,2.0,False
1490,1266,1.0,False
1491,422,50.0,True
1491,909,10.0,False
1491,1239,6.0,False
1491,575,3.0,False
1491,1266,2.0,False
1491,412,1.0,False
1492,607,70.0,True
1492,510,40.0,False
1492,517,30.0,False
1492,820,20.0,False
1492,393,10.0,False
1492,574,10.0,False
1492,1241,2.0,False
1492,412,2.0,False
1492,1266,2.0,False
1493,279,90.0,True
1493,375,30.0,False
1493,792,30.0,False
1493,517,10.0,False
1493,574,10.0,False
1493,1145,4.0,False
1493,412,2.0,False
1493,1241,1.0,False
1493,1266,1.0,False
1494,279,90.0,True
1494,375,30.0,False
1494,820,30.0,False
1494,412,5.0,False
1494,1145,5.0,False
1494,575,5.0,False
1494,1133,3.0,False
1494,1241,1.0,False
1494,1266,1.0,False
1495,277,100.0,True
1495,181,20.0,False
1495,517,20.0,False
1495,593,20.0,False
1495,1010,10.0,False
1495,1241,6.0,False
1495,575,5.0,False
1495,1234,2.0,False
1495,412,1.0,False
1496,375,600.0,True
1496,792,100.0,False
1496,517,80.0,False
1496,472,30.0,False
1496,575,18.0,False
1496,360,10.0,False
1496,1048,9.0,False
1497,276,100.0,True
1497,995,50.0,False
1497,517,50.0,False
1497,597,40.0,False
1497,352,30.0,False
1497,354,30.0,False
1497,857,30.0,False
1497,575,20.0,False
1497,375,10.0,False
1497,1144,2.0,False
1497,1266,1.0,False
1497,1297,0.1,False
1498,276,37.5,True
1498,995,23.3,False
1498,517,23.3,False
1498,597,18.6,False
1498,857,14.0,False
1498,354,14.0,False
1498,352,14.0,False
1498,575,9.3,False
1498,375,4.7,False
1498,1144,0.9,False
1498,1266,0.5,False
1498,1297,0.1,False
1499,909,160.0,True
1499,586,50.0,False
1499,422,20.0,False
1499,596,15.0,False
1499,1246,10.0,False
1499,575,4.0,False
1499,1232,4.0,False
1499,412,3.0,False
1499,358,3.0,False
1499,354,3.0,False
1499,1034,1.0,False
1499,1241,1.0,False
1500,1419,160.0,True
1500,561,70.0,False
1500,785,40.0,False
1500,268,20.0,False
1500,375,20.0,False
1500,575,15.0,False
1500,906,5.0,False
1500,412,4.0,False
1500,1266,1.5,False
1500,1076,1.0,False
1501,276,100.0,True
1501,987,40.0,False
1501,596,40.0,False
1501,422,20.0,False
1501,613,10.0,False
1501,516,10.0,False
1501,432,10.0,False
1501,292,10.0,False
1501,575,3.0,False
1501,906,2.0,False
1501,354,2.0,False
1501,1232,1.5,False
1501,1390,1.0,False
1501,1266,0.5,False
1502,1419,250.0,True
1502,276,120.0,False
1502,268,30.0,False
1502,995,30.0,False
1502,1040,25.0,False
1502,591,20.0,False
1502,596,10.0,False
1502,613,10.0,False
1502,516,10.0,False
1502,1246,10.0,False
1502,575,5.0,False
1502,354,2.0,False
1502,352,2.0,False
1502,1076,1.0,False
1502,906,1.0,False
1503,276,150.0,True
1503,591,40.0,False
1503,180,40.0,False
1503,613,13.0,False
1503,516,10.0,False
1503,432,10.0,False
1503,1246,10.0,False
1503,292,10.0,False
1503,1389,5.0,False
1503,162,5.0,False
1503,575,3.0,False
1503,360,3.0,False
1503,1076,3.0,False
1503,1232,1.5,False
1503,1390,1.0,False
1504,999,150.0,True
1504,276,150.0,True
1504,216,40.0,False
1504,292,40.0,False
1504,613,20.0,False
1504,360,2.0,False
1504,354,1.0,False
1505,377,100.0,True
1505,279,100.0,True
1505,352,10.0,False
1505,1390,10.0,False
1505,1144,8.0,False
1505,1232,2.0,False
1505,1298,0.2,False
1506,180,30.0,True
1506,516,10.0,False
1506,1076,2.0,False
1506,906,2.0,False
1506,1232,0.4,False
1506,1241,0.2,False
1506,1246,0.2,False
1506,1239,0.2,False
1506,412,0.2,False
1506,234,0.1,False
1507,1240,20.0,True
1507,275,20.0,True
1507,591,20.0,True
1507,180,20.0,True
1507,516,20.0,True
1507,392,10.0,False
1507,1241,3.0,False
1507,1232,2.0,False
1507,906,2.0,False
1507,575,2.0,False
1507,1076,1.0,False
1507,1390,1.0,False
1507,1265,0.3,False
1508,375,80.0,True
1508,806,25.0,False
1508,275,20.0,False
1508,575,5.0,False
1508,1241,2.0,False
1508,412,2.0,False
1509,375,50.0,True
1509,275,20.0,False
1509,575,5.0,False
1509,516,5.0,False
1509,1241,2.0,False
1509,412,2.0,False
1509,235,1.0,False
1510,21,15.0,True
1510,806,10.0,False
1510,805,10.0,False
1510,275,10.0,False
1510,509,10.0,False
1510,516,10.0,False
1510,1121,7.0,False
1510,575,3.0,False
1510,412,2.0,False
1510,1241,1.0,False
1510,911,1.0,False
1510,235,0.1,False
1511,596,40.0,True
1511,275,30.0,False
1511,613,20.0,False
1511,516,20.0,False
1511,610,10.0,False
1511,392,10.0,False
1511,1232,3.0,False
1511,1076,1.0,False
1511,1390,1.0,False
1511,1265,0.3,False
1512,375,60.0,True
1512,806,20.0,False
1512,575,5.0,False
1512,1241,2.0,False
1512,412,2.0,False
1513,807,25.0,True
1513,275,15.0,False
1513,846,10.0,False
1513,375,10.0,False
1513,21,10.0,False
1513,785,10.0,False
1513,558,10.0,False
1513,516,10.0,False
1513,806,5.0,False
1513,575,5.0,False
1513,1076,1.0,False
1513,1390,1.0,False
1513,1423,0.5,False
1514,375,60.0,True
1514,1065,30.0,False
1514,275,20.0,False
1514,575,5.0,False
1514,1241,2.0,False
1514,412,2.0,False
1515,807,30.0,True
1515,275,15.0,False
1515,846,10.0,False
1515,375,10.0,False
1515,21,10.0,False
1515,785,10.0,False
1515,558,10.0,False
1515,516,10.0,False
1515,1121,5.0,False
1515,575,5.0,False
1515,1076,1.0,False
1515,1390,1.0,False
1515,1423,0.5,False
1516,275,30.0,True
1516,591,25.0,False
1516,422,10.0,False
1516,613,2.5,False
1516,1239,2.0,False
1516,1241,1.0,False
1516,1246,1.0,False
1516,1076,1.0,False
1516,914,1.0,False
1516,906,1.0,False
1516,1034,1.0,False
1516,360,1.0,False
1516,516,1.0,False
1516,412,1.0,False
1516,575,0.7,False
1517,269,20.0,True
1517,375,5.0,False
1517,1373,5.0,False
1517,575,5.0,False
1517,1076,2.0,False
1517,906,2.0,False
1517,412,1.0,False
1517,480,0.1,False
1518,807,20.0,True
1518,805,20.0,True
1518,375,20.0,True
1518,275,20.0,True
1518,21,15.0,False
1518,785,15.0,False
1518,1240,10.0,False
1518,575,3.0,False
1518,1241,2.0,False
1518,1390,1.0,False
1518,1265,0.2,False
1518,1297,0.02,False
1519,275,25.0,True
1519,591,15.0,False
1519,180,15.0,False
1519,596,15.0,False
1519,516,10.0,False
1519,1246,5.0,False
1519,1239,3.0,False
1519,1076,2.0,False
1519,906,1.0,False
1519,575,1.0,False
1519,412,1.0,False
1520,1068,20.0,True
1520,275,10.0,False
1520,558,8.0,False
1520,812,5.0,False
1520,375,5.0,False
1520,906,3.0,False
1520,516,3.0,False
1520,575,1.5,False
1520,1232,1.0,False
1520,412,0.5,False
1521,275,120.0,True
1521,995,10.0,False
1521,1076,5.0,False
1521,906,5.0,False
1521,1389,3.0,False
1521,1232,2.0,False
1521,1268,1.0,False
1521,1241,1.0,False
1521,1132,1.0,False
1521,1390,1.0,False
1521,1243,0.1,False
1522,591,30.0,True
1522,180,30.0,True
1522,275,20.0,False
1522,516,10.0,False
1522,1246,5.0,False
1522,1239,3.0,False
1522,392,3.0,False
1522,1076,2.0,False
1522,906,1.0,False
1522,575,1.0,False
1522,412,1.0,False
1523,806,50.0,True
1523,180,40.0,False
1523,275,20.0,False
1523,1240,15.0,False
1523,591,15.0,False
1523,516,15.0,False
1523,1241,3.0,False
1523,1232,2.0,False
1523,1145,2.0,False
1523,1390,1.0,False
1523,1265,0.3,False
1524,591,10.5,True
1524,180,10.5,True
1524,275,7.0,False
1524,516,3.5,False
1524,392,3.5,False
1524,1246,2.0,False
1524,1239,1.5,False
1524,906,1.0,False
1524,575,1.0,False
1524,412,1.0,False
1524,1076,0.5,False
1525,870,70.0,True
1525,422,30.0,False
1525,435,10.0,False
1525,517,10.0,False
1525,559,10.0,False
1525,1232,5.0,False
1525,499,5.0,False
1525,1241,3.0,False
1525,1243,1.0,False
1525,412,1.0,False
1525,1144,1.0,False
1526,871,70.0,True
1526,422,30.0,False
1526,435,10.0,False
1526,517,10.0,False
1526,559,10.0,False
1526,1232,5.0,False
1526,499,5.0,False
1526,1241,3.0,False
1526,1243,1.0,False
1526,412,1.0,False
1526,1144,1.0,False
1527,873,70.0,True
1527,422,30.0,False
1527,435,10.0,False
1527,517,10.0,False
1527,559,10.0,False
1527,1232,5.0,False
1527,499,5.0,False
1527,1241,3.0,False
1527,1243,1.0,False
1527,412,1.0,False
1527,1144,1.0,False
1528,876,70.0,True
1528,422,30.0,False
1528,435,10.0,False
1528,517,10.0,False
1528,559,10.0,False
1528,1232,5.0,False
1528,499,5.0,False
1528,1241,3.0,False
1528,1243,1.0,False
1528,412,1.0,False
1528,1144,1.0,False
1529,879,70.0,True
1529,422,30.0,False
1529,517,10.0,False
1529,352,5.0,False
1529,499,5.0,False
1529,1232,4.0,False
1529,412,2.0,False
1529,1227,2.0,False
1529,573,1.0,False
1530,990,80.0,True
1530,574,10.0,False
1530,1232,5.0,False
1530,1241,5.0,False
1530,412,5.0,False
1530,234,5.0,False
1530,1266,2.0,False
1530,1243,1.0,False
1530,1144,1.0,False
1531,1016,150.0,True
1531,574,10.0,False
1531,1232,5.0,False
1531,412,4.0,False
1531,1266,2.0,False
1532,894,70.0,True
1532,422,30.0,False
1532,435,10.0,False
1532,517,10.0,False
1532,559,10.0,False
1532,1232,5.0,False
1532,499,5.0,False
1532,1241,3.0,False
1532,1243,1.0,False
1532,412,1.0,False
1532,1144,1.0,False
1533,993,80.0,True
1533,574,10.0,False
1533,1234,5.0,False
1533,1241,5.0,False
1533,412,5.0,False
1533,234,5.0,False
1533,1266,2.0,False
1533,1243,1.0,False
1533,1144,1.0,False
1533,1297,1.0,False
1534,902,70.0,True
1534,422,30.0,False
1534,435,10.0,False
1534,517,10.0,False
1534,559,10.0,False
1534,1232,5.0,False
1534,499,5.0,False
1534,1241,3.0,False
1534,1243,1.0,False
1534,412,1.0,False
1534,1144,1.0,False
1535,919,70.0,True
1535,422,30.0,False
1535,435,10.0,False
1535,517,10.0,False
1535,559,10.0,False
1535,1232,5.0,False
1535,499,5.0,False
1535,1241,3.0,False
1535,1243,1.0,False
1535,412,1.0,False
1535,1144,1.0,False
1536,921,70.0,True
1536,422,30.0,False
1536,435,10.0,False
1536,517,10.0,False
1536,559,10.0,False
1536,1232,5.0,False
1536,499,5.0,False
1536,1241,3.0,False
1536,1243,1.0,False
1536,412,1.0,False
1536,1144,1.0,False
1537,1031,80.0,True
1537,559,20.0,False
1537,993,10.0,False
1537,1232,5.0,False
1537,435,5.0,False
1537,573,3.0,False
1537,1241,2.0,False
1537,412,2.0,False
1537,162,2.0,False
1537,292,1.0,False
1537,234,1.0,False
1537,1266,1.0,False
1538,933,70.0,True
1538,422,30.0,False
1538,435,10.0,False
1538,517,10.0,False
1538,559,10.0,False
1538,1232,5.0,False
1538,499,5.0,False
1538,1241,3.0,False
1538,1243,1.0,False
1538,412,1.0,False
1538,1144,1.0,False
1539,914,80.0,True
1539,575,25.0,False
1539,1232,13.0,False
1539,412,6.0,False
1539,234,3.0,False
1539,1241,2.0,False
1539,315,2.0,False
1539,1144,1.0,False
1540,1037,150.0,True
1540,574,10.0,False
1540,1232,5.0,False
1540,412,4.0,False
1540,1266,2.0,False
1541,944,70.0,True
1541,422,30.0,False
1541,435,10.0,False
1541,517,10.0,False
1541,559,10.0,False
1541,1232,5.0,False
1541,499,5.0,False
1541,1241,3.0,False
1541,1243,1.0,False
1541,412,1.0,False
1541,1144,1.0,False
1542,947,70.0,True
1542,422,30.0,False
1542,435,10.0,False
1542,517,10.0,False
1542,559,10.0,False
1542,1232,5.0,False
1542,499,5.0,False
1542,1241,3.0,False
1542,1243,1.0,False
1542,412,1.0,False
1542,1144,1.0,False
1543,422,30.0,True
1543,897,20.0,False
1543,517,20.0,False
1543,574,5.0,False
1543,1232,4.0,False
1543,412,4.0,False
1543,1243,1.0,False
1543,1144,1.0,False
1544,1056,70.0,True
1544,275,30.0,False
1544,435,10.0,False
1544,460,10.0,False
1544,517,10.0,False
1544,573,5.0,False
1544,582,5.0,False
1544,1232,4.0,False
1544,412,4.0,False
1544,1266,2.0,False
1544,1297,1.0,False
1545,1056,60.0,True
1545,559,30.0,False
1545,1031,20.0,False
1545,435,10.0,False
1545,573,5.0,False
1545,1232,4.0,False
1545,1266,2.0,False
1545,1241,1.0,False
1545,1243,1.0,False
1545,412,1.0,False
1545,234,1.0,False
1546,937,70.0,True
1546,422,30.0,False
1546,435,10.0,False
1546,517,10.0,False
1546,559,10.0,False
1546,1232,5.0,False
1546,499,5.0,False
1546,1241,3.0,False
1546,1243,1.0,False
1546,412,1.0,False
1546,1144,1.0,False
1547,970,70.0,True
1547,1232,4.0,False
1547,575,3.0,False
1547,1241,2.0,False
1547,1266,2.0,False
1547,1243,1.0,False
1547,412,1.0,False
1547,1144,1.0,False
1548,918,52.0,True
1548,422,20.0,False
1548,1232,9.0,False
1548,234,3.0,False
1548,575,2.0,False
1548,1241,1.0,False
1548,412,1.0,False
1549,977,70.0,True
1549,422,30.0,False
1549,435,10.0,False
1549,517,10.0,False
1549,559,10.0,False
1549,1232,5.0,False
1549,499,5.0,False
1549,1241,3.0,False
1549,1243,1.0,False
1549,412,1.0,False
1549,1144,1.0,False
1550,941,500.0,True
1550,1144,14.0,False
1550,575,10.0,False
1550,355,1.0,False
1551,1037,400.0,True
1551,856,50.0,False
1551,432,20.0,False
1551,1227,15.0,False
1551,354,10.0,False
1551,602,2.0,False
1551,1266,2.0,False
1551,1297,1.0,False
1552,923,200.0,True
1552,1385,50.0,False
1552,392,50.0,False
1552,530,50.0,False
1552,856,50.0,False
1552,1232,46.0,False
1552,209,15.0,False
1552,1270,14.0,False
1552,1145,8.0,False
1552,1266,6.0,False
1552,412,6.0,False
1552,1144,6.0,False
1552,614,5.0,False
1552,575,5.0,False
1552,1235,5.0,False
1552,234,4.0,False
1552,602,2.0,False
1552,1243,2.0,False
1552,1298,1.0,False
1552,1297,1.0,False
1553,1006,70.0,True
1553,1335,15.0,False
1553,225,6.0,False
1553,1270,4.0,False
1553,642,3.0,False
1553,1266,0.6,False
1554,961,250.0,True
1554,1113,100.0,False
1554,516,40.0,False
1554,534,25.0,False
1554,1334,20.0,False
1554,434,20.0,False
1554,358,17.0,False
1554,610,15.0,False
1554,354,15.0,False
1554,1232,2.8,False
1554,1298,1.0,False
1555,1007,200.0,True
1555,1419,200.0,True
1555,1040,60.0,False
1555,516,50.0,False
1555,1001,45.0,False
1555,412,20.0,False
1555,575,15.0,False
1555,358,15.0,False
1555,354,15.0,False
1555,580,15.0,False
1555,221,15.0,False
1555,1144,15.0,False
1555,1232,12.0,False
1555,583,2.0,False
1555,1298,1.0,False
1556,1053,220.0,True
1556,1350,50.0,False
1556,150,30.0,False
1556,516,25.0,False
1556,1289,25.0,False
1556,257,20.0,False
1556,392,20.0,False
1556,1374,20.0,False
1556,581,20.0,False
1556,1144,15.0,False
1556,51,15.0,False
1556,653,15.0,False
1556,575,10.0,False
1556,1390,5.0,False
1556,1298,1.0,False
1557,917,250.0,True
1557,558,50.0,False
1557,422,30.0,False
1557,571,25.0,False
1557,434,20.0,False
1557,1232,15.0,False
1557,1347,15.0,False
1557,1227,15.0,False
1557,1390,15.0,False
1557,1243,10.0,False
1557,1235,7.0,False
1557,653,5.0,False
1557,1264,2.0,False
1557,1298,1.0,False
1558,775,60.0,True
1558,181,30.0,False
1558,393,20.0,False
1558,517,10.0,False
1558,1232,5.0,False
1558,480,5.0,False
1558,618,5.0,False
1558,582,5.0,False
1558,1227,2.0,False
1558,1145,2.0,False
1558,412,1.0,False
1558,234,1.0,False
1558,1297,1.0,False
1559,831,30.0,True
1559,820,30.0,True
1559,412,5.0,False
1559,575,5.0,False
1559,1266,1.0,False
1559,1297,1.0,False
1560,783,60.0,True
1560,181,30.0,False
1560,517,20.0,False
1560,1232,5.0,False
1560,1239,5.0,False
1560,574,5.0,False
1560,234,3.0,False
1560,1266,2.0,False
1560,1241,1.0,False
1560,412,1.0,False
1560,480,1.0,False
1560,1144,1.0,False
1561,792,100.0,True
1561,1232,10.0,False
1561,1246,5.0,False
1561,412,5.0,False
1561,575,4.0,False
1561,480,3.0,False
1561,234,2.0,False
1562,802,200.0,True
1562,227,10.0,False
1562,1232,9.0,False
1562,412,8.0,False
1562,480,4.0,False
1562,1246,3.0,False
1562,234,3.0,False
1562,1277,1.0,False
1562,1297,1.0,False
1563,816,150.0,True
1563,517,20.0,False
1563,1232,10.0,False
1563,575,6.0,False
1563,412,3.0,False
1563,234,3.0,False
1563,1144,2.0,False
1563,1243,1.0,False
1563,1297,1.0,False
1564,816,60.0,True
1564,675,10.0,False
1564,517,10.0,False
1564,1234,5.0,False
1564,1144,4.0,False
1564,642,3.0,False
1564,412,2.0,False
1564,234,2.0,False
1564,354,1.0,False
1564,352,1.0,False
1564,1227,1.0,False
1565,841,200.0,True
1565,227,10.0,False
1565,1234,9.0,False
1565,412,8.0,False
1565,480,4.0,False
1565,1246,3.0,False
1565,234,3.0,False
1565,1297,1.0,False
1566,799,140.0,True
1566,1048,18.0,False
1566,1243,2.0,False
1566,412,2.0,False
1566,1241,1.0,False
1566,575,1.0,False
1567,816,400.0,True
1567,422,100.0,False
1567,517,100.0,False
1567,393,50.0,False
1567,575,30.0,False
1567,307,10.0,False
1567,412,10.0,False
1567,618,7.0,False
1568,775,48.98,True
1568,181,24.49,False
1568,393,16.33,False
1568,517,8.16,False
1568,1232,4.08,False
1568,480,4.08,False
1568,618,4.08,False
1568,582,4.08,False
1568,1227,1.63,False
1568,1145,1.63,False
1568,412,0.82,False
1568,234,0.82,False
1568,1297,0.82,False
1569,1404,240.0,True
1569,412,30.0,False
1569,1232,20.0,False
1569,575,15.0,False
1569,1266,10.0,False
1569,1270,8.0,False
1569,234,3.0,False
1569,310,2.0,False
1570,1385,240.0,True
1570,21,110.0,False
1570,392,30.0,False
1570,1232,20.0,False
1570,298,14.0,False
1570,676,14.0,False
1570,227,8.0,False
1570,575,6.0,False
1570,234,6.0,False
1570,480,2.0,False
1570,1144,2.0,False
1570,412,1.0,False
1570,315,1.0,False
1570,1297,1.0,False
1571,1419,100.0,True
1571,21,70.0,False
1571,1385,30.0,False
1571,553,20.0,False
1571,432,20.0,False
1571,298,20.0,False
1571,518,10.0,False
1571,1232,10.0,False
1571,618,5.0,False
1571,574,5.0,False
1571,234,5.0,False
1571,660,5.0,False
1571,412,4.0,False
1571,1253,3.0,False
1571,1227,3.0,False
1571,575,3.0,False
1571,1144,3.0,False
1571,355,0.2,False
1571,1297,0.1,False
1572,774,90.0,True
1572,586,40.0,False
1572,516,20.0,False
1572,392,15.0,False
1572,618,10.0,False
1572,1232,10.0,False
1572,575,8.0,False
1572,227,6.0,False
1572,642,5.0,False
1572,412,5.0,False
1572,1253,5.0,False
1572,306,3.0,False
1572,234,3.0,False
1572,1145,2.0,False
1572,480,2.0,False
1572,1297,0.1,False
1573,1351,60.0,True
1573,589,40.0,False
1573,516,15.0,False
1573,298,10.0,False
1573,392,10.0,False
1573,606,10.0,False
1573,1232,8.0,False
1573,642,5.0,False
1573,306,4.0,False
1573,234,4.0,False
1573,412,4.0,False
1573,329,3.0,False
1573,575,3.0,False
1573,309,2.0,False
1573,1144,1.0,False
1573,1243,0.5,False
1573,1297,0.1,False
1574,1354,90.0,True
1574,1419,50.0,False
1574,516,30.0,False
1574,575,10.0,False
1574,239,8.0,False
1574,1232,7.0,False
1574,412,5.0,False
1574,1227,4.0,False
1574,1246,3.0,False
1574,480,2.0,False
1574,234,1.0,False
1574,1380,0.5,False
1574,1297,0.1,False
1575,785,90.0,True
1575,412,21.0,False
1575,432,20.0,False
1575,516,20.0,False
1575,225,14.0,False
1575,575,13.0,False
1575,1270,9.0,False
1575,429,7.0,False
1575,1246,5.0,False
1575,234,4.0,False
1575,1144,3.0,False
1575,1232,2.0,False
1575,1241,1.0,False
1575,1340,1.0,False
1575,1243,0.5,False
1575,1277,0.2,False
1576,1354,40.0,True
1576,432,30.0,False
1576,616,15.0,False
1576,404,8.0,False
1576,1253,5.0,False
1576,1232,5.0,False
1576,660,5.0,False
1576,412,4.0,False
1576,354,3.0,False
1576,291,2.0,False
1576,1241,1.0,False
1576,1297,0.1,False
1577,1393,60.0,True
1577,451,40.0,False
1577,563,40.0,False
1577,1109,30.0,False
1577,516,15.0,False
1577,577,15.0,False
1577,581,15.0,False
1577,580,15.0,False
1577,1242,4.0,False
1577,653,3.0,False
1577,1142,3.0,False
1577,1266,0.1,False
1577,1297,0.1,False
1578,1400,90.0,True
1578,422,40.0,False
1578,392,15.0,False
1578,856,15.0,False
1578,298,10.0,False
1578,432,10.0,False
1578,1232,10.0,False
1578,676,10.0,False
1578,617,5.0,False
1578,642,5.0,False
1578,306,5.0,False
1578,575,5.0,False
1578,354,4.0,False
1578,234,4.0,False
1578,412,4.0,False
1578,1144,2.0,False
1578,309,1.0,False
1578,1243,0.5,False
1578,1297,0.1,False
1579,591,70.0,True
1579,817,30.0,False
1579,412,5.0,False
1579,1232,5.0,False
1579,1253,3.0,False
1579,1145,3.0,False
1579,1241,1.0,False
1579,1297,0.1,False
1580,1354,60.0,True
1580,1229,30.0,False
1580,459,30.0,False
1580,1419,15.0,False
1580,516,10.0,False
1580,575,8.0,False
1580,244,8.0,False
1580,1232,6.0,False
1580,412,5.0,False
1580,1246,3.0,False
1580,1144,2.0,False
1580,239,2.0,False
1580,1243,0.5,False
1581,852,60.0,True
1581,459,40.0,False
1581,516,30.0,False
1581,1274,10.0,False
1582,794,90.0,True
1582,42,40.0,False
1582,575,10.0,False
1582,412,8.0,False
1582,1253,5.0,False
1582,225,5.0,False
1582,1232,4.0,False
1582,209,3.0,False
1582,1242,3.0,False
1582,1144,2.0,False
1582,1297,0.05,False
1583,786,60.0,True
1583,159,15.0,False
1583,578,15.0,False
1583,461,10.0,False
1583,404,8.0,False
1583,1232,6.0,False
1583,412,4.0,False
1583,1227,3.0,False
1583,1270,3.0,False
1583,660,2.0,False
1583,1297,0.1,False
1584,1404,60.0,True
1584,1419,60.0,True
1584,216,40.0,False
1584,534,20.0,False
1584,856,20.0,False
1584,575,16.0,False
1584,298,10.0,False
1584,1232,10.0,False
1584,676,10.0,False
1584,412,8.0,False
1584,642,5.0,False
1584,306,5.0,False
1584,1227,5.0,False
1584,309,1.0,False
1584,1266,0.3,False
1584,1297,0.2,False
1585,1218,400.0,True
1585,803,200.0,False
1585,1413,150.0,False
1585,334,150.0,False
1585,377,50.0,False
1585,1144,15.0,False
1585,1243,3.0,False
1586,782,200.0,True
1586,516,25.0,False
1586,864,25.0,False
1586,180,20.0,False
1586,392,20.0,False
1586,358,15.0,False
1586,354,15.0,False
1586,1347,15.0,False
1586,221,15.0,False
1586,1232,12.0,False
1586,1084,10.0,False
1586,1390,5.0,False
1586,575,5.0,False
1586,642,4.0,False
1586,1144,3.0,False
1586,1298,1.0,False
1586,1243,1.0,False
1587,1411,480.0,True
1587,446,200.0,False
1587,486,120.0,False
1587,422,100.0,False
1587,812,80.0,False
1587,547,80.0,False
1587,653,30.0,False
1587,1287,30.0,False
1587,603,25.0,False
1587,404,20.0,False
1587,221,15.0,False
1587,1232,12.0,False
1587,1238,10.0,False
1588,720,50.0,True
1588,856,30.0,False
1588,613,15.0,False
1588,1372,15.0,False
1588,531,10.0,False
1588,275,10.0,False
1588,589,7.0,False
1588,577,6.0,False
1588,51,5.0,False
1588,516,5.0,False
1588,1178,3.0,False
1588,309,2.0,False
1588,641,1.0,False
1588,572,1.0,False
1588,1390,1.0,False
1589,1354,100.0,True
1589,1060,25.0,False
1589,1053,15.0,False
1589,1037,15.0,False
1589,1246,15.0,False
1589,1297,15.0,False
1589,575,10.0,False
1589,412,10.0,False
1589,480,10.0,False
1589,578,5.0,False
1589,577,5.0,False
1589,579,5.0,False
1589,516,5.0,False
1589,392,5.0,False
1589,528,5.0,False
1589,1253,5.0,False
1589,1271,5.0,False
1589,233,5.0,False
1589,1236,5.0,False
1590,336,75.0,True
1590,820,18.0,False
1590,1232,5.0,False
1590,354,4.0,False
1590,51,4.0,False
1590,575,4.0,False
1590,412,1.0,False
1590,1144,1.0,False
1590,1297,1.0,False
1591,406,8.0,True
1591,1241,3.0,False
1591,1232,2.0,False
1591,354,1.0,False
1591,412,1.0,False
1591,1144,1.0,False
1591,573,1.0,False
1592,422,40.0,True
1592,816,20.0,False
1592,393,10.0,False
1592,1232,8.0,False
1592,575,5.0,False
1592,618,5.0,False
1592,412,1.0,False
1592,234,1.0,False
1593,593,70.0,True
1593,517,10.0,False
1593,1232,5.0,False
1593,573,5.0,False
1593,412,2.0,False
1593,1048,2.0,False
1593,1241,1.0,False
1593,1144,1.0,False
1594,511,70.0,True
1594,1232,5.0,False
1594,573,5.0,False
1594,412,2.0,False
1594,1241,1.0,False
1594,1144,1.0,False
1595,559,70.0,True
1595,435,20.0,False
1595,1010,10.0,False
1595,1232,5.0,False
1595,1241,5.0,False
1595,162,5.0,False
1595,575,5.0,False
1595,1145,3.0,False
1595,234,2.0,False
1595,1227,2.0,False
1595,412,1.0,False
1595,480,1.0,False
1595,1144,1.0,False
1595,1297,1.0,False
1596,352,30.0,True
1596,51,5.0,False
1596,575,5.0,False
1596,1266,2.0,False
1596,412,1.0,False
1597,585,55.0,True
1597,1246,22.0,False
1597,1239,5.0,False
1597,352,2.0,False
1597,227,2.0,False
1597,1077,2.0,False
1597,412,1.0,False
1597,315,1.0,False
1598,511,57.0,True
1598,1232,4.1,False
1598,573,4.1,False
1598,1144,4.0,False
1598,412,1.6,False
1599,591,200.0,True
1599,1385,80.0,False
1599,856,50.0,False
1599,1266,18.0,False
1599,1232,17.0,False
1599,614,6.0,False
1599,575,6.0,False
1599,412,6.0,False
1599,234,6.0,False
1599,1144,4.0,False
1599,1297,1.0,False
1600,530,150.0,True
1600,1385,50.0,False
1600,856,50.0,False
1600,1270,20.0,False
1600,1266,20.0,False
1600,234,16.0,False
1600,1232,9.0,False
1600,1145,8.0,False
1600,412,6.0,False
1600,1144,4.0,False
1600,614,3.0,False
1600,575,3.0,False
1600,1243,3.0,False
1600,355,1.0,False
1600,1297,1.0,False
1601,334,70.0,True
1601,459,30.0,False
1601,516,15.0,False
1601,392,10.0,False
1601,1232,6.0,False
1601,1270,3.0,False
1601,660,3.0,False
1601,412,2.0,False
1601,1243,0.5,False
1601,1241,0.5,False
1602,589,70.0,True
1602,766,30.0,False
1602,21,30.0,False
1602,516,15.0,False
1602,1379,15.0,False
1602,581,10.0,False
1602,580,10.0,False
1602,1239,7.0,False
1602,1232,4.0,False
1602,575,3.0,False
1602,1145,3.0,False
1602,234,3.0,False
1602,1253,3.0,False
1602,412,3.0,False
1602,227,3.0,False
1602,1241,1.0,False
1602,480,1.0,False
1602,1297,0.05,False
1603,591,50.0,True
1603,1077,10.0,False
1603,404,6.0,False
1603,1232,5.0,False
1603,660,5.0,False
1603,1270,5.0,False
1603,1253,4.0,False
1603,412,2.0,False
1603,1144,2.0,False
1603,358,2.0,False
1603,354,2.0,False
1603,1076,1.0,False
1603,1235,1.0,False
1603,1266,0.2,False
1604,422,70.0,True
1604,1385,20.0,False
1604,856,15.0,False
1604,392,10.0,False
1604,1232,6.0,False
1604,617,4.0,False
1604,412,4.0,False
1604,234,4.0,False
1604,575,4.0,False
1604,1144,3.0,False
1604,1145,2.0,False
1604,602,1.0,False
1604,1243,1.0,False
1604,355,0.1,False
1604,1266,0.1,False
1605,909,60.0,True
1605,375,50.0,False
1605,786,30.0,False
1605,352,5.0,False
1605,575,4.0,False
1605,292,3.0,False
1605,1246,2.0,False
1605,1076,1.0,False
1606,432,40.0,True
1606,558,30.0,False
1606,1419,30.0,False
1606,422,20.0,False
1606,392,15.0,False
1606,610,15.0,False
1606,1232,8.0,False
1606,292,5.0,False
1606,617,3.0,False
1606,1076,1.0,False
1606,313,1.0,False
1606,209,1.0,False
1607,509,70.0,True
1607,1419,50.0,False
1607,804,30.0,False
1607,1270,10.0,False
1607,1266,0.4,False
1607,1277,0.2,False
1607,1297,0.1,False
1608,516,70.0,True
1608,275,40.0,False
1608,1040,40.0,False
1608,1270,8.0,False
1608,1232,6.0,False
1608,1253,5.0,False
1608,575,5.0,False
1608,412,3.0,False
1608,1144,3.0,False
1608,234,3.0,False
1608,574,2.0,False
1608,354,2.0,False
1608,1243,0.5,False
1608,1266,0.3,False
1608,1297,0.05,False
1609,524,30.0,True
1609,1405,30.0,True
1609,530,20.0,False
1609,747,15.0,False
1609,459,10.0,False
1609,1270,7.0,False
1609,424,4.0,False
1609,660,4.0,False
1609,1232,3.0,False
1609,234,1.0,False
1609,1235,1.0,False
1609,1266,0.2,False
1610,524,40.0,True
1610,1419,35.0,False
1610,797,30.0,False
1610,163,22.0,False
1610,1232,3.0,False
1610,1270,2.0,False
1610,234,1.0,False
1610,1266,0.2,False
1610,1297,0.05,False
1611,575,50.0,True
1611,51,4.0,False
1611,1232,4.0,False
1611,412,3.0,False
1611,1144,2.0,False
1611,234,1.0,False
1611,1241,0.5,False
1611,1243,0.5,False
1612,446,70.0,True
1612,275,40.0,False
1612,1270,12.0,False
1612,1419,12.0,False
1612,574,8.0,False
1612,234,8.0,False
1612,1232,6.0,False
1612,354,4.0,False
1612,352,3.0,False
1612,412,3.0,False
1612,1144,3.0,False
1612,1242,2.0,False
1612,1132,2.0,False
1612,1243,0.5,False
1612,1266,0.1,False
1613,558,70.0,True
1613,817,60.0,False
1613,1419,60.0,False
1613,565,30.0,False
1613,581,15.0,False
1613,1232,12.0,False
1613,234,6.0,False
1613,412,5.0,False
1613,1297,0.1,False
1614,857,50.0,True
1614,517,7.0,False
1614,575,5.0,False
1614,1266,2.0,False
1615,275,50.0,True
1615,857,20.0,False
1615,393,5.0,False
1615,573,5.0,False
1615,1266,2.0,False
1615,1232,1.0,False
1615,1144,1.0,False
1616,800,60.0,True
1616,200,10.0,False
1616,517,10.0,False
1616,412,5.0,False
1616,575,5.0,False
1616,1266,2.0,False
1617,149,100.0,True
1618,857,46.9,True
1618,517,6.6,False
1618,575,4.7,False
1618,1266,1.9,False
1619,275,23.8,True
1619,857,9.5,False
1619,393,2.4,False
1619,573,2.4,False
1619,1266,1.0,False
1619,1232,0.4,False
1619,1144,0.4,False
1620,856,60.0,True
1620,340,40.0,False
1620,565,30.0,False
1620,1113,20.0,False
1620,516,10.0,False
1620,1145,2.0,False
1620,1266,1.0,False
1620,1297,0.05,False
1621,1077,100.0,True
1621,856,60.0,False
1621,1419,20.0,False
1621,259,15.0,False
1621,606,15.0,False
1621,574,4.0,False
1621,1049,4.0,False
1621,1266,1.0,False
1621,1297,0.05,False
1622,1040,40.0,True
1622,609,30.0,False
1622,858,15.0,False
1622,51,8.0,False
1622,209,5.0,False
1622,352,3.0,False
1622,354,3.0,False
1622,1232,2.0,False
1622,1242,2.0,False
1622,227,2.0,False
1622,1241,1.0,False
1622,1266,0.1,False
1622,1297,0.1,False
1623,275,150.0,True
1623,766,100.0,False
1623,615,50.0,False
1623,1092,50.0,False
1623,404,10.0,False
1623,572,10.0,False
1623,1390,10.0,False
1623,1144,5.0,False
1623,1243,5.0,False
1623,653,3.0,False
1623,233,2.0,False
1623,1271,2.0,False
1623,1232,0.5,False
1624,275,300.0,True
1624,856,60.0,False
1624,209,50.0,False
1624,534,30.0,False
1624,180,30.0,False
1624,1145,30.0,False
1624,1272,30.0,False
1624,293,30.0,False
1624,1334,15.0,False
1624,354,15.0,False
1624,1247,15.0,False
1624,1133,15.0,False
1624,1252,15.0,False
1624,358,10.0,False
1624,221,5.0,False
1624,1298,3.0,False
1624,1243,2.0,False
1625,275,80.0,True
1625,280,40.0,False
1625,266,30.0,False
1625,1037,20.0,False
1625,982,20.0,False
1625,577,20.0,False
1625,1381,20.0,False
1625,225,15.0,False
1625,313,5.0,False
1626,275,120.0,True
1626,766,50.0,False
1626,1111,15.0,False
1626,467,10.0,False
1626,489,10.0,False
1626,313,3.0,False
1626,412,2.0,False
1626,1144,1.5,False
1626,1381,1.0,False
1626,233,1.0,False
1626,1271,0.5,False
1626,1266,0.2,False
1627,870,70.0,True
1627,1145,15.0,False
1627,1266,2.0,False
1628,871,70.0,True
1628,1266,3.0,False
1628,1145,3.0,False
1629,873,70.0,True
1629,1145,15.0,False
1629,1266,2.0,False
1630,877,70.0,True
1630,1145,15.0,False
1630,1266,2.0,False
1631,879,70.0,True
1631,1145,2.0,False
1632,971,70.0,True
1632,1145,15.0,False
1633,881,70.0,True
1633,1145,15.0,False
1633,1266,2.0,False
1634,1027,100.0,True
1634,1240,15.0,False
1634,517,7.0,False
1634,1232,5.0,False
1634,1145,5.0,False
1634,227,4.0,False
1634,234,3.0,False
1634,1253,2.0,False
1634,1144,2.0,False
1634,575,2.0,False
1634,1241,1.0,False
1634,412,1.0,False
1634,315,1.0,False
1635,884,70.0,True
1635,1145,15.0,False
1635,1266,2.0,False
1636,915,20.0,True
1636,1145,5.0,False
1636,1266,1.0,False
1637,885,70.0,True
1637,1145,15.0,False
1637,1266,2.0,False
1638,886,70.0,True
1638,1145,15.0,False
1638,1266,2.0,False
1639,913,70.0,True
1639,1145,15.0,False
1639,1266,2.0,False
1640,920,18.0,True
1640,1239,15.0,False
1640,1145,10.0,False
1640,1232,5.0,False
1640,1241,5.0,False
1640,412,5.0,False
1640,1144,5.0,False
1640,575,5.0,False
1640,227,4.0,False
1640,315,2.0,False
1641,924,70.0,True
1641,1145,15.0,False
1641,1266,2.0,False
1642,926,70.0,True
1642,1145,15.0,False
1642,1266,2.0,False
1643,928,70.0,True
1643,1145,15.0,False
1643,1266,2.0,False
1644,1145,10.0,True
1644,931,8.0,False
1644,1239,5.0,False
1644,227,5.0,False
1644,1232,3.0,False
1644,1144,2.0,False
1644,1241,1.0,False
1644,1243,1.0,False
1644,412,1.0,False
1644,573,1.0,False
1645,932,70.0,True
1645,1145,15.0,False
1645,1266,2.0,False
1646,933,70.0,True
1646,1145,15.0,False
1646,1266,2.0,False
1647,935,70.0,True
1647,1145,15.0,False
1647,1266,2.0,False
1648,936,70.0,True
1648,1145,15.0,False
1648,1266,2.0,False
1649,914,25.0,True
1649,1240,5.0,False
1649,1145,5.0,False
1649,1232,3.0,False
1649,412,2.0,False
1649,1241,1.0,False
1649,1243,1.0,False
1649,1144,1.0,False
1649,573,1.0,False
1650,940,70.0,True
1650,1145,15.0,False
1650,1266,2.0,False
1651,941,70.0,True
1651,1145,15.0,False
1651,1266,2.0,False
1652,946,70.0,True
1652,1145,15.0,False
1652,1266,2.0,False
1653,948,70.0,True
1653,1145,15.0,False
1653,1266,2.0,False
1654,953,70.0,True
1654,1145,2.0,False
1655,1056,18.0,True
1655,1137,10.0,False
1655,1266,2.0,False
1656,901,70.0,True
1656,1145,15.0,False
1656,1266,5.0,False
1657,955,70.0,True
1657,1145,15.0,False
1657,1266,2.0,False
1658,962,70.0,True
1658,1145,15.0,False
1658,1239,10.0,False
1658,1232,5.0,False
1658,227,5.0,False
1658,573,3.0,False
1658,412,2.0,False
1658,1144,2.0,False
1658,1241,1.0,False
1658,1243,1.0,False
1659,958,70.0,True
1659,1145,15.0,False
1659,1266,2.0,False
1660,966,70.0,True
1660,1145,15.0,False
1660,1266,2.0,False
1661,970,70.0,True
1661,1145,15.0,False
1661,1266,2.0,False
1662,974,18.0,True
1663,903,70.0,True
1663,1145,15.0,False
1663,1266,2.0,False
1664,888,70.0,True
1664,1145,15.0,False
1664,1266,2.0,False
1665,975,70.0,True
1665,1145,15.0,False
1665,1266,2.0,False
1666,978,70.0,True
1666,1145,15.0,False
1666,1266,2.0,False
1667,877,300.0,True
1667,1145,15.0,False
1667,1266,1.0,False
1668,1027,1000.0,True
1668,860,50.0,False
1668,1232,30.0,False
1668,575,15.0,False
1668,412,12.0,False
1668,315,7.0,False
1668,1266,6.0,False
1668,1144,2.0,False
1669,914,60.0,True
1669,1145,14.0,False
1669,1241,1.0,False
1670,962,120.0,True
1670,1239,19.0,False
1670,227,8.0,False
1670,1227,4.0,False
1670,412,4.0,False
1670,1234,4.0,False
1670,480,3.0,False
1670,1144,1.0,False
1671,953,30.0,True
1671,1145,1.0,False
1672,953,34.3,True
1672,516,13.9,False
1672,1145,5.0,False
1673,970,48.3,True
1673,1145,6.0,False
1673,1266,1.4,False
1674,1053,200.0,True
1674,1239,25.0,False
1674,575,18.0,False
1674,1232,17.0,False
1674,412,12.0,False
1674,234,12.0,False
1674,1144,7.0,False
1674,480,3.0,False
1674,1243,3.0,False
1674,1297,1.0,False
1675,565,70.0,True
1675,1040,40.0,False
1675,1120,20.0,False
1675,100,20.0,False
1675,723,8.0,False
1675,1270,4.0,False
1675,1227,3.0,False
1675,1142,3.0,False
1675,439,1.0,False
1675,1297,0.1,False
1676,766,150.0,True
1676,1040,100.0,False
1676,1001,100.0,False
1676,589,100.0,False
1676,516,100.0,False
1676,1256,100.0,False
1676,565,80.0,False
1676,575,50.0,False
1676,578,50.0,False
1676,577,50.0,False
1676,1230,30.0,False
1676,1142,30.0,False
1676,233,30.0,False
1676,1398,30.0,False
1676,1390,15.0,False
1676,1297,3.0,False
1676,1298,2.0,False
1677,1053,300.0,True
1677,516,50.0,False
1677,568,50.0,False
1677,577,40.0,False
1677,358,15.0,False
1677,354,15.0,False
1677,1390,15.0,False
1677,1241,15.0,False
1677,1239,15.0,False
1677,233,15.0,False
1677,221,15.0,False
1677,1144,15.0,False
1677,1364,15.0,False
1677,1298,1.0,False
1678,950,200.0,True
1678,334,40.0,False
1678,1178,30.0,False
1678,563,20.0,False
1678,1403,20.0,False
1678,412,10.0,False
1678,1142,5.0,False
1678,653,5.0,False
1678,1294,1.0,False
1679,880,200.0,True
1679,719,200.0,True
1679,577,100.0,False
1679,516,40.0,False
1679,415,30.0,False
1679,51,30.0,False
1679,653,15.0,False
1679,424,8.0,False
1679,1381,8.0,False
1679,404,3.0,False
1679,233,0.3,False
1679,1266,0.3,False
1680,950,150.0,True
1680,780,150.0,True
1680,1346,50.0,False
1680,2,20.0,False
1680,13,20.0,False
1680,461,15.0,False
1680,1386,15.0,False
1680,330,10.0,False
1680,1417,10.0,False
1680,1156,5.0,False
1680,1247,5.0,False
1680,1398,5.0,False
1680,1076,3.0,False
1680,1298,1.0,False
1681,961,250.0,True
1681,516,70.0,False
1681,480,20.0,False
1681,1347,15.0,False
1681,1422,15.0,False
1681,660,15.0,False
1681,1243,5.0,False
1682,919,150.0,True
1682,412,10.0,False
1682,1253,10.0,False
1682,1232,10.0,False
1683,939,200.0,True
1683,575,100.0,False
1683,480,50.0,False
1683,1347,25.0,False
1683,1232,12.0,False
1683,1398,10.0,False
1683,1243,1.0,False
1683,1183,1.0,False
1684,939,120.0,True
1684,553,30.0,False
1684,354,20.0,False
1684,1247,15.0,False
1684,1227,15.0,False
1684,1178,15.0,False
1684,358,15.0,False
1684,209,10.0,False
1684,1390,5.0,False
1685,961,250.0,True
1685,1113,100.0,False
1685,534,60.0,False
1685,395,60.0,False
1685,1256,30.0,False
1685,469,25.0,False
1685,377,25.0,False
1685,480,20.0,False
1685,1347,15.0,False
1685,221,15.0,False
1685,1232,6.0,False
1686,843,60.0,True
1686,517,20.0,False
1686,1227,5.0,False
1686,573,5.0,False
1686,1241,1.0,False
1686,1266,1.0,False
1686,1145,1.0,False
1687,778,60.0,True
1687,517,20.0,False
1687,1227,5.0,False
1687,573,5.0,False
1687,1241,1.0,False
1687,1266,1.0,False
1687,1145,1.0,False
1688,784,120.0,True
1688,517,25.0,False
1688,1232,15.0,False
1688,1239,11.0,False
1688,412,10.0,False
1688,575,7.0,False
1688,234,6.0,False
1688,1144,3.0,False
1688,480,2.0,False
1688,1241,1.0,False
1688,1297,1.0,False
1689,788,180.0,True
1689,1232,30.0,False
1689,517,27.0,False
1689,1239,21.0,False
1689,575,5.0,False
1689,234,4.0,False
1689,412,3.0,False
1689,1144,2.0,False
1689,1297,1.0,False
1690,788,60.0,True
1690,517,20.0,False
1690,1239,5.0,False
1690,1227,3.0,False
1690,574,3.0,False
1690,1232,2.0,False
1690,1241,2.0,False
1690,480,1.0,False
1690,1266,1.0,False
1690,1145,1.0,False
1690,1297,1.0,False
1691,788,60.0,True
1691,517,20.0,False
1691,480,10.0,False
1691,1239,5.0,False
1691,1227,3.0,False
1691,574,3.0,False
1691,1232,2.0,False
1691,1241,2.0,False
1691,1266,1.0,False
1691,1145,1.0,False
1691,1297,1.0,False
1692,818,60.0,True
1692,1266,1.0,False
1693,813,60.0,True
1693,517,20.0,False
1693,352,5.0,False
1693,1239,5.0,False
1693,573,5.0,False
1693,234,4.0,False
1693,412,3.0,False
1693,480,3.0,False
1693,1227,3.0,False
1693,1232,2.0,False
1693,1241,2.0,False
1693,1144,2.0,False
1693,1297,1.0,False
1694,796,60.0,True
1694,1266,2.0,False
1695,816,60.0,True
1695,517,20.0,False
1695,1232,10.0,False
1695,675,10.0,False
1695,234,5.0,False
1695,412,3.0,False
1695,1144,3.0,False
1695,574,3.0,False
1696,818,30.0,True
1696,393,30.0,True
1696,21,30.0,True
1696,575,30.0,True
1696,1021,20.0,False
1696,860,10.0,False
1696,51,5.0,False
1696,1145,5.0,False
1696,1266,1.0,False
1697,818,30.0,True
1697,393,30.0,True
1697,21,30.0,True
1697,575,30.0,True
1697,1065,20.0,False
1697,860,10.0,False
1697,51,5.0,False
1697,1145,5.0,False
1697,1266,1.0,False
1698,805,60.0,True
1698,1266,1.0,False
1698,1145,1.0,False
1699,832,60.0,True
1699,1266,1.0,False
1700,851,60.0,True
1700,1145,5.0,False
1700,1266,1.0,False
1700,1297,1.0,False
1701,822,60.0,True
1701,1266,1.0,False
1702,853,60.0,True
1702,1266,1.0,False
1702,1297,1.0,False
1703,764,60.0,True
1703,1145,5.0,False
1703,1266,1.0,False
1703,1297,1.0,False
1704,810,40.0,True
1704,1145,5.0,False
1705,788,60.0,True
1705,182,40.0,False
1705,860,25.0,False
1705,393,20.0,False
1705,490,20.0,False
1705,510,20.0,False
1705,153,20.0,False
1705,1292,15.0,False
1705,50,15.0,False
1705,51,10.0,False
1705,209,10.0,False
1705,1266,1.0,False
1705,1145,1.0,False
1705,1297,1.0,False
1706,788,35.0,True
1706,182,30.0,False
1706,860,16.0,False
1706,393,12.8,False
1706,490,12.8,False
1706,510,12.8,False
1706,153,12.8,False
1706,1292,9.6,False
1706,50,9.6,False
1706,51,6.4,False
1706,209,6.4,False
1706,1147,4.0,False
1706,1266,0.6,False
1706,1145,0.6,False
1706,1297,0.6,False
1707,801,200.0,True
1707,1232,25.0,False
1707,412,12.0,False
1707,1144,12.0,False
1707,575,9.0,False
1707,1243,6.0,False
1707,480,5.0,False
1707,234,4.0,False
1707,310,3.0,False
1707,1266,3.0,False
1707,1297,1.0,False
1708,817,60.0,True
1708,404,16.0,False
1708,575,5.0,False
1708,1232,5.0,False
1708,1144,4.0,False
1708,233,3.0,False
1708,412,3.0,False
1708,660,2.0,False
1708,1145,2.0,False
1708,1243,0.5,False
1708,480,0.4,False
1708,1297,0.1,False
1709,356,30.0,True
1709,817,30.0,True
1709,1419,20.0,False
1709,1120,15.0,False
1709,1242,3.0,False
1709,573,3.0,False
1709,412,3.0,False
1709,1227,2.0,False
1709,1144,2.0,False
1709,575,2.0,False
1709,1232,2.0,False
1709,1243,0.5,False
1709,1297,0.05,False
1710,817,50.0,True
1710,259,15.0,False
1710,1419,15.0,False
1710,856,15.0,False
1710,516,10.0,False
1710,50,4.0,False
1710,1145,3.0,False
1710,412,3.0,False
1710,1137,3.0,False
1710,646,3.0,False
1710,1293,3.0,False
1710,1232,2.0,False
1710,1266,0.4,False
1710,1297,0.1,False
1711,771,40.0,True
1711,980,40.0,True
1711,298,15.0,False
1711,575,4.0,False
1711,412,3.0,False
1711,1227,3.0,False
1711,329,3.0,False
1711,1144,2.0,False
1711,309,2.0,False
1711,234,1.0,False
1711,1232,1.0,False
1711,1243,0.5,False
1711,1266,0.1,False
1711,1297,0.1,False
1712,1419,130.0,True
1712,1373,90.0,False
1712,575,27.0,False
1712,412,12.0,False
1712,1232,10.0,False
1712,676,10.0,False
1712,1227,5.0,False
1712,480,4.0,False
1712,234,4.0,False
1712,358,3.0,False
1712,354,2.0,False
1712,355,1.0,False
1712,309,1.0,False
1712,1297,0.2,False
1713,180,70.0,True
1713,785,60.0,False
1713,1230,52.0,False
1713,1255,20.0,False
1713,516,15.0,False
1713,392,10.0,False
1713,484,10.0,False
1713,1293,10.0,False
1713,225,6.0,False
1713,1142,5.0,False
1713,1137,4.0,False
1713,1235,3.0,False
1713,1266,0.4,False
1713,1275,0.2,False
1714,817,40.0,True
1714,616,15.0,False
1714,1232,3.0,False
1714,575,3.0,False
1714,1144,2.0,False
1714,234,2.0,False
1714,1145,2.0,False
1714,1243,0.5,False
1715,817,40.0,True
1715,478,20.0,False
1715,516,12.0,False
1715,1232,3.0,False
1715,227,3.0,False
1715,1145,2.0,False
1715,1235,1.0,False
1715,1266,0.1,False
1715,1297,0.05,False
1716,1113,50.0,True
1716,180,40.0,False
1716,609,30.0,False
1716,334,30.0,False
1716,563,30.0,False
1716,1292,20.0,False
1716,594,15.0,False
1716,1120,15.0,False
1716,412,5.0,False
1716,1137,3.0,False
1716,1124,3.0,False
1716,1142,3.0,False
1716,51,2.0,False
1716,1266,1.1,False
1716,1297,0.1,False
1717,1354,60.0,True
1717,575,13.0,False
1717,480,7.0,False
1717,1253,5.0,False
1717,1239,5.0,False
1717,227,4.0,False
1717,234,3.0,False
1717,1145,2.0,False
1717,412,2.0,False
1717,1232,2.0,False
1717,1144,2.0,False
1717,1241,1.5,False
1717,1243,0.5,False
1717,1297,0.15,False
1717,1266,0.1,False
1718,1419,110.0,True
1718,1360,80.0,False
1718,575,18.0,False
1718,1232,12.0,False
1718,412,11.0,False
1718,676,10.0,False
1718,234,5.0,False
1718,1227,5.0,False
1718,358,4.0,False
1718,354,4.0,False
1718,480,3.0,False
1718,309,2.0,False
1718,1297,0.1,False
1719,850,60.0,True
1719,375,30.0,False
1719,516,20.0,False
1719,404,15.0,False
1719,575,6.0,False
1719,1244,4.0,False
1719,227,3.0,False
1719,1145,3.0,False
1719,1245,2.0,False
1719,1243,0.5,False
1720,852,60.0,True
1720,575,6.0,False
1720,1145,4.0,False
1720,1232,3.0,False
1720,234,2.0,False
1720,1144,2.0,False
1720,1243,0.5,False
1720,1297,0.1,False
1721,817,50.0,True
1721,309,8.0,False
1721,50,4.0,False
1721,1145,3.0,False
1721,412,3.0,False
1721,1232,2.0,False
1721,225,2.0,False
1721,1266,0.1,False
1721,1297,0.1,False
1722,1351,60.0,True
1722,640,30.0,False
1722,509,30.0,False
1722,392,10.0,False
1722,1293,10.0,False
1722,1232,5.0,False
1722,412,3.0,False
1722,1142,3.0,False
1722,235,2.0,False
1722,1270,1.5,False
1722,1144,1.0,False
1722,234,1.0,False
1722,1266,0.1,False
1723,401,50.0,True
1723,838,40.0,False
1723,1232,6.0,False
1723,1145,3.0,False
1723,234,3.0,False
1723,1266,2.0,False
1723,575,1.5,False
1723,1144,1.0,False
1724,38,180.0,True
1724,1385,40.0,False
1724,486,30.0,False
1724,563,30.0,False
1724,786,20.0,False
1724,265,20.0,False
1724,1255,20.0,False
1724,516,18.0,False
1724,616,18.0,False
1724,856,15.0,False
1724,1230,15.0,False
1724,1145,14.0,False
1724,574,6.0,False
1724,1232,3.6,False
1724,360,2.0,False
1724,1266,0.7,False
1724,1297,0.1,False
1725,794,90.0,True
1725,352,8.0,False
1725,412,5.0,False
1725,1227,4.0,False
1725,1124,3.0,False
1725,360,2.0,False
1725,234,2.0,False
1725,1232,2.0,False
1725,1142,2.0,False
1725,1266,0.3,False
1725,1297,0.2,False
1725,1277,0.2,False
1726,1351,110.0,True
1726,1339,25.0,False
1726,552,5.0,False
1726,554,5.0,False
1726,354,5.0,False
1726,360,5.0,False
1726,575,5.0,False
1726,1271,5.0,False
1726,1232,5.0,False
1726,210,5.0,False
1726,424,3.0,False
1726,652,2.0,False
1726,233,1.5,False
1726,412,1.0,False
1726,480,1.0,False
1727,782,400.0,True
1727,516,60.0,False
1727,565,45.0,False
1727,1142,30.0,False
1727,1252,30.0,False
1727,1230,15.0,False
1727,1272,15.0,False
1727,652,10.0,False
1727,1235,10.0,False
1727,233,5.0,False
1727,1390,5.0,False
1727,1297,1.0,False
1727,1250,1.0,False
1727,1298,1.0,False
1728,830,40.0,True
1728,516,15.0,False
1728,1402,10.0,False
1728,797,6.0,False
1728,412,5.0,False
1728,162,5.0,False
1728,1232,3.0,False
1728,314,3.0,False
1728,480,2.0,False
1728,1144,2.0,False
1729,823,150.0,True
1729,793,150.0,True
1729,571,30.0,False
1729,1256,30.0,False
1729,392,25.0,False
1729,516,25.0,False
1729,609,20.0,False
1729,1144,15.0,False
1729,233,15.0,False
1729,484,10.0,False
1729,575,10.0,False
1729,1390,10.0,False
1729,1243,5.0,False
1729,1264,1.0,False
1729,1298,1.0,False
1730,826,200.0,True
1730,1230,200.0,True
1730,180,70.0,False
1730,655,50.0,False
1730,392,30.0,False
1730,646,30.0,False
1730,489,25.0,False
1730,516,15.0,False
1730,233,10.0,False
1730,1398,5.0,False
1730,653,5.0,False
1730,1298,2.0,False
1730,1266,0.5,False
1731,789,120.0,True
1731,1403,50.0,False
1731,565,40.0,False
1731,747,30.0,False
1731,675,30.0,False
1731,461,20.0,False
1731,653,5.0,False
1731,225,5.0,False
1732,1359,160.0,True
1732,655,150.0,False
1732,501,60.0,False
1732,180,60.0,False
1732,330,40.0,False
1732,692,30.0,False
1732,392,25.0,False
1732,1390,15.0,False
1732,1398,15.0,False
1732,1230,15.0,False
1732,221,15.0,False
1732,1298,1.0,False
1732,1266,1.0,False
1733,769,100.0,True
1733,565,100.0,True
1733,180,80.0,False
1733,516,50.0,False
1733,461,30.0,False
1733,412,15.0,False
1733,1398,15.0,False
1733,235,5.0,False
1733,1241,5.0,False
1733,1230,3.0,False
1733,1298,1.0,False
1733,583,1.0,False
1734,1354,200.0,True
1734,565,100.0,False
1734,356,25.0,False
1734,575,20.0,False
1734,1145,15.0,False
1734,412,10.0,False
1734,1297,2.0,False
1734,1298,1.0,False
1734,1250,1.0,False
1735,1368,200.0,True
1735,568,100.0,False
1735,516,50.0,False
1735,484,40.0,False
1735,392,30.0,False
1735,1386,25.0,False
1735,652,25.0,False
1735,1398,20.0,False
1735,1294,2.0,False
1735,1298,1.0,False
1735,1264,1.0,False
1736,780,400.0,True
1736,1354,250.0,False
1736,446,35.0,False
1736,392,35.0,False
1736,225,30.0,False
1736,1144,30.0,False
1736,1272,30.0,False
1736,1390,25.0,False
1736,1335,20.0,False
1736,1246,15.0,False
1736,1227,15.0,False
1736,1243,10.0,False
1736,1232,6.0,False
1736,575,5.0,False
1737,1354,200.0,True
1737,516,135.0,False
1737,180,100.0,False
1737,603,30.0,False
1737,1113,30.0,False
1737,1108,30.0,False
1737,1364,25.0,False
1737,392,20.0,False
1737,233,16.0,False
1737,1142,15.0,False
1737,1376,15.0,False
1737,1374,15.0,False
1737,1272,15.0,False
1737,1246,15.0,False
1737,1390,15.0,False
1737,1398,10.0,False
1737,1250,3.0,False
1738,202,80.0,True
1738,275,80.0,True
1738,823,40.0,False
1738,577,30.0,False
1738,162,30.0,False
1738,1419,30.0,False
1738,50,20.0,False
1738,1178,20.0,False
1738,461,15.0,False
1738,516,15.0,False
1738,565,15.0,False
1738,609,10.0,False
1738,334,10.0,False
1738,501,10.0,False
1738,1142,10.0,False
1738,856,10.0,False
1738,1253,7.5,False
1738,1381,5.0,False
1738,392,5.0,False
1738,484,5.0,False
1738,1232,5.0,False
1738,575,3.0,False
1738,412,2.0,False
1738,1298,2.0,False
1739,38,200.0,True
1739,563,80.0,False
1739,823,50.0,False
1739,793,50.0,False
1739,516,30.0,False
1739,610,20.0,False
1739,434,20.0,False
1739,209,15.0,False
1739,574,15.0,False
1739,358,15.0,False
1739,354,15.0,False
1739,1232,12.0,False
1739,1298,1.0,False
1740,780,200.0,True
1740,720,200.0,True
1740,766,150.0,False
1740,461,100.0,False
1740,565,100.0,False
1740,516,60.0,False
1740,489,30.0,False
1740,385,30.0,False
1740,606,30.0,False
1740,225,30.0,False
1740,1398,20.0,False
1740,1142,15.0,False
1740,653,15.0,False
1740,1390,5.0,False
1740,1298,2.0,False
1741,766,280.0,True
1741,1419,200.0,False
1741,422,150.0,False
1741,547,60.0,False
1741,434,50.0,False
1741,13,50.0,False
1741,1241,15.0,False
1741,1246,15.0,False
1741,660,15.0,False
1741,1390,10.0,False
1741,1133,10.0,False
1741,516,10.0,False
1741,1232,6.0,False
1741,313,5.0,False
1742,516,25.0,True
1742,889,20.0,False
1742,275,20.0,False
1742,581,20.0,False
1742,563,15.0,False
1742,1293,15.0,False
1742,392,10.0,False
1742,51,7.0,False
1742,612,1.0,False
1742,1298,0.5,False
1743,182,130.0,True
1743,1137,5.0,False
1743,1266,2.0,False
1744,1074,2.0,True
1744,1266,1.0,False
1744,1145,1.0,False
1745,395,50.0,True
1745,1239,5.0,False
1745,1232,4.0,False
1745,234,3.0,False
1745,573,3.0,False
1745,1145,2.0,False
1745,1243,1.0,False
1745,412,1.0,False
1745,1144,1.0,False
1746,397,75.0,True
1746,1239,19.0,False
1746,1145,5.0,False
1746,575,4.0,False
1746,1144,3.0,False
1746,412,2.0,False
1746,234,2.0,False
1746,1266,2.0,False
1747,275,75.0,True
1747,1232,10.0,False
1747,575,7.0,False
1747,1239,5.0,False
1747,412,3.0,False
1747,234,3.0,False
1747,573,3.0,False
1747,315,2.0,False
1747,1145,2.0,False
1747,1243,1.0,False
1747,1144,1.0,False
1748,21,100.0,True
1748,1239,5.0,False
1748,227,5.0,False
1748,1145,4.0,False
1748,1232,2.0,False
1748,1144,2.0,False
1748,573,2.0,False
1749,151,50.0,True
1750,151,50.0,True
1750,1137,5.0,False
1750,1266,1.0,False
1751,334,70.0,True
1751,1381,20.0,False
1751,1246,6.0,False
1751,1253,5.0,False
1751,1145,3.0,False
1751,412,3.0,False
1751,1144,2.0,False
1751,1243,0.5,False
1752,856,60.0,True
1752,345,50.0,False
1752,565,30.0,False
1752,1113,20.0,False
1752,516,15.0,False
1752,1120,10.0,False
1752,392,10.0,False
1752,1346,6.0,False
1752,1124,3.0,False
1752,412,3.0,False
1752,1266,0.8,False
1752,1294,0.05,False
1753,619,50.0,True
1753,275,40.0,False
1753,1419,12.0,False
1753,1232,7.0,False
1753,234,7.0,False
1753,209,6.0,False
1753,653,3.0,False
1753,1270,3.0,False
1753,1145,3.0,False
1753,1144,2.0,False
1754,856,60.0,True
1754,489,30.0,False
1754,565,30.0,False
1754,516,20.0,False
1754,606,20.0,False
1754,804,20.0,False
1754,1379,10.0,False
1754,1346,8.0,False
1754,1124,3.0,False
1754,1142,3.0,False
1754,1137,2.0,False
1754,1266,0.5,False
1754,1297,0.05,False
1755,446,40.0,True
1755,798,30.0,False
1755,1379,20.0,False
1755,616,15.0,False
1755,516,10.0,False
1755,1292,6.0,False
1755,412,3.0,False
1755,1145,3.0,False
1755,1266,1.5,False
1755,1253,1.0,False
1755,1144,1.0,False
1755,1297,0.1,False
1756,591,50.0,True
1756,786,30.0,False
1756,1292,25.0,False
1756,1379,20.0,False
1756,516,15.0,False
1756,1227,3.0,False
1756,1266,0.6,False
1756,1294,0.05,False
1756,1297,0.05,False
1757,180,140.0,True
1757,1120,20.0,False
1757,581,10.0,False
1757,579,10.0,False
1757,516,10.0,False
1757,578,10.0,False
1757,1145,2.0,False
1757,1266,1.2,False
1758,1402,750.0,True
1758,1397,200.0,False
1758,762,150.0,False
1758,565,60.0,False
1758,1347,50.0,False
1759,275,150.0,True
1759,516,65.0,False
1759,1252,30.0,False
1759,811,25.0,False
1759,528,25.0,False
1759,392,20.0,False
1759,1142,15.0,False
1759,1232,6.0,False
1759,1390,5.0,False
1759,1250,1.0,False
1759,1266,1.0,False
1759,1298,0.5,False
1760,606,100.0,True
1760,793,100.0,True
1760,856,60.0,False
1760,360,30.0,False
1760,1236,30.0,False
1760,653,15.0,False
1760,1390,5.0,False
1760,51,5.0,False
1760,1298,2.0,False
1760,1250,1.0,False
1761,568,200.0,True
1761,591,200.0,True
1761,334,180.0,False
1761,581,100.0,False
1761,578,100.0,False
1761,516,100.0,False
1761,1124,10.0,False
1761,439,1.0,False
1762,856,240.0,True
1762,565,100.0,False
1762,1342,50.0,False
1762,489,50.0,False
1762,1346,20.0,False
1762,1142,15.0,False
1762,1298,1.0,False
1763,823,240.0,True
1763,1403,80.0,False
1763,180,60.0,False
1763,489,50.0,False
1763,516,50.0,False
1763,653,25.0,False
1763,412,15.0,False
1763,1422,15.0,False
1763,1398,15.0,False
1763,439,2.0,False
1763,1294,1.0,False
1764,1354,200.0,True
1764,1413,100.0,False
1764,720,100.0,False
1764,575,40.0,False
1764,1374,40.0,False
1764,1376,40.0,False
1764,581,40.0,False
1764,606,40.0,False
1764,1145,15.0,False
1764,653,15.0,False
1764,221,15.0,False
1764,1232,10.0,False
1764,1390,10.0,False
1764,355,3.0,False
1764,1297,1.0,False
1764,1250,1.0,False
1764,1298,1.0,False
1765,1419,300.0,True
1765,1230,120.0,False
1765,793,80.0,False
1765,516,55.0,False
1765,652,50.0,False
1765,375,40.0,False
1765,334,30.0,False
1765,581,15.0,False
1765,580,15.0,False
1765,221,15.0,False
1765,412,13.0,False
1765,480,7.0,False
1765,1142,5.0,False
1765,1277,2.0,False
1765,1298,2.0,False
1765,1278,1.0,False
1766,275,200.0,True
1766,1413,130.0,False
1766,1077,80.0,False
1766,516,60.0,False
1766,162,50.0,False
1766,575,20.0,False
1766,606,20.0,False
1766,412,15.0,False
1766,1282,15.0,False
1766,1178,10.0,False
1766,209,5.0,False
1767,275,100.0,True
1767,516,90.0,False
1767,1413,50.0,False
1767,589,50.0,False
1767,1230,25.0,False
1767,823,20.0,False
1767,563,20.0,False
1767,1142,20.0,False
1767,1256,15.0,False
1767,613,10.0,False
1767,609,10.0,False
1767,51,10.0,False
1767,501,10.0,False
1767,1398,5.0,False
1767,412,3.0,False
1767,1072,2.0,False
1767,1266,2.0,False
1767,1298,0.3,False
1768,275,100.0,True
1768,596,10.0,False
1768,1392,5.0,False
1768,1142,5.0,False
1768,221,5.0,False
1768,1232,5.0,False
1768,574,1.0,False
1769,1021,80.0,True
1769,51,15.0,False
1769,860,10.0,False
1769,1145,5.0,False
1769,575,2.0,False
1769,1266,1.0,False
1770,574,20.0,True
1770,1021,20.0,True
1770,860,20.0,True
1770,597,10.0,False
1770,51,10.0,False
1770,1145,10.0,False
1770,1266,2.0,False
1771,877,80.0,True
1771,860,20.0,False
1771,51,5.0,False
1771,1266,2.0,False
1771,1145,1.0,False
1772,983,80.0,True
1772,51,15.0,False
1772,860,10.0,False
1772,1145,5.0,False
1772,575,2.0,False
1772,1266,1.0,False
1773,895,70.0,True
1773,860,12.0,False
1773,51,5.0,False
1773,1145,5.0,False
1773,412,2.0,False
1773,1266,1.0,False
1773,1297,1.0,False
1774,913,70.0,True
1774,860,12.0,False
1774,51,5.0,False
1774,1145,5.0,False
1774,412,2.0,False
1774,1266,1.0,False
1774,1297,1.0,False
1775,932,80.0,True
1775,860,20.0,False
1775,51,5.0,False
1775,1266,2.0,False
1775,1145,2.0,False
1776,1040,80.0,True
1776,51,15.0,False
1776,860,10.0,False
1776,1145,5.0,False
1776,575,2.0,False
1776,1266,1.0,False
1777,1065,50.0,True
1777,860,20.0,False
1777,51,15.0,False
1777,1145,5.0,False
1777,1266,1.0,False
1777,1297,1.0,False
1778,1055,100.0,True
1778,860,30.0,False
1778,153,20.0,False
1778,582,20.0,False
1778,49,10.0,False
1778,1266,2.0,False
1778,1297,1.0,False
1779,889,20.0,True
1779,860,12.0,False
1779,51,5.0,False
1779,1145,5.0,False
1779,1266,1.0,False
1779,1297,1.0,False
1780,1056,40.0,True
1780,575,20.0,False
1780,860,15.0,False
1780,51,10.0,False
1780,460,10.0,False
1780,1040,10.0,False
1780,517,10.0,False
1780,1010,10.0,False
1780,1013,10.0,False
1780,352,5.0,False
1780,1145,5.0,False
1780,1266,1.0,False
1781,1013,80.0,True
1781,860,20.0,False
1781,51,15.0,False
1781,575,10.0,False
1781,1145,5.0,False
1781,1266,1.0,False
1782,995,40.0,True
1782,361,30.0,False
1782,1419,30.0,False
1782,856,20.0,False
1782,516,12.0,False
1782,183,12.0,False
1782,1145,12.0,False
1782,1232,8.0,False
1782,1270,6.0,False
1782,354,3.0,False
1782,358,2.0,False
1782,313,1.0,False
1783,1040,50.0,True
1783,856,30.0,False
1783,404,10.0,False
1783,575,5.0,False
1783,49,4.0,False
1783,1145,3.0,False
1783,1297,0.05,False
1784,856,60.0,True
1784,421,20.0,False
1784,1342,15.0,False
1784,1145,4.0,False
1784,1253,3.0,False
1784,1266,0.1,False
1785,788,60.0,True
1785,860,20.0,False
1785,51,5.0,False
1785,1145,5.0,False
1785,1266,1.0,False
1785,1297,1.0,False
1786,840,60.0,True
1786,860,20.0,False
1786,51,5.0,False
1786,1145,5.0,False
1786,1266,1.0,False
1786,1297,1.0,False
1787,845,60.0,True
1787,860,20.0,False
1787,51,5.0,False
1787,1145,5.0,False
1787,1266,2.0,False
1787,1297,1.0,False
1788,818,60.0,True
1788,860,20.0,False
1788,51,5.0,False
1788,1145,5.0,False
1788,1266,1.0,False
1788,1297,1.0,False
1789,805,60.0,True
1789,860,25.0,False
1789,1145,8.0,False
1789,1266,1.0,False
1790,788,40.0,True
1790,275,30.0,False
1790,517,20.0,False
1790,51,10.0,False
1790,393,5.0,False
1790,1145,5.0,False
1790,412,1.0,False
1790,1266,1.0,False
1790,1297,1.0,False
1791,818,40.0,True
1791,275,30.0,False
1791,517,20.0,False
1791,860,10.0,False
1791,51,8.0,False
1791,1145,5.0,False
1791,573,5.0,False
1791,412,1.0,False
1791,1266,1.0,False
1791,1297,1.0,False
1792,806,40.0,True
1792,860,20.0,False
1792,51,15.0,False
1792,1145,5.0,False
1792,1266,1.0,False
1792,1297,1.0,False
1793,818,40.0,True
1793,528,30.0,False
1793,575,20.0,False
1793,860,10.0,False
1793,352,5.0,False
1793,1145,3.0,False
1793,412,1.0,False
1793,1266,1.0,False
1793,1297,1.0,False
1794,788,100.0,True
1794,275,50.0,False
1794,860,50.0,False
1794,517,30.0,False
1794,393,20.0,False
1794,51,20.0,False
1794,1145,11.0,False
1794,1266,5.0,False
1794,575,3.0,False
1794,412,2.0,False
1794,1243,2.0,False
1794,1144,1.0,False
1794,1297,1.0,False
1795,1385,40.0,True
1795,565,25.0,False
1795,431,20.0,False
1795,1339,10.0,False
1795,466,8.0,False
1795,553,8.0,False
1795,1232,7.0,False
1795,162,6.0,False
1795,1419,6.0,False
1795,1145,6.0,False
1795,660,4.0,False
1795,1227,3.0,False
1795,1270,3.0,False
1795,412,3.0,False
1795,1252,3.0,False
1795,1144,2.0,False
1795,1235,1.0,False
1795,1243,1.0,False
1795,1297,0.05,False
1796,786,40.0,True
1796,148,30.0,False
1796,275,20.0,False
1796,856,20.0,False
1796,516,10.0,False
1796,51,8.0,False
1796,459,8.0,False
1796,1145,7.0,False
1796,392,6.0,False
1796,1232,3.0,False
1796,480,2.0,False
1796,1266,0.6,False
1796,1297,0.05,False
1797,817,50.0,True
1797,516,16.0,False
1797,577,16.0,False
1797,578,16.0,False
1797,404,10.0,False
1797,162,8.0,False
1797,1145,7.0,False
1797,1270,6.0,False
1797,234,5.0,False
1797,1235,2.0,False
1797,1266,0.9,False
1797,1297,0.1,False
1798,766,100.0,True
1798,856,60.0,False
1798,275,50.0,False
1798,1232,30.0,False
1798,1272,15.0,False
1798,1082,10.0,False
1798,360,10.0,False
1798,575,10.0,False
1798,392,10.0,False
1798,653,10.0,False
1798,1238,5.0,False
1798,1243,1.0,False
1799,336,70.0,True
1799,860,10.0,False
1799,51,10.0,False
1799,1145,5.0,False
1799,1266,2.0,False
1800,192,75.0,True
1800,860,15.0,False
1800,51,10.0,False
1800,1145,5.0,False
1800,1266,1.0,False
1801,198,75.0,True
1801,860,15.0,False
1801,51,10.0,False
1801,1145,5.0,False
1801,1266,1.0,False
1802,860,50.0,True
1802,788,30.0,False
1802,51,30.0,False
1802,352,10.0,False
1802,275,10.0,False
1802,1145,5.0,False
1802,575,5.0,False
1802,412,2.0,False
1802,1266,2.0,False
1802,1144,2.0,False
1803,375,80.0,True
1803,517,50.0,False
1803,51,45.0,False
1803,889,30.0,False
1803,860,30.0,False
1803,1145,17.0,False
1803,575,6.0,False
1804,405,20.0,True
1804,51,20.0,True
1804,860,10.0,False
1804,1145,5.0,False
1804,1266,2.0,False
1805,818,20.0,True
1805,51,20.0,True
1805,405,20.0,True
1805,860,10.0,False
1805,1145,5.0,False
1805,1266,2.0,False
1806,395,50.0,True
1806,860,10.0,False
1806,51,5.0,False
1806,1145,3.0,False
1806,1266,2.0,False
1806,1144,2.0,False
1806,412,1.0,False
1806,573,1.0,False
1807,400,50.0,True
1807,818,20.0,False
1807,860,10.0,False
1807,573,10.0,False
1807,51,5.0,False
1807,1145,5.0,False
1807,1266,2.0,False
1808,607,20.0,True
1808,51,20.0,True
1808,597,20.0,True
1808,860,10.0,False
1808,618,10.0,False
1808,1145,5.0,False
1808,1266,2.0,False
1809,1056,30.0,True
1809,460,30.0,True
1809,1013,30.0,True
1809,51,20.0,False
1809,352,10.0,False
1809,354,5.0,False
1809,1145,5.0,False
1809,1266,2.0,False
1810,192,30.0,True
1810,51,20.0,False
1810,860,10.0,False
1810,405,10.0,False
1810,582,10.0,False
1810,352,5.0,False
1810,1145,5.0,False
1810,1266,2.0,False
1811,524,50.0,True
1811,860,10.0,False
1811,51,5.0,False
1811,1145,5.0,False
1811,1266,2.0,False
1812,51,40.0,True
1812,575,40.0,True
1812,993,25.0,False
1812,1056,25.0,False
1812,1145,11.0,False
1812,860,10.0,False
1812,412,4.0,False
1812,1266,2.0,False
1813,575,40.0,True
1813,51,40.0,True
1813,993,25.0,False
1813,1056,25.0,False
1813,1145,11.0,False
1813,860,10.0,False
1813,1010,10.0,False
1813,412,4.0,False
1813,1266,2.0,False
1814,51,20.0,True
1814,860,10.0,False
1814,405,10.0,False
1814,582,10.0,False
1814,352,5.0,False
1814,1145,5.0,False
1814,1266,2.0,False
1815,588,70.0,True
1815,860,7.0,False
1815,1145,4.0,False
1815,51,2.0,False
1815,1266,2.0,False
1816,593,40.0,True
1816,860,7.0,False
1816,1145,4.0,False
1816,51,2.0,False
1816,1266,2.0,False
1816,412,1.0,False
1816,575,1.0,False
1817,435,200.0,True
1817,860,100.0,False
1817,14,75.0,False
1817,818,70.0,False
1817,51,55.0,False
1817,352,30.0,False
1817,1145,20.0,False
1817,1266,3.0,False
1818,447,69.0,True
1818,51,64.0,False
1818,1145,28.0,False
1818,49,6.0,False
1818,1266,2.0,False
1818,1144,0.3,False
1819,211,160.0,True
1819,593,80.0,False
1819,51,55.0,False
1819,352,15.0,False
1819,354,15.0,False
1819,1145,5.0,False
1819,1266,1.0,False
1820,574,120.0,True
1820,51,80.0,False
1820,517,50.0,False
1820,860,25.0,False
1820,354,5.0,False
1820,1145,3.0,False
1820,1266,2.0,False
1821,593,30.2,True
1821,1145,8.0,False
1821,860,6.0,False
1821,1266,1.9,False
1821,51,1.7,False
1821,575,0.9,False
1822,593,50.0,True
1822,1145,8.0,False
1822,860,6.0,False
1822,51,2.0,False
1822,1266,2.0,False
1822,412,1.0,False
1822,575,1.0,False
1823,447,39.5,True
1823,448,20.0,False
1823,51,6.0,False
1823,1145,4.0,False
1823,49,1.0,False
1823,1144,0.6,False
1823,1266,0.3,False
1824,350,40.0,True
1824,856,20.0,False
1824,1383,15.0,False
1824,516,10.0,False
1824,392,10.0,False
1824,49,8.0,False
1824,1419,4.0,False
1824,1232,3.5,False
1824,1253,3.0,False
1824,1145,3.0,False
1824,358,2.0,False
1824,354,2.0,False
1824,1133,2.0,False
1824,1270,1.5,False
1824,234,1.0,False
1824,1241,0.5,False
1824,1243,0.5,False
1824,1266,0.1,False
1825,180,90.0,True
1825,375,15.0,False
1825,1419,15.0,False
1825,856,15.0,False
1825,1145,15.0,False
1825,516,10.0,False
1825,4,8.0,False
1825,49,8.0,False
1826,395,40.0,True
1826,163,12.0,False
1826,1145,5.0,False
1826,1232,4.0,False
1826,292,3.0,False
1826,1146,3.0,False
1826,653,3.0,False
1826,227,3.0,False
1826,642,3.0,False
1826,1266,2.0,False
1826,309,2.0,False
1827,401,60.0,True
1827,1385,40.0,False
1827,856,20.0,False
1827,51,6.0,False
1827,1145,6.0,False
1827,1232,4.0,False
1827,1144,2.0,False
1827,575,2.0,False
1827,412,2.0,False
1827,234,2.0,False
1827,1243,0.5,False
1827,1266,0.3,False
1828,594,30.0,True
1828,1040,20.0,False
1828,856,20.0,False
1828,1130,15.0,False
1828,48,8.0,False
1828,1145,6.0,False
1828,412,2.0,False
1828,1266,0.4,False
1828,1297,0.05,False
1829,1419,60.0,True
1829,446,60.0,True
1829,6,20.0,False
1829,51,10.0,False
1829,574,10.0,False
1829,1145,8.0,False
1829,1232,7.0,False
1829,1144,3.0,False
1829,412,3.0,False
1829,1241,1.0,False
1829,1243,0.5,False
1829,1265,0.2,False
1830,1419,55.0,True
1830,446,30.0,False
1830,49,15.0,False
1830,138,15.0,False
1830,1145,8.0,False
1830,1232,3.0,False
1830,412,3.0,False
1830,360,2.0,False
1830,354,2.0,False
1830,660,1.0,False
1830,1144,1.0,False
1830,1243,0.5,False
1830,1266,0.1,False
1831,489,30.0,True
1831,1040,20.0,False
1831,856,15.0,False
1831,49,8.0,False
1831,516,8.0,False
1831,1145,4.0,False
1831,1419,4.0,False
1831,1232,3.0,False
1831,1270,2.0,False
1831,354,1.0,False
1832,591,50.0,True
1832,1040,40.0,False
1832,856,30.0,False
1832,51,8.0,False
1832,1145,6.0,False
1832,1227,3.0,False
1832,358,2.0,False
1832,354,2.0,False
1832,575,2.0,False
1832,1266,0.5,False
1832,1297,0.05,False
1833,561,40.0,True
1833,334,30.0,False
1833,856,20.0,False
1833,575,10.0,False
1833,49,8.0,False
1833,1145,5.0,False
1833,234,2.0,False
1833,1144,2.0,False
1833,1232,1.0,False
1833,1266,0.4,False
1833,1297,0.05,False
1834,180,150.0,True
1834,516,70.0,False
1834,51,50.0,False
1834,1145,30.0,False
1834,1256,30.0,False
1834,1289,15.0,False
1834,1232,15.0,False
1834,233,15.0,False
1834,409,3.0,False
1835,589,70.0,True
1835,412,20.0,False
1835,51,5.0,False
1835,162,5.0,False
1835,1419,2.0,False
1835,642,1.0,False
1835,1266,0.3,False
1836,860,50.0,True
1836,517,10.0,False
1836,573,8.0,False
1836,393,6.0,False
1836,1145,3.0,False
1836,1266,1.0,False
1837,860,50.0,True
1837,1074,2.0,False
1837,1266,1.0,False
1837,1145,1.0,False
1838,860,50.0,True
1838,393,10.0,False
1838,517,10.0,False
1838,575,5.0,False
1838,1266,2.0,False
1838,1145,1.0,False
1839,860,50.0,True
1839,517,10.0,False
1839,573,8.0,False
1839,393,6.0,False
1839,1145,3.0,False
1839,1266,1.0,False
1840,860,50.0,True
1840,1145,3.0,False
1840,1266,2.0,False
1841,275,75.0,True
1841,860,23.0,False
1841,1145,5.0,False
1841,51,4.0,False
1841,1266,2.0,False
1841,575,2.0,False
1842,275,80.0,True
1842,860,10.0,False
1842,51,5.0,False
1842,1266,1.0,False
1843,275,80.0,True
1843,788,20.0,False
1843,860,10.0,False
1843,51,5.0,False
1843,1266,1.0,False
1844,21,50.0,True
1844,393,30.0,False
1844,818,30.0,False
1844,575,15.0,False
1844,1145,10.0,False
1844,1232,2.0,False
1844,234,2.0,False
1844,412,1.0,False
1844,1266,1.0,False
1844,1297,1.0,False
1845,788,20.0,True
1845,162,20.0,True
1845,487,20.0,True
1845,350,10.0,False
1845,575,10.0,False
1845,1145,6.0,False
1845,1266,2.0,False
1846,139,50.0,True
1846,1145,5.0,False
1846,1266,1.0,False
1847,860,40.0,True
1847,1113,10.0,False
1847,1137,5.0,False
1847,1266,1.0,False
1848,860,50.0,True
1848,1113,10.0,False
1848,807,10.0,False
1848,607,6.0,False
1848,153,5.0,False
1848,1145,5.0,False
1848,573,3.0,False
1848,1266,1.0,False
1849,860,50.0,True
1849,275,10.0,False
1849,1113,10.0,False
1849,807,10.0,False
1849,607,6.0,False
1849,153,5.0,False
1849,1145,5.0,False
1849,573,3.0,False
1849,1266,1.0,False
1850,163,50.0,True
1850,1145,5.0,False
1850,1266,1.0,False
1851,860,13.0,True
1851,618,5.0,False
1851,51,4.0,False
1851,597,3.0,False
1851,1145,3.0,False
1851,602,1.0,False
1852,279,200.0,True
1852,49,100.0,False
1852,860,80.0,False
1852,375,50.0,False
1852,517,50.0,False
1852,788,50.0,False
1852,354,10.0,False
1852,1145,2.0,False
1852,1266,1.0,False
1853,271,15.0,True
1853,459,15.0,True
1853,856,15.0,True
1853,616,10.0,False
1853,392,10.0,False
1853,51,10.0,False
1853,1145,8.0,False
1853,162,5.0,False
1853,1266,0.5,False
1854,275,80.0,True
1854,516,20.0,False
1854,856,20.0,False
1854,577,20.0,False
1854,1145,20.0,False
1854,1245,16.0,False
1854,4,15.0,False
1854,606,15.0,False
1854,50,6.0,False
1854,1266,0.6,False
1854,1297,0.1,False
1855,1419,25.0,True
1855,856,20.0,False
1855,599,15.0,False
1855,616,15.0,False
1855,49,15.0,False
1855,516,12.0,False
1855,392,10.0,False
1855,1145,4.0,False
1855,1270,4.0,False
1855,1232,4.0,False
1855,234,3.0,False
1855,1133,1.0,False
1856,856,60.0,True
1856,766,30.0,False
1856,530,20.0,False
1856,1381,8.0,False
1856,544,8.0,False
1856,1252,8.0,False
1856,234,4.0,False
1856,1270,4.0,False
1856,1227,2.0,False
1856,209,2.0,False
1856,1134,2.0,False
1856,1145,1.0,False
1856,1243,0.8,False
1856,1266,0.6,False
1857,1419,55.0,True
1857,138,20.0,False
1857,51,10.0,False
1857,544,10.0,False
1857,392,8.0,False
1857,396,8.0,False
1857,1145,5.0,False
1857,362,3.0,False
1857,617,3.0,False
1857,1144,3.0,False
1857,1232,3.0,False
1857,575,2.0,False
1857,234,2.0,False
1857,1270,2.0,False
1857,1234,1.0,False
1857,1235,1.0,False
1857,1243,0.5,False
1857,1266,0.2,False
1858,1419,80.0,True
1858,216,40.0,False
1858,139,20.0,False
1858,162,20.0,False
1858,225,6.0,False
1858,1145,4.0,False
1858,1266,1.2,False
1859,856,150.0,True
1859,1419,30.0,False
1859,869,10.0,False
1859,1076,10.0,False
1859,233,5.0,False
1859,1253,5.0,False
1860,856,80.0,True
1860,565,20.0,False
1860,1346,20.0,False
1860,461,10.0,False
1860,265,10.0,False
1860,516,5.0,False
1860,1124,3.0,False
1860,412,0.1,False
1860,1298,0.1,False
1861,162,60.0,True
1861,489,30.0,False
1861,225,20.0,False
1861,233,15.0,False
1861,1336,5.0,False
1861,542,5.0,False
1861,1291,5.0,False
1862,1023,20.0,True
1862,1232,5.0,False
1862,1239,5.0,False
1862,227,5.0,False
1862,1145,3.0,False
1863,1034,20.0,True
1863,227,5.0,False
1863,1239,3.0,False
1863,1145,2.0,False
1863,1232,1.0,False
1863,412,1.0,False
1863,1144,1.0,False
1864,1021,50.0,True
1864,860,25.0,False
1864,1145,15.0,False
1864,1266,1.0,False
1865,881,18.0,True
1865,1232,5.0,False
1865,1239,5.0,False
1865,227,5.0,False
1865,1145,3.0,False
1866,1016,180.0,True
1866,1145,15.0,False
1866,1232,5.0,False
1866,1242,3.0,False
1866,412,3.0,False
1866,480,1.0,False
1866,575,1.0,False
1867,1027,35.0,True
1867,517,15.0,False
1867,393,10.0,False
1867,1232,8.0,False
1867,352,5.0,False
1867,1239,3.0,False
1867,412,3.0,False
1867,1144,3.0,False
1867,1241,2.0,False
1867,234,2.0,False
1867,1145,2.0,False
1867,1243,1.0,False
1868,907,15.0,True
1868,227,5.0,False
1868,1232,3.0,False
1868,1145,3.0,False
1868,412,1.0,False
1868,1266,1.0,False
1869,352,20.0,True
1869,907,15.0,False
1869,227,5.0,False
1869,1232,3.0,False
1869,1145,3.0,False
1869,304,2.0,False
1869,330,2.0,False
1869,332,2.0,False
1869,412,1.0,False
1869,1266,1.0,False
1870,907,30.0,True
1870,227,20.0,False
1870,575,8.0,False
1870,1239,7.0,False
1870,412,3.0,False
1870,1144,3.0,False
1870,1145,2.0,False
1870,315,1.0,False
1871,356,15.0,True
1871,227,10.0,False
1871,907,9.0,False
1871,1145,5.0,False
1871,575,5.0,False
1871,412,4.0,False
1871,1232,3.0,False
1871,1144,3.0,False
1871,315,1.0,False
1872,908,15.0,True
1872,1145,15.0,True
1872,352,10.0,False
1872,227,7.0,False
1872,1144,3.0,False
1872,1232,2.0,False
1872,412,1.0,False
1873,1029,70.0,True
1873,510,20.0,False
1873,517,20.0,False
1873,593,20.0,False
1873,393,10.0,False
1873,352,7.0,False
1873,1145,5.0,False
1873,573,5.0,False
1873,1241,4.0,False
1873,234,4.0,False
1873,412,2.0,False
1873,1266,1.0,False
1874,931,8.0,True
1874,227,7.0,False
1874,352,5.0,False
1874,1239,5.0,False
1874,1145,4.0,False
1874,1232,2.0,False
1874,412,1.0,False
1874,1144,1.0,False
1875,914,18.0,True
1875,1232,5.0,False
1875,1239,5.0,False
1875,227,5.0,False
1875,1145,3.0,False
1876,1040,80.0,True
1876,860,10.0,False
1876,1145,5.0,False
1876,575,2.0,False
1876,1266,1.0,False
1877,1065,60.0,True
1877,182,20.0,False
1877,393,20.0,False
1877,517,15.0,False
1877,574,5.0,False
1877,1145,4.0,False
1877,412,2.0,False
1877,1243,1.0,False
1877,1266,1.0,False
1878,1065,60.0,True
1878,597,20.0,False
1878,517,15.0,False
1878,1145,5.0,False
1878,1232,4.0,False
1878,575,3.0,False
1878,412,2.0,False
1878,1243,1.0,False
1879,1065,60.0,True
1879,182,20.0,False
1879,393,20.0,False
1879,517,15.0,False
1879,574,5.0,False
1879,1145,4.0,False
1879,412,2.0,False
1879,1243,1.0,False
1879,1266,1.0,False
1880,416,40.0,True
1880,1065,40.0,True
1880,227,5.0,False
1880,1232,3.0,False
1880,1145,2.0,False
1880,412,1.0,False
1880,315,1.0,False
1881,1065,50.0,True
1881,517,30.0,False
1881,1232,7.0,False
1881,227,5.0,False
1881,1145,3.0,False
1881,574,3.0,False
1881,412,1.0,False
1882,1065,60.0,True
1882,810,20.0,False
1882,517,15.0,False
1882,1145,4.0,False
1882,1232,3.0,False
1882,575,3.0,False
1882,412,2.0,False
1882,1243,1.0,False
1883,1056,50.0,True
1883,517,20.0,False
1883,1239,10.0,False
1883,393,10.0,False
1883,352,6.0,False
1883,575,6.0,False
1883,1241,3.0,False
1883,1145,3.0,False
1883,1243,2.0,False
1883,412,2.0,False
1883,234,2.0,False
1883,1266,2.0,False
1883,480,1.0,False
1883,1144,1.0,False
1884,1054,18.0,True
1884,1232,5.0,False
1884,1239,5.0,False
1884,227,5.0,False
1884,1145,3.0,False
1884,292,1.0,False
1885,974,40.0,True
1885,227,6.0,False
1885,575,5.0,False
1885,1239,4.0,False
1885,1145,4.0,False
1885,1232,1.0,False
1885,1243,1.0,False
1885,234,1.0,False
1886,868,20.0,True
1886,510,20.0,True
1886,1145,15.0,False
1886,517,10.0,False
1886,393,5.0,False
1886,153,5.0,False
1886,1293,5.0,False
1886,581,5.0,False
1886,580,3.0,False
1886,1234,1.0,False
1886,412,1.0,False
1886,1266,1.0,False
1887,868,20.0,True
1887,375,20.0,True
1887,510,20.0,True
1887,1145,15.0,False
1887,517,10.0,False
1887,393,5.0,False
1887,153,5.0,False
1887,1293,5.0,False
1887,581,5.0,False
1887,580,3.0,False
1887,412,1.0,False
1887,1234,1.0,False
1887,1266,1.0,False
1888,868,20.0,True
1888,559,20.0,True
1888,510,20.0,True
1888,1145,15.0,False
1888,517,10.0,False
1888,393,5.0,False
1888,153,5.0,False
1888,1293,5.0,False
1888,581,5.0,False
1888,580,3.0,False
1888,1234,1.0,False
1888,412,1.0,False
1888,1266,1.0,False
1889,1056,35.1,True
1889,517,15.2,False
1889,1239,7.8,False
1889,393,7.8,False
1889,1145,5.1,False
1889,352,4.6,False
1889,575,4.6,False
1889,1241,2.3,False
1889,1243,1.5,False
1889,412,1.5,False
1889,234,1.5,False
1889,1266,1.5,False
1889,1144,1.0,False
1889,480,0.7,False
1890,1056,38.5,True
1890,517,16.7,False
1890,1239,8.6,False
1890,393,8.6,False
1890,1145,6.6,False
1890,352,5.0,False
1890,575,5.0,False
1890,1241,2.5,False
1890,1243,1.6,False
1890,412,1.6,False
1890,234,1.6,False
1890,1266,1.6,False
1890,1144,1.1,False
1890,480,0.8,False
1891,974,60.0,True
1891,1145,6.0,False
1891,1239,6.0,False
1891,227,5.0,False
1891,575,3.0,False
1891,1232,2.0,False
1891,315,1.0,False
1891,1144,1.0,False
1892,1419,15.0,True
1892,908,15.0,True
1892,259,10.0,False
1892,227,5.0,False
1892,1133,2.0,False
1892,1232,1.0,False
1892,1243,1.0,False
1893,939,70.0,True
1893,489,30.0,False
1893,1145,5.0,False
1893,412,3.0,False
1893,1232,3.0,False
1893,227,3.0,False
1893,209,2.0,False
1893,1242,2.0,False
1893,1266,0.1,False
1893,1297,0.1,False
1894,860,100.0,True
1894,1145,15.0,False
1894,1266,2.0,False
1895,800,30.0,True
1895,510,30.0,True
1895,788,30.0,True
1895,517,20.0,False
1895,1239,15.0,False
1895,1145,15.0,False
1895,1232,6.0,False
1895,573,6.0,False
1895,412,2.0,False
1895,480,2.0,False
1895,1241,1.0,False
1895,234,1.0,False
1895,1144,1.0,False
1895,1297,1.0,False
1896,764,60.0,True
1896,517,20.0,False
1896,1145,15.0,False
1896,1232,5.0,False
1896,227,5.0,False
1896,1144,3.0,False
1896,1227,3.0,False
1896,1241,2.0,False
1896,412,1.0,False
1896,480,1.0,False
1896,1297,1.0,False
1897,764,60.0,True
1897,182,30.0,False
1897,393,15.0,False
1897,1145,15.0,False
1897,517,10.0,False
1897,1232,5.0,False
1897,573,5.0,False
1897,352,3.0,False
1897,1241,2.0,False
1897,412,2.0,False
1897,234,2.0,False
1897,1266,2.0,False
1897,480,1.0,False
1898,788,100.0,True
1898,517,20.0,False
1898,1145,15.0,False
1898,227,11.0,False
1898,575,10.0,False
1898,1232,6.0,False
1898,412,4.0,False
1898,234,3.0,False
1898,480,1.0,False
1898,1144,1.0,False
1898,315,1.0,False
1898,1297,1.0,False
1899,788,50.0,True
1899,1239,18.0,False
1899,1145,15.0,False
1899,517,10.0,False
1899,227,5.0,False
1899,1232,4.0,False
1899,412,4.0,False
1899,480,4.0,False
1899,234,4.0,False
1899,1144,4.0,False
1899,575,4.0,False
1899,315,2.0,False
1899,1297,2.0,False
1900,788,50.0,True
1900,517,30.0,False
1900,510,20.0,False
1900,1145,15.0,False
1900,393,10.0,False
1900,1234,5.0,False
1900,1239,5.0,False
1900,575,5.0,False
1900,618,5.0,False
1900,582,5.0,False
1900,1144,4.0,False
1900,1227,2.0,False
1900,412,1.0,False
1900,480,1.0,False
1900,234,1.0,False
1900,1297,1.0,False
1901,788,80.0,True
1901,375,30.0,False
1901,517,15.0,False
1901,1232,5.0,False
1901,412,4.0,False
1901,1145,4.0,False
1901,575,3.0,False
1901,1241,2.0,False
1901,234,2.0,False
1901,480,1.0,False
1901,315,1.0,False
1902,788,100.0,True
1902,517,20.0,False
1902,559,20.0,False
1902,1145,15.0,False
1902,227,11.0,False
1902,575,10.0,False
1902,1232,6.0,False
1902,412,4.0,False
1902,234,3.0,False
1902,480,1.0,False
1902,1144,1.0,False
1902,315,1.0,False
1902,1297,1.0,False
1903,812,40.0,True
1903,510,30.0,False
1903,517,20.0,False
1903,1232,6.0,False
1903,573,6.0,False
1903,412,2.0,False
1903,1241,1.0,False
1903,234,1.0,False
1903,1144,1.0,False
1903,1297,1.0,False
1904,764,60.0,True
1904,517,20.0,False
1904,1232,5.0,False
1904,227,5.0,False
1904,1241,3.0,False
1904,1144,3.0,False
1904,1227,3.0,False
1904,412,2.0,False
1904,480,1.0,False
1904,1297,1.0,False
1905,788,120.0,True
1905,517,20.0,False
1905,1232,8.0,False
1905,234,6.0,False
1905,575,5.0,False
1905,412,3.0,False
1905,1144,3.0,False
1905,480,1.0,False
1905,1297,1.0,False
1906,788,120.0,True
1906,517,27.0,False
1906,1239,21.0,False
1906,575,5.0,False
1906,1232,4.0,False
1906,234,4.0,False
1906,412,3.0,False
1906,1144,2.0,False
1906,1297,1.0,False
1907,788,60.0,True
1907,517,20.0,False
1907,1239,5.0,False
1907,352,5.0,False
1907,573,5.0,False
1907,1232,4.0,False
1907,234,4.0,False
1907,1227,3.0,False
1907,412,3.0,False
1907,1241,2.0,False
1907,1144,2.0,False
1907,480,1.0,False
1907,1297,1.0,False
1908,818,80.0,True
1908,575,5.0,False
1908,234,3.0,False
1908,1232,2.0,False
1908,1243,1.0,False
1908,412,1.0,False
1908,1144,1.0,False
1908,1297,1.0,False
1909,818,60.0,True
1909,675,20.0,False
1909,517,20.0,False
1909,1232,5.0,False
1909,234,5.0,False
1909,574,5.0,False
1909,1144,3.0,False
1909,412,2.0,False
1909,1297,1.0,False
1910,818,60.0,True
1910,1056,50.0,False
1910,675,20.0,False
1910,517,20.0,False
1910,1232,5.0,False
1910,234,5.0,False
1910,574,5.0,False
1910,1144,3.0,False
1910,412,2.0,False
1910,1297,1.0,False
1911,818,75.0,True
1911,517,25.0,False
1911,1232,4.0,False
1911,575,4.0,False
1911,1243,2.0,False
1911,412,2.0,False
1911,227,2.0,False
1911,234,2.0,False
1911,1145,2.0,False
1911,1297,1.0,False
1912,818,75.0,True
1912,517,25.0,False
1912,336,10.0,False
1912,1232,4.0,False
1912,575,4.0,False
1912,1243,2.0,False
1912,412,2.0,False
1912,227,2.0,False
1912,234,2.0,False
1912,1145,2.0,False
1912,1297,1.0,False
1913,818,50.0,True
1913,597,20.0,False
1913,1145,15.0,False
1913,393,10.0,False
1913,517,10.0,False
1913,1234,5.0,False
1913,352,5.0,False
1913,412,2.0,False
1913,234,2.0,False
1913,1144,1.0,False
1913,1297,1.0,False
1914,818,75.0,True
1914,517,25.0,False
1914,510,10.0,False
1914,1232,4.0,False
1914,575,4.0,False
1914,1243,2.0,False
1914,412,2.0,False
1914,227,2.0,False
1914,234,2.0,False
1914,1145,2.0,False
1914,1297,1.0,False
1915,818,60.0,True
1915,618,20.0,False
1915,517,10.0,False
1915,1232,5.0,False
1915,1145,5.0,False
1915,574,3.0,False
1915,412,1.0,False
1915,1144,1.0,False
1915,315,1.0,False
1916,804,40.0,True
1916,412,1.0,False
1916,234,1.0,False
1916,1266,1.0,False
1916,1145,1.0,False
1917,804,40.0,True
1917,1293,10.0,False
1917,412,1.0,False
1917,234,1.0,False
1917,1266,1.0,False
1917,1145,1.0,False
1918,805,40.0,True
1918,510,20.0,False
1918,393,10.0,False
1918,1293,10.0,False
1918,1145,3.0,False
1918,1241,2.0,False
1918,412,2.0,False
1918,1266,2.0,False
1918,573,2.0,False
1919,1145,15.0,True
1919,405,10.0,False
1919,510,10.0,False
1919,393,5.0,False
1919,517,5.0,False
1919,1232,4.0,False
1919,575,2.0,False
1919,1241,1.0,False
1919,234,1.0,False
1919,1144,1.0,False
1920,806,40.0,True
1920,517,5.0,False
1920,1145,5.0,False
1920,582,5.0,False
1920,1266,1.0,False
1920,1297,1.0,False
1921,806,40.0,True
1921,182,20.0,False
1921,582,10.0,False
1921,517,5.0,False
1921,1145,5.0,False
1921,1266,1.0,False
1921,1297,1.0,False
1922,806,40.0,True
1922,490,10.0,False
1922,517,5.0,False
1922,1145,5.0,False
1922,582,5.0,False
1922,1266,1.0,False
1922,1297,1.0,False
1923,818,600.0,True
1923,675,90.0,False
1923,315,3.0,False
1924,596,17.0,True
1924,815,15.0,False
1924,818,13.0,False
1924,575,3.9,False
1924,1144,2.0,False
1924,1232,1.5,False
1924,234,1.0,False
1924,412,0.8,False
1924,1297,0.8,False
1924,1243,0.5,False
1925,815,39.4,True
1925,596,16.8,False
1925,575,4.2,False
1925,1144,3.3,False
1925,234,2.4,False
1925,1232,1.6,False
1925,412,0.8,False
1925,1297,0.8,False
1925,1243,0.5,False
1926,764,35.0,True
1926,517,22.0,False
1926,227,4.4,False
1926,1144,4.0,False
1926,1239,4.0,False
1926,1241,2.6,False
1926,1227,2.6,False
1926,412,1.7,False
1926,480,0.9,False
1926,1297,0.9,False
1927,764,55.0,True
1927,517,30.8,False
1927,227,6.2,False
1927,1239,5.0,False
1927,1144,4.0,False
1927,1241,3.6,False
1927,1227,3.6,False
1927,412,2.4,False
1927,480,1.3,False
1927,1297,1.3,False
1928,815,45.0,True
1928,596,12.1,False
1928,575,3.0,False
1928,234,1.8,False
1928,1232,1.2,False
1928,1144,1.0,False
1928,412,0.6,False
1928,1297,0.6,False
1928,1243,0.4,False
1929,1419,50.0,True
1929,547,30.0,False
1929,786,30.0,False
1929,578,15.0,False
1929,4,10.0,False
1929,618,10.0,False
1929,859,10.0,False
1929,209,10.0,False
1929,1232,9.0,False
1929,1145,7.0,False
1929,575,6.0,False
1929,1227,3.0,False
1929,234,2.0,False
1929,1262,0.2,False
1929,1297,0.1,False
1930,817,40.0,True
1930,396,20.0,False
1930,1402,20.0,False
1930,516,15.0,False
1930,616,15.0,False
1930,392,10.0,False
1930,1232,7.0,False
1930,575,6.0,False
1930,1145,6.0,False
1930,1266,3.0,False
1930,234,3.0,False
1930,412,3.0,False
1930,1144,2.0,False
1930,1243,0.5,False
1930,1297,0.1,False
1931,798,60.0,True
1931,538,30.0,False
1931,516,10.0,False
1931,478,10.0,False
1931,1339,10.0,False
1931,552,6.0,False
1931,352,4.0,False
1931,354,4.0,False
1931,404,4.0,False
1931,412,3.0,False
1931,1227,3.0,False
1931,480,2.0,False
1931,1144,2.0,False
1931,1266,1.0,False
1931,1243,0.5,False
1931,1297,0.1,False
1932,1354,60.0,True
1932,516,30.0,False
1932,392,10.0,False
1932,575,8.0,False
1932,244,8.0,False
1932,1419,8.0,False
1932,412,6.0,False
1932,1232,6.0,False
1932,234,2.0,False
1932,480,1.0,False
1932,1297,0.1,False
1933,769,60.0,True
1933,1402,50.0,False
1933,1256,10.0,False
1933,1232,5.0,False
1933,1142,4.0,False
1933,412,2.0,False
1933,1294,0.1,False
1934,766,60.0,True
1934,1419,60.0,True
1934,1403,50.0,False
1934,516,12.0,False
1934,1239,12.0,False
1934,234,6.0,False
1934,412,5.0,False
1934,1227,5.0,False
1934,1142,3.0,False
1934,360,2.0,False
1934,1241,1.0,False
1934,1266,0.6,False
1934,1297,0.1,False
1935,422,40.0,True
1935,1385,30.0,False
1935,574,8.0,False
1935,1232,4.0,False
1935,354,3.0,False
1935,1145,3.0,False
1935,575,3.0,False
1935,234,2.0,False
1935,412,2.0,False
1935,1144,1.0,False
1935,1243,0.5,False
1935,1297,0.05,False
1936,850,40.0,True
1936,581,20.0,False
1936,577,10.0,False
1936,579,10.0,False
1936,412,7.0,False
1936,1227,4.0,False
1936,234,4.0,False
1936,1253,4.0,False
1936,1232,2.0,False
1936,1144,2.0,False
1936,1242,2.0,False
1936,480,1.0,False
1936,313,0.2,False
1936,1266,0.1,False
1936,1297,0.1,False
1937,836,60.0,True
1937,616,30.0,False
1937,577,15.0,False
1937,581,15.0,False
1937,1232,6.0,False
1937,233,4.0,False
1937,1227,4.0,False
1937,354,3.0,False
1937,412,3.0,False
1937,480,2.0,False
1937,1243,0.2,False
1937,1297,0.15,False
1937,1266,0.1,False
1938,817,40.0,True
1938,414,30.0,False
1938,516,12.0,False
1938,676,6.0,False
1938,1232,5.0,False
1938,234,2.0,False
1938,1144,2.0,False
1938,1243,0.5,False
1939,852,120.0,True
1939,563,50.0,False
1939,516,30.0,False
1939,334,25.0,False
1939,461,25.0,False
1939,577,20.0,False
1939,565,15.0,False
1939,609,10.0,False
1939,1239,10.0,False
1939,1253,8.0,False
1939,1389,7.0,False
1939,1390,5.0,False
1939,352,5.0,False
1939,227,4.0,False
1939,1298,2.0,False
1940,1373,120.0,True
1940,747,35.0,False
1940,509,15.0,False
1940,516,10.0,False
1940,392,7.0,False
1940,575,5.0,False
1940,233,5.0,False
1940,1232,5.0,False
1940,1144,3.0,False
1940,412,2.0,False
1940,1389,1.0,False
1941,336,70.0,True
1941,1232,5.0,False
1941,412,2.0,False
1941,1266,2.0,False
1941,1144,2.0,False
1941,1145,2.0,False
1941,573,2.0,False
1941,315,1.0,False
1942,336,70.0,True
1942,517,20.0,False
1942,1232,5.0,False
1942,412,2.0,False
1942,1266,2.0,False
1942,1144,2.0,False
1942,1145,2.0,False
1942,573,2.0,False
1942,315,1.0,False
1943,182,80.0,True
1943,1145,5.0,False
1943,907,4.0,False
1943,575,4.0,False
1943,412,1.0,False
1943,1266,1.0,False
1943,315,1.0,False
1944,182,40.0,True
1944,1144,8.0,False
1944,1145,3.0,False
1944,575,2.0,False
1944,1232,1.0,False
1944,1243,1.0,False
1944,412,1.0,False
1945,182,80.0,True
1945,1065,50.0,False
1945,1145,5.0,False
1945,227,3.0,False
1945,1232,2.0,False
1945,574,2.0,False
1945,234,1.0,False
1946,182,80.0,True
1946,393,10.0,False
1946,1145,5.0,False
1946,907,4.0,False
1946,575,4.0,False
1946,412,1.0,False
1946,1266,1.0,False
1946,315,1.0,False
1947,182,75.0,True
1947,517,20.0,False
1947,352,10.0,False
1947,393,10.0,False
1947,1145,3.0,False
1947,1266,1.0,False
1948,198,40.0,True
1948,517,20.0,False
1948,393,10.0,False
1948,1239,7.0,False
1948,1145,5.0,False
1948,354,3.0,False
1948,1232,2.0,False
1948,1241,2.0,False
1948,234,2.0,False
1949,342,70.0,True
1949,574,5.0,False
1949,1266,4.0,False
1949,412,2.0,False
1949,315,2.0,False
1949,1145,2.0,False
1949,1241,1.0,False
1949,1144,1.0,False
1950,341,13.0,True
1950,1232,5.0,False
1950,1145,5.0,False
1950,1144,3.0,False
1950,412,2.0,False
1950,1266,1.0,False
1950,575,1.0,False
1951,346,60.0,True
1951,1145,15.0,False
1951,517,10.0,False
1951,1234,2.0,False
1951,1133,2.0,False
1951,412,2.0,False
1951,574,2.0,False
1951,1243,1.0,False
1951,1266,1.0,False
1951,1144,1.0,False
1952,350,60.0,True
1952,1232,4.0,False
1952,573,3.0,False
1952,412,2.0,False
1952,1266,2.0,False
1952,1145,2.0,False
1952,1144,1.0,False
1952,315,1.0,False
1953,350,40.0,True
1953,1144,8.0,False
1953,1145,3.0,False
1953,575,2.0,False
1953,1232,1.0,False
1953,292,1.0,False
1953,412,1.0,False
1954,363,70.0,True
1954,1145,15.0,False
1954,517,10.0,False
1954,1234,2.0,False
1954,1133,2.0,False
1954,412,2.0,False
1954,1243,1.0,False
1954,1266,1.0,False
1954,1144,1.0,False
1955,369,70.0,True
1955,1145,15.0,False
1955,517,10.0,False
1955,1234,2.0,False
1955,1133,2.0,False
1955,412,2.0,False
1955,1266,1.0,False
1955,1144,1.0,False
1956,375,40.0,True
1956,1145,5.0,False
1956,234,4.0,False
1956,412,2.0,False
1956,575,2.0,False
1956,1144,1.0,False
1957,375,60.0,True
1957,788,20.0,False
1957,517,5.0,False
1957,1145,5.0,False
1957,574,3.0,False
1957,412,1.0,False
1957,1144,1.0,False
1958,375,40.0,True
1958,889,40.0,True
1958,1145,5.0,False
1958,412,2.0,False
1958,575,2.0,False
1959,372,40.0,True
1959,1145,5.0,False
1959,234,4.0,False
1959,412,2.0,False
1959,575,2.0,False
1959,1144,1.0,False
1960,405,70.0,True
1960,1145,15.0,False
1960,517,10.0,False
1960,1234,2.0,False
1960,1133,2.0,False
1960,412,2.0,False
1960,1266,1.0,False
1960,1144,1.0,False
1961,405,20.0,True
1961,908,15.0,False
1961,1145,15.0,False
1961,234,4.0,False
1961,1144,4.0,False
1961,1234,3.0,False
1961,412,1.0,False
1961,227,1.0,False
1962,393,10.0,True
1962,1145,5.0,False
1962,575,3.0,False
1962,1266,2.0,False
1962,412,1.0,False
1962,1297,1.0,False
1963,397,30.0,True
1963,1145,3.0,False
1963,575,2.0,False
1963,1243,1.0,False
1963,412,1.0,False
1963,1266,1.0,False
1963,1144,1.0,False
1964,397,50.0,True
1964,573,6.0,False
1964,1145,5.0,False
1964,1234,4.0,False
1964,412,2.0,False
1964,1266,2.0,False
1964,1144,2.0,False
1964,315,1.0,False
1965,416,50.0,True
1965,517,20.0,False
1965,1232,6.0,False
1965,573,5.0,False
1965,1145,3.0,False
1965,1241,1.0,False
1965,412,1.0,False
1965,315,1.0,False
1966,493,70.0,True
1966,1145,15.0,False
1966,517,10.0,False
1966,1232,2.0,False
1966,1133,2.0,False
1966,412,2.0,False
1966,1266,1.0,False
1966,1144,1.0,False
1967,422,45.0,True
1967,1232,4.0,False
1967,1145,4.0,False
1967,575,4.0,False
1967,1241,2.0,False
1967,412,1.0,False
1967,234,1.0,False
1968,425,70.0,True
1968,1248,10.0,False
1968,575,5.0,False
1968,1145,3.0,False
1968,1266,2.0,False
1968,1144,2.0,False
1968,1241,1.0,False
1968,412,1.0,False
1969,1083,70.0,True
1969,517,10.0,False
1969,1145,5.0,False
1969,1266,4.0,False
1969,1144,4.0,False
1969,412,1.0,False
1970,1085,70.0,True
1970,352,10.0,False
1970,517,10.0,False
1970,1145,5.0,False
1970,1266,4.0,False
1970,1144,4.0,False
1970,412,1.0,False
1971,447,40.0,True
1971,1145,5.0,False
1971,575,5.0,False
1971,1232,4.0,False
1971,412,1.0,False
1971,234,1.0,False
1971,1144,1.0,False
1971,1297,1.0,False
1972,597,70.0,True
1972,393,10.0,False
1972,517,10.0,False
1972,1145,3.0,False
1972,1234,2.0,False
1972,412,1.0,False
1972,1266,1.0,False
1972,575,1.0,False
1973,597,50.0,True
1973,487,20.0,False
1973,517,15.0,False
1973,393,10.0,False
1973,460,10.0,False
1973,352,5.0,False
1973,1145,5.0,False
1973,1234,1.0,False
1973,412,1.0,False
1973,1266,1.0,False
1973,1144,1.0,False
1974,597,70.0,True
1974,393,10.0,False
1974,517,10.0,False
1974,582,10.0,False
1974,1145,3.0,False
1974,1234,2.0,False
1974,412,1.0,False
1974,1266,1.0,False
1974,575,1.0,False
1975,607,60.0,True
1975,818,20.0,False
1975,517,20.0,False
1975,393,10.0,False
1975,1232,6.0,False
1975,573,5.0,False
1975,1145,3.0,False
1975,412,2.0,False
1975,1241,1.0,False
1975,1266,1.0,False
1975,315,1.0,False
1976,618,60.0,True
1976,818,20.0,False
1976,517,20.0,False
1976,393,10.0,False
1976,1232,6.0,False
1976,573,5.0,False
1976,1145,3.0,False
1976,412,2.0,False
1976,1241,1.0,False
1976,1266,1.0,False
1976,315,1.0,False
1977,460,50.0,True
1977,573,6.0,False
1977,1145,5.0,False
1977,1234,4.0,False
1977,412,2.0,False
1977,1144,2.0,False
1977,315,1.0,False
1978,460,50.0,True
1978,860,20.0,False
1978,573,6.0,False
1978,1145,5.0,False
1978,1234,4.0,False
1978,412,2.0,False
1978,1144,2.0,False
1978,315,1.0,False
1979,460,50.0,True
1979,788,10.0,False
1979,573,6.0,False
1979,1145,5.0,False
1979,1234,4.0,False
1979,412,2.0,False
1979,1144,2.0,False
1979,315,1.0,False
1980,593,20.0,True
1980,517,20.0,True
1980,393,10.0,False
1980,1144,4.0,False
1980,1145,3.0,False
1980,315,2.0,False
1980,1266,1.0,False
1981,764,60.0,True
1981,517,30.0,False
1981,393,20.0,False
1981,582,10.0,False
1981,354,5.0,False
1981,1145,5.0,False
1981,574,5.0,False
1981,1232,4.0,False
1981,234,2.0,False
1981,412,1.0,False
1981,480,1.0,False
1981,1227,1.0,False
1981,1297,1.0,False
1982,593,20.0,True
1982,517,20.0,True
1982,393,10.0,False
1982,607,10.0,False
1982,1144,4.0,False
1982,1145,3.0,False
1982,315,2.0,False
1982,1266,1.0,False
1983,1065,20.0,True
1983,517,20.0,True
1983,593,20.0,True
1983,393,10.0,False
1983,1144,4.0,False
1983,1145,3.0,False
1983,315,2.0,False
1983,1266,1.0,False
1984,517,20.0,True
1984,593,20.0,True
1984,393,10.0,False
1984,618,10.0,False
1984,1144,4.0,False
1984,1145,3.0,False
1984,315,2.0,False
1984,1266,1.0,False
1985,512,30.0,True
1985,510,25.0,False
1985,1145,8.0,False
1985,1266,2.0,False
1985,1297,1.0,False
1986,517,60.0,True
1986,393,10.0,False
1986,1145,5.0,False
1986,1266,1.0,False
1986,315,1.0,False
1987,528,70.0,True
1987,573,6.0,False
1987,1145,5.0,False
1987,412,2.0,False
1987,1144,2.0,False
1987,1266,1.0,False
1987,315,1.0,False
1988,453,80.0,True
1988,1145,15.0,False
1988,1232,8.0,False
1988,575,5.0,False
1988,412,1.0,False
1988,234,1.0,False
1988,1144,1.0,False
1988,315,1.0,False
1989,534,50.0,True
1989,1232,6.0,False
1989,1145,5.0,False
1989,574,5.0,False
1989,412,2.0,False
1989,315,2.0,False
1989,1241,1.0,False
1989,1144,1.0,False
1990,538,50.0,True
1990,1145,5.0,False
1990,574,5.0,False
1990,1232,4.0,False
1990,412,2.0,False
1990,315,2.0,False
1990,1241,1.0,False
1990,1144,1.0,False
1991,551,35.0,True
1991,1232,4.0,False
1991,1145,3.0,False
1991,575,2.0,False
1991,1243,1.0,False
1991,412,1.0,False
1991,1144,1.0,False
1992,550,60.0,True
1992,1145,9.0,False
1992,573,6.0,False
1992,1232,4.0,False
1992,412,2.0,False
1992,1144,2.0,False
1992,315,1.0,False
1993,559,100.0,True
1993,810,50.0,False
1993,435,30.0,False
1993,1145,15.0,False
1993,1241,8.0,False
1993,575,5.0,False
1993,412,3.0,False
1993,1266,2.0,False
1993,1144,2.0,False
1993,1243,1.0,False
1994,352,45.0,True
1994,1145,6.0,False
1994,1232,5.0,False
1994,575,4.0,False
1994,1243,2.0,False
1994,412,2.0,False
1994,234,1.0,False
1995,593,70.0,True
1995,1145,15.0,False
1995,517,10.0,False
1995,1013,10.0,False
1995,575,5.0,False
1995,412,1.0,False
1995,1266,1.0,False
1995,1144,1.0,False
1995,315,1.0,False
1996,593,70.0,True
1996,1145,15.0,False
1996,1048,10.0,False
1996,517,10.0,False
1996,1013,10.0,False
1996,575,5.0,False
1996,412,1.0,False
1996,1266,1.0,False
1996,1144,1.0,False
1996,315,1.0,False
1997,1090,300.0,True
1997,1037,50.0,False
1997,1234,23.0,False
1997,352,15.0,False
1997,354,15.0,False
1997,412,12.0,False
1997,1243,1.0,False
1998,336,58.8,True
1998,517,16.8,False
1998,1232,4.2,False
1998,1145,2.7,False
1998,412,1.7,False
1998,1266,1.7,False
1998,1144,1.7,False
1998,573,1.7,False
1998,315,0.8,False
1999,425,43.8,True
1999,1248,6.2,False
1999,575,3.2,False
1999,1145,2.5,False
1999,1144,2.0,False
1999,1266,1.3,False
1999,1241,0.7,False
1999,412,0.7,False
2000,342,64.4,True
2000,574,4.6,False
2000,412,1.8,False
2000,315,1.0,False
2000,1145,1.0,False
2000,1241,0.9,False
2000,1266,0.5,False
2000,1144,0.5,False
2001,425,29.8,True
2001,1248,4.3,False
2001,575,2.1,False
2001,1145,1.0,False
2001,1266,0.9,False
2001,1144,0.9,False
2001,1241,0.4,False
2001,412,0.4,False
2002,1081,20.0,True
2002,1145,12.0,False
2002,234,12.0,False
2002,315,8.0,False
2003,1419,50.0,True
2003,1013,40.0,False
2003,1040,30.0,False
2003,516,15.0,False
2003,344,7.0,False
2003,1424,6.0,False
2003,412,5.0,False
2003,1242,4.0,False
2003,354,3.0,False
2003,574,2.0,False
2003,1145,2.0,False
2004,1419,60.0,True
2004,275,40.0,False
2004,575,10.0,False
2004,906,9.0,False
2004,362,7.0,False
2004,660,6.0,False
2004,352,3.0,False
2004,354,3.0,False
2004,412,3.0,False
2004,1144,3.0,False
2004,1246,2.0,False
2004,1232,2.0,False
2004,1241,1.0,False
2004,1243,0.5,False
2005,539,60.0,True
2005,486,40.0,False
2005,1385,30.0,False
2005,432,15.0,False
2005,1232,8.0,False
2005,575,4.0,False
2005,234,4.0,False
2005,617,3.0,False
2005,354,3.0,False
2005,412,3.0,False
2005,1144,3.0,False
2005,1145,2.0,False
2005,1243,1.0,False
2006,422,70.0,True
2006,553,20.0,False
2006,162,8.0,False
2006,1145,8.0,False
2006,227,5.0,False
2006,360,4.0,False
2006,1232,4.0,False
2006,1132,3.0,False
2006,1419,3.0,False
2006,234,2.0,False
2006,1241,1.0,False
2006,355,0.5,False
2006,1266,0.2,False
2006,313,0.2,False
2006,1297,0.1,False
2007,1419,100.0,True
2007,419,70.0,False
2007,817,20.0,False
2007,1232,6.0,False
2007,1227,3.0,False
2007,292,3.0,False
2007,1145,2.0,False
2007,1266,2.0,False
2007,1144,2.0,False
2007,234,1.0,False
2007,355,0.2,False
2007,1297,0.05,False
2008,1419,100.0,True
2008,426,50.0,False
2008,591,25.0,False
2008,516,15.0,False
2008,1246,7.0,False
2008,906,5.0,False
2008,1239,5.0,False
2008,1144,2.0,False
2008,1243,0.5,False
2009,525,40.0,True
2009,596,15.0,False
2009,616,15.0,False
2009,578,15.0,False
2009,412,5.0,False
2009,1232,3.0,False
2009,1145,2.0,False
2009,1144,2.0,False
2009,1243,1.0,False
2009,1266,0.2,False
2009,1297,0.05,False
2010,591,30.0,True
2010,833,20.0,False
2010,1419,20.0,False
2010,856,15.0,False
2010,163,10.0,False
2010,618,5.0,False
2010,354,3.0,False
2010,234,3.0,False
2010,1227,3.0,False
2010,412,2.0,False
2010,575,2.0,False
2010,1144,2.0,False
2010,1145,2.0,False
2010,1232,0.5,False
2010,1266,0.2,False
2010,1297,0.05,False
2011,1419,100.0,True
2011,524,20.0,False
2011,516,15.0,False
2011,392,12.0,False
2011,1289,12.0,False
2011,271,10.0,False
2011,225,4.0,False
2011,1145,3.0,False
2012,563,40.0,True
2012,334,30.0,False
2012,838,20.0,False
2012,575,8.0,False
2012,1232,4.0,False
2012,1424,4.0,False
2012,1145,3.0,False
2012,234,2.0,False
2013,538,30.0,True
2013,1385,30.0,True
2013,352,20.0,False
2013,516,15.0,False
2013,1419,15.0,False
2013,354,10.0,False
2013,51,9.0,False
2013,412,3.0,False
2013,1227,3.0,False
2013,1144,2.0,False
2013,1266,1.0,False
2013,1243,0.5,False
2013,1297,0.1,False
2014,201,100.0,True
2014,856,60.0,False
2014,528,25.0,False
2014,516,25.0,False
2014,392,20.0,False
2014,236,20.0,False
2014,354,17.0,False
2014,1389,15.0,False
2014,1144,15.0,False
2014,653,15.0,False
2014,358,14.0,False
2014,1232,12.0,False
2014,610,10.0,False
2014,1243,5.0,False
2014,1390,5.0,False
2014,575,5.0,False
2014,1298,1.0,False
2015,461,70.0,True
2015,318,10.0,False
2015,1398,10.0,False
2015,304,5.0,False
2015,1266,0.3,False
2016,275,80.0,True
2016,1145,3.0,False
2016,1266,2.0,False
2017,275,80.0,True
2017,375,10.0,False
2017,1145,3.0,False
2017,1266,2.0,False
2018,21,80.0,True
2018,788,30.0,False
2018,517,20.0,False
2018,227,12.0,False
2018,1232,10.0,False
2018,393,7.0,False
2018,575,5.0,False
2018,412,2.0,False
2018,234,2.0,False
2018,1144,1.0,False
2018,315,1.0,False
2018,1297,1.0,False
2019,517,85.0,True
2019,21,70.0,False
2019,1239,10.0,False
2019,393,5.0,False
2019,510,5.0,False
2019,234,4.0,False
2019,1232,3.0,False
2019,412,2.0,False
2019,574,2.0,False
2019,1241,1.0,False
2019,1144,1.0,False
2020,21,80.0,True
2020,1065,30.0,False
2020,517,20.0,False
2020,1239,10.0,False
2020,227,8.0,False
2020,393,7.0,False
2020,575,5.0,False
2020,412,2.0,False
2020,234,2.0,False
2020,1144,2.0,False
2020,315,1.0,False
2021,88,100.0,True
2021,510,20.0,False
2021,1239,10.0,False
2021,393,10.0,False
2021,517,10.0,False
2021,573,5.0,False
2021,1145,3.0,False
2021,1144,1.0,False
2022,275,50.0,True
2022,818,20.0,False
2022,607,20.0,False
2022,1145,15.0,False
2022,517,9.0,False
2022,1241,5.0,False
2022,581,5.0,False
2022,575,4.0,False
2022,1234,2.0,False
2022,227,2.0,False
2022,234,2.0,False
2022,209,2.0,False
2022,1227,2.0,False
2022,412,1.0,False
2022,480,1.0,False
2023,273,11.0,True
2023,1145,3.0,False
2023,234,2.0,False
2023,1232,1.0,False
2024,21,200.0,True
2024,818,50.0,False
2024,860,50.0,False
2024,528,30.0,False
2024,393,30.0,False
2024,517,20.0,False
2024,1145,14.0,False
2024,618,7.0,False
2024,1232,4.0,False
2024,1144,4.0,False
2025,21,120.0,True
2025,1065,50.0,False
2025,510,30.0,False
2025,517,30.0,False
2025,575,10.0,False
2025,227,10.0,False
2026,275,80.0,True
2026,547,50.0,False
2026,1242,4.0,False
2026,412,3.0,False
2026,1145,2.0,False
2026,1144,2.0,False
2026,234,1.0,False
2026,1243,0.5,False
2026,1266,0.4,False
2026,1297,0.1,False
2027,21,70.0,True
2027,850,30.0,False
2027,516,15.0,False
2027,392,10.0,False
2027,412,8.0,False
2027,575,5.0,False
2027,295,5.0,False
2027,676,5.0,False
2027,1227,4.0,False
2027,1232,4.0,False
2027,234,3.0,False
2027,1144,3.0,False
2027,1145,3.0,False
2027,480,1.0,False
2027,1243,0.5,False
2027,1297,0.05,False
2028,1419,100.0,True
2028,280,50.0,False
2028,285,20.0,False
2028,156,20.0,False
2028,163,20.0,False
2028,516,12.0,False
2028,574,5.0,False
2028,642,5.0,False
2028,1145,4.0,False
2028,412,4.0,False
2028,1266,1.3,False
2028,1297,0.05,False
2029,818,30.0,True
2029,860,30.0,True
2029,528,30.0,True
2029,393,20.0,False
2029,51,20.0,False
2029,618,10.0,False
2029,1145,3.0,False
2029,1266,1.0,False
2029,1144,1.0,False
2030,1333,20.0,True
2030,227,5.0,False
2030,1239,3.0,False
2030,1145,2.0,False
2030,1232,1.0,False
2030,412,1.0,False
2030,1144,1.0,False
2031,460,40.0,True
2031,788,20.0,False
2031,393,10.0,False
2031,517,10.0,False
2031,1234,6.0,False
2031,1145,5.0,False
2031,480,4.0,False
2031,234,2.0,False
2031,1144,2.0,False
2031,412,1.0,False
2031,1227,1.0,False
2032,200,50.0,True
2032,490,25.0,False
2032,788,20.0,False
2032,1232,10.0,False
2032,597,10.0,False
2032,393,10.0,False
2032,1145,8.0,False
2032,517,5.0,False
2032,412,4.0,False
2032,1144,2.0,False
2032,575,2.0,False
2032,1266,1.0,False
2032,1297,1.0,False
2033,200,50.0,True
2033,490,25.0,False
2033,788,20.0,False
2033,393,10.0,False
2033,618,10.0,False
2033,1232,9.0,False
2033,1145,6.0,False
2033,517,5.0,False
2033,412,4.0,False
2033,575,2.0,False
2033,1266,1.0,False
2033,1144,1.0,False
2033,1297,1.0,False
2034,200,30.0,True
2034,517,20.0,False
2034,821,15.0,False
2034,490,15.0,False
2034,597,10.0,False
2034,393,10.0,False
2034,1145,5.0,False
2034,1232,3.0,False
2034,236,2.0,False
2034,1144,2.0,False
2034,412,1.0,False
2034,1266,1.0,False
2035,200,50.0,True
2035,490,25.0,False
2035,818,20.0,False
2035,1232,10.0,False
2035,393,10.0,False
2035,601,10.0,False
2035,1145,6.0,False
2035,517,5.0,False
2035,412,4.0,False
2035,1144,3.0,False
2035,1266,2.0,False
2035,575,2.0,False
2035,1297,1.0,False
2036,200,50.0,True
2036,490,25.0,False
2036,818,20.0,False
2036,1232,12.0,False
2036,393,10.0,False
2036,618,10.0,False
2036,412,5.0,False
2036,517,5.0,False
2036,1145,5.0,False
2036,1266,3.0,False
2036,1144,3.0,False
2036,575,2.0,False
2036,1297,1.0,False
2037,788,80.0,True
2037,182,40.0,False
2037,510,30.0,False
2037,393,20.0,False
2037,517,20.0,False
2037,1145,15.0,False
2038,1056,40.0,True
2038,1037,20.0,False
2038,818,20.0,False
2038,517,20.0,False
2038,1062,20.0,False
2038,1145,15.0,False
2038,1144,5.0,False
2038,1227,5.0,False
2038,574,5.0,False
2038,412,3.0,False
2038,618,3.0,False
2038,1232,2.0,False
2038,1266,1.0,False
2039,559,200.0,True
2039,422,80.0,False
2039,350,80.0,False
2039,393,80.0,False
2039,435,50.0,False
2039,1075,10.0,False
2039,1241,1.0,False
2039,1266,1.0,False
2040,534,30.0,True
2040,1419,30.0,True
2040,596,10.0,False
2040,606,10.0,False
2040,616,10.0,False
2040,609,10.0,False
2040,209,6.0,False
2040,599,5.0,False
2040,1232,5.0,False
2040,574,4.0,False
2040,412,4.0,False
2040,1145,4.0,False
2040,234,3.0,False
2040,1227,3.0,False
2040,1270,3.0,False
2040,227,3.0,False
2040,355,2.0,False
2040,1242,2.0,False
2040,1144,2.0,False
2040,480,1.0,False
2040,1297,0.1,False
2041,817,20.0,True
2041,597,15.0,False
2041,199,15.0,False
2041,392,10.0,False
2041,516,10.0,False
2041,1232,8.0,False
2041,592,7.0,False
2041,575,4.0,False
2041,412,3.0,False
2041,1144,2.0,False
2041,1297,0.05,False
2042,1060,50.0,True
2042,995,25.0,False
2042,516,25.0,False
2042,1368,20.0,False
2042,766,20.0,False
2042,392,20.0,False
2042,434,20.0,False
2042,358,15.0,False
2042,354,15.0,False
2042,1145,15.0,False
2042,1232,10.0,False
2042,1390,5.0,False
2042,1144,5.0,False
2042,1243,1.0,False
2043,375,18.0,True
2043,509,15.0,False
2043,516,10.0,False
2043,1133,2.0,False
2043,575,1.0,False
2043,412,0.5,False
2043,1232,0.2,False
2043,1039,0.1,False
2043,313,0.1,False
2044,534,20.0,True
2044,516,10.0,False
2044,392,10.0,False
2044,221,6.0,False
2044,278,5.0,False
2044,1142,5.0,False
2044,1232,5.0,False
2044,1144,1.0,False
2044,233,0.5,False
2044,1243,0.5,False
2045,871,70.0,True
2045,422,40.0,False
2045,1232,10.0,False
2045,517,10.0,False
2045,573,5.0,False
2045,412,3.0,False
2045,1241,2.0,False
2045,1243,2.0,False
2045,1297,1.0,False
2046,873,70.0,True
2046,422,40.0,False
2046,517,10.0,False
2046,1232,5.0,False
2046,352,5.0,False
2046,1227,5.0,False
2046,234,3.0,False
2046,412,2.0,False
2046,354,1.0,False
2047,1023,20.0,True
2047,1232,10.0,False
2047,354,10.0,False
2047,1241,2.0,False
2047,573,2.0,False
2047,234,1.0,False
2047,1266,1.0,False
2048,1016,110.0,True
2048,422,20.0,False
2048,1232,9.0,False
2048,575,7.0,False
2048,234,5.0,False
2048,412,3.0,False
2048,1241,2.0,False
2048,1266,2.0,False
2048,1133,1.0,False
2048,1297,1.0,False
2049,876,85.0,True
2049,422,30.0,False
2049,352,10.0,False
2049,1239,10.0,False
2049,234,6.0,False
2049,1232,5.0,False
2049,412,5.0,False
2049,575,3.0,False
2049,1241,1.0,False
2050,884,85.0,True
2050,422,30.0,False
2050,352,10.0,False
2050,1239,10.0,False
2050,234,6.0,False
2050,1232,5.0,False
2050,412,5.0,False
2050,575,3.0,False
2050,1241,1.0,False
2051,1024,15.0,True
2051,1232,5.0,False
2051,1145,5.0,False
2051,412,1.0,False
2051,234,1.0,False
2051,315,1.0,False
2052,881,55.0,True
2052,234,4.0,False
2052,1232,3.0,False
2052,412,2.0,False
2052,575,2.0,False
2052,1241,1.0,False
2053,881,55.0,True
2053,227,10.0,False
2053,234,4.0,False
2053,1232,3.0,False
2053,412,2.0,False
2053,575,2.0,False
2053,1241,1.0,False
2054,882,70.0,True
2054,1232,10.0,False
2054,422,10.0,False
2054,517,10.0,False
2054,352,5.0,False
2054,1227,5.0,False
2054,1241,2.0,False
2054,412,2.0,False
2054,573,2.0,False
2054,354,1.0,False
2055,915,20.0,True
2055,352,10.0,False
2055,1232,5.0,False
2055,234,2.0,False
2055,315,1.0,False
2056,895,20.0,True
2056,1239,5.0,False
2056,575,5.0,False
2056,1232,2.0,False
2056,412,1.0,False
2056,1144,1.0,False
2056,315,1.0,False
2057,919,110.0,True
2057,422,20.0,False
2057,1232,9.0,False
2057,575,7.0,False
2057,234,5.0,False
2057,412,3.0,False
2057,1241,2.0,False
2057,1266,2.0,False
2057,315,2.0,False
2057,1133,1.0,False
2057,1297,1.0,False
2058,907,25.0,True
2058,352,10.0,False
2058,1239,8.0,False
2058,227,5.0,False
2058,1232,3.0,False
2058,1144,1.0,False
2058,315,1.0,False
2059,907,25.0,True
2059,352,20.0,False
2059,1239,8.0,False
2059,227,5.0,False
2059,1232,3.0,False
2059,1144,1.0,False
2059,315,1.0,False
2060,995,70.0,True
2060,422,40.0,False
2060,1232,10.0,False
2060,352,5.0,False
2060,412,5.0,False
2060,575,5.0,False
2060,1241,3.0,False
2060,1266,2.0,False
2060,1297,1.0,False
2061,925,55.0,True
2061,234,4.0,False
2061,1232,3.0,False
2061,412,2.0,False
2061,575,2.0,False
2061,1241,1.0,False
2062,931,50.0,True
2062,234,4.0,False
2062,1232,3.0,False
2062,412,2.0,False
2062,575,2.0,False
2062,1241,1.0,False
2063,932,70.0,True
2063,422,40.0,False
2063,1232,10.0,False
2063,352,5.0,False
2063,412,5.0,False
2063,573,5.0,False
2063,1241,3.0,False
2063,1266,2.0,False
2063,1297,1.0,False
2064,914,25.0,True
2064,1232,6.0,False
2064,573,5.0,False
2064,412,2.0,False
2064,1144,1.0,False
2065,938,55.0,True
2065,234,4.0,False
2065,1232,3.0,False
2065,412,2.0,False
2065,575,2.0,False
2065,1241,1.0,False
2066,939,70.0,True
2066,422,30.0,False
2066,517,10.0,False
2066,1227,10.0,False
2066,1232,2.0,False
2066,1243,2.0,False
2066,573,2.0,False
2066,1241,1.0,False
2066,412,1.0,False
2067,1041,20.0,True
2067,1232,5.0,False
2067,1145,5.0,False
2067,234,2.0,False
2067,412,1.0,False
2067,1144,1.0,False
2068,941,55.0,True
2068,234,4.0,False
2068,1232,3.0,False
2068,412,2.0,False
2068,575,2.0,False
2068,1241,1.0,False
2069,422,40.0,True
2069,949,40.0,True
2069,517,10.0,False
2069,1234,5.0,False
2069,1227,5.0,False
2069,227,3.0,False
2069,352,2.0,False
2069,412,2.0,False
2069,1241,1.0,False
2070,1065,50.0,True
2070,181,40.0,False
2070,1232,10.0,False
2070,573,2.0,False
2070,234,1.0,False
2071,1065,50.0,True
2071,181,40.0,False
2071,1232,10.0,False
2071,806,10.0,False
2071,573,2.0,False
2071,234,1.0,False
2072,1056,70.0,True
2072,422,40.0,False
2072,1234,10.0,False
2072,227,10.0,False
2072,517,10.0,False
2072,574,5.0,False
2072,1241,2.0,False
2072,412,2.0,False
2073,352,20.0,True
2073,1057,18.0,False
2073,227,5.0,False
2073,1232,4.0,False
2073,1241,2.0,False
2073,1243,1.0,False
2073,412,1.0,False
2074,1057,10.0,True
2074,234,3.0,False
2074,1239,2.0,False
2074,1145,2.0,False
2075,955,55.0,True
2075,234,4.0,False
2075,1232,3.0,False
2075,412,2.0,False
2075,575,2.0,False
2075,1241,1.0,False
2076,961,70.0,True
2076,1232,10.0,False
2076,1241,10.0,False
2076,517,10.0,False
2076,1239,5.0,False
2076,227,5.0,False
2076,1227,3.0,False
2076,354,2.0,False
2076,352,2.0,False
2076,412,2.0,False
2076,573,2.0,False
2077,966,70.0,True
2077,422,30.0,False
2077,517,10.0,False
2077,1227,5.0,False
2077,1232,3.0,False
2077,352,3.0,False
2077,412,1.0,False
2078,968,80.0,True
2078,422,40.0,False
2078,1232,10.0,False
2078,352,5.0,False
2078,1241,2.0,False
2078,412,2.0,False
2078,234,2.0,False
2078,480,1.0,False
2079,970,80.0,True
2079,422,40.0,False
2079,1232,10.0,False
2079,352,5.0,False
2079,1241,1.0,False
2079,412,1.0,False
2079,480,1.0,False
2079,234,1.0,False
2080,974,18.0,True
2080,227,8.0,False
2080,1232,3.0,False
2081,975,70.0,True
2081,422,30.0,False
2081,517,10.0,False
2081,1232,5.0,False
2081,1227,5.0,False
2081,573,5.0,False
2081,412,3.0,False
2081,1241,2.0,False
2081,1243,2.0,False
2081,480,2.0,False
2081,1297,1.0,False
2082,918,80.0,True
2082,422,40.0,False
2082,1232,10.0,False
2082,352,5.0,False
2082,575,5.0,False
2082,412,1.0,False
2082,480,1.0,False
2082,234,1.0,False
2083,1013,80.0,True
2083,1232,5.0,False
2083,227,5.0,False
2083,582,2.0,False
2083,412,1.0,False
2083,1144,1.0,False
2083,1297,1.0,False
2084,1013,75.0,True
2084,837,13.0,False
2084,412,5.0,False
2084,209,4.0,False
2084,225,3.5,False
2084,575,3.0,False
2084,480,3.0,False
2084,1144,2.5,False
2084,310,2.0,False
2085,422,32.0,True
2085,871,24.0,False
2085,517,8.0,False
2085,1232,6.4,False
2085,1139,4.8,False
2085,573,4.0,False
2085,412,2.4,False
2085,1241,1.6,False
2085,1243,1.6,False
2085,1297,0.8,False
2086,876,51.0,True
2086,422,16.8,False
2086,352,5.5,False
2086,1239,5.5,False
2086,234,3.4,False
2086,1232,2.9,False
2086,412,2.9,False
2086,575,1.6,False
2086,1241,0.5,False
2087,873,70.0,True
2087,589,40.0,False
2087,348,15.0,False
2087,516,10.0,False
2087,575,6.0,False
2087,1239,5.0,False
2087,354,4.0,False
2087,412,4.0,False
2087,1232,4.0,False
2087,234,2.0,False
2087,1241,1.0,False
2087,480,1.0,False
2087,1297,0.1,False
2088,917,70.0,True
2088,516,20.0,False
2088,1419,20.0,False
2088,480,11.0,False
2088,575,8.0,False
2088,1232,7.0,False
2088,1253,5.0,False
2088,412,4.0,False
2088,354,4.0,False
2088,234,3.0,False
2088,1076,2.0,False
2088,1145,2.0,False
2089,961,150.0,True
2089,516,60.0,False
2089,412,20.0,False
2089,358,17.0,False
2089,354,17.0,False
2089,480,15.0,False
2089,221,15.0,False
2089,1227,15.0,False
2089,1144,15.0,False
2089,404,10.0,False
2089,1232,10.0,False
2089,575,10.0,False
2089,1243,5.0,False
2089,1298,1.0,False
2090,1232,100.0,True
2090,857,20.0,False
2090,412,10.0,False
2090,227,5.0,False
2090,480,4.0,False
2090,1144,4.0,False
2091,820,100.0,True
2091,857,50.0,False
2091,1232,8.0,False
2091,227,6.0,False
2091,412,4.0,False
2091,480,4.0,False
2091,1144,4.0,False
2091,234,1.0,False
2092,775,60.0,True
2092,181,20.0,False
2092,517,20.0,False
2092,393,15.0,False
2092,153,10.0,False
2092,227,5.0,False
2092,1227,5.0,False
2092,1293,5.0,False
2092,1232,2.0,False
2092,412,2.0,False
2093,775,60.0,True
2093,181,20.0,False
2093,517,20.0,False
2093,393,15.0,False
2093,227,5.0,False
2093,1227,5.0,False
2093,1293,5.0,False
2093,1239,3.0,False
2093,1232,2.0,False
2093,412,2.0,False
2094,770,60.0,True
2094,393,10.0,False
2094,517,10.0,False
2094,227,5.0,False
2094,1232,2.0,False
2094,1241,2.0,False
2094,412,2.0,False
2094,1243,1.0,False
2095,775,60.0,True
2095,181,20.0,False
2095,393,20.0,False
2095,517,20.0,False
2095,1239,10.0,False
2095,227,5.0,False
2095,1227,5.0,False
2095,574,5.0,False
2095,1232,2.0,False
2095,412,2.0,False
2096,792,70.0,True
2096,181,40.0,False
2096,1232,10.0,False
2096,227,10.0,False
2096,1227,4.0,False
2096,412,2.0,False
2096,480,1.0,False
2097,792,60.0,True
2097,864,40.0,False
2097,1232,10.0,False
2097,352,10.0,False
2097,517,10.0,False
2097,1227,5.0,False
2097,412,4.0,False
2097,480,4.0,False
2097,227,3.0,False
2098,864,50.0,True
2098,1232,10.0,False
2098,573,5.0,False
2098,412,2.0,False
2098,227,2.0,False
2098,1266,2.0,False
2098,234,1.0,False
2098,517,1.0,False
2099,820,100.0,True
2099,1232,20.0,False
2099,412,5.0,False
2099,480,4.0,False
2099,1144,2.0,False
2100,820,400.0,True
2100,1232,100.0,False
2100,181,25.0,False
2100,412,10.0,False
2100,480,4.0,False
2100,1144,4.0,False
2100,1297,1.0,False
2101,820,100.0,True
2101,864,40.0,False
2101,1232,20.0,False
2101,412,5.0,False
2101,480,4.0,False
2101,1144,2.0,False
2102,820,20.0,True
2102,1232,7.0,False
2102,352,5.0,False
2102,1145,5.0,False
2102,575,5.0,False
2102,1241,2.0,False
2102,234,2.0,False
2102,412,1.0,False
2102,315,1.0,False
2103,804,40.0,True
2103,1232,10.0,False
2103,517,10.0,False
2103,573,5.0,False
2103,412,2.0,False
2103,1266,2.0,False
2103,234,1.0,False
2104,792,50.0,True
2104,1293,8.0,False
2104,1232,5.0,False
2104,227,5.0,False
2104,1145,5.0,False
2104,234,2.0,False
2104,315,2.0,False
2104,575,2.0,False
2104,412,1.0,False
2105,792,40.0,True
2105,857,20.0,False
2105,275,20.0,False
2105,51,15.0,False
2105,517,10.0,False
2105,227,5.0,False
2105,1293,5.0,False
2105,1239,4.0,False
2105,1145,3.0,False
2106,788,100.0,True
2106,517,20.0,False
2106,1145,15.0,False
2106,393,10.0,False
2106,51,10.0,False
2106,582,10.0,False
2106,1293,7.0,False
2106,1276,5.0,False
2106,1266,2.0,False
2106,1297,1.0,False
2107,806,40.0,True
2107,1232,10.0,False
2107,517,10.0,False
2107,573,5.0,False
2107,412,2.0,False
2107,1266,2.0,False
2107,234,1.0,False
2108,792,38.3,True
2108,864,25.5,False
2108,352,12.8,False
2108,517,12.8,False
2108,1232,10.2,False
2108,1227,6.4,False
2108,412,5.1,False
2108,480,5.1,False
2108,227,3.8,False
2109,820,35.4,True
2109,1232,7.1,False
2109,1144,3.5,False
2109,412,2.2,False
2109,480,1.8,False
2110,864,30.0,True
2110,1232,6.9,False
2110,573,3.4,False
2110,412,1.3,False
2110,227,1.3,False
2110,1266,1.3,False
2110,517,1.0,False
2110,234,0.8,False
2111,1351,60.0,True
2111,609,15.0,False
2111,616,15.0,False
2111,606,15.0,False
2111,1419,15.0,False
2111,412,5.0,False
2111,209,4.0,False
2111,1232,4.0,False
2111,575,4.0,False
2111,354,4.0,False
2111,1227,3.0,False
2111,480,1.0,False
2111,1076,1.0,False
2111,1266,0.2,False
2111,1297,0.1,False
2112,766,60.0,True
2112,577,15.0,False
2112,578,15.0,False
2112,516,12.0,False
2112,581,12.0,False
2112,1232,5.0,False
2112,412,4.0,False
2112,1227,3.0,False
2112,234,3.0,False
2112,660,3.0,False
2112,1144,2.0,False
2112,480,1.0,False
2112,1243,0.5,False
2112,1266,0.2,False
2112,1297,0.05,False
2113,797,60.0,True
2113,616,15.0,False
2113,1419,15.0,False
2113,478,10.0,False
2113,1339,10.0,False
2113,516,8.0,False
2113,392,8.0,False
2113,552,6.0,False
2113,412,5.0,False
2113,1232,5.0,False
2113,1227,4.0,False
2113,209,4.0,False
2113,404,4.0,False
2113,480,3.0,False
2113,1145,3.0,False
2113,354,3.0,False
2113,358,3.0,False
2113,575,3.0,False
2113,234,3.0,False
2113,1266,0.4,False
2113,1297,0.1,False
2114,1354,60.0,True
2114,1419,30.0,False
2114,1335,15.0,False
2114,225,5.0,False
2114,1253,5.0,False
2114,1239,5.0,False
2114,412,3.0,False
2114,1232,3.0,False
2114,1241,0.5,False
2115,794,90.0,True
2115,426,70.0,False
2115,422,50.0,False
2115,516,20.0,False
2115,575,13.0,False
2115,1232,8.0,False
2115,1239,5.0,False
2115,412,4.0,False
2115,1144,4.0,False
2115,354,3.0,False
2115,358,3.0,False
2115,480,2.0,False
2115,1241,1.5,False
2115,1243,1.0,False
2115,1297,0.1,False
2116,850,40.0,True
2116,856,30.0,False
2116,516,15.0,False
2116,356,10.0,False
2116,575,8.0,False
2116,412,5.0,False
2116,1232,5.0,False
2116,234,2.0,False
2116,1297,0.05,False
2117,838,40.0,True
2117,356,40.0,True
2117,864,20.0,False
2117,575,10.0,False
2117,1232,10.0,False
2117,412,8.0,False
2117,234,5.0,False
2117,355,3.0,False
2117,480,2.0,False
2117,1076,1.0,False
2117,1297,0.1,False
2118,780,200.0,True
2118,766,150.0,False
2118,563,125.0,False
2118,516,80.0,False
2118,589,35.0,False
2118,1403,30.0,False
2118,461,25.0,False
2118,606,20.0,False
2118,609,17.5,False
2118,392,15.0,False
2118,334,15.0,False
2118,1390,4.0,False
2118,480,2.5,False
2118,1277,1.0,False
2118,1298,0.3,False
2118,1275,0.25,False
2118,439,0.25,False
2118,576,0.1,False
2119,1368,200.0,True
2119,864,100.0,False
2119,565,100.0,False
2119,356,50.0,False
2119,516,45.0,False
2119,412,30.0,False
2119,1232,27.0,False
2119,233,15.0,False
2119,1298,1.0,False
2120,336,60.0,True
2120,820,20.0,False
2120,517,10.0,False
2120,1232,5.0,False
2120,575,5.0,False
2120,234,2.0,False
2120,1266,2.0,False
2120,1144,1.0,False
2120,1297,1.0,False
2121,181,30.0,True
2121,1232,7.0,False
2121,227,4.0,False
2121,234,2.0,False
2122,181,70.0,True
2122,1066,20.0,False
2122,517,10.0,False
2122,575,5.0,False
2122,1232,4.0,False
2122,234,1.0,False
2122,315,1.0,False
2123,197,75.0,True
2123,1232,10.0,False
2123,393,10.0,False
2123,517,10.0,False
2123,352,5.0,False
2123,227,5.0,False
2123,1241,2.0,False
2123,573,2.0,False
2123,1243,1.0,False
2123,234,1.0,False
2123,1266,1.0,False
2124,405,20.0,True
2124,1232,8.0,False
2124,575,3.0,False
2124,1133,2.0,False
2124,412,2.0,False
2124,234,2.0,False
2124,1241,1.0,False
2124,1243,1.0,False
2125,393,70.0,True
2125,1234,10.0,False
2125,517,10.0,False
2125,227,5.0,False
2125,1145,3.0,False
2125,573,2.0,False
2126,416,70.0,True
2126,1232,10.0,False
2126,227,5.0,False
2126,573,5.0,False
2126,1241,2.0,False
2126,1243,1.0,False
2126,234,1.0,False
2126,1266,1.0,False
2127,416,70.0,True
2127,1232,10.0,False
2127,907,10.0,False
2127,227,5.0,False
2127,573,5.0,False
2127,1241,2.0,False
2127,1243,1.0,False
2127,234,1.0,False
2127,1266,1.0,False
2128,422,70.0,True
2128,1232,10.0,False
2128,573,5.0,False
2128,1241,2.0,False
2128,1243,1.0,False
2128,234,1.0,False
2128,1266,1.0,False
2129,607,40.0,True
2129,597,30.0,False
2129,1232,10.0,False
2129,573,5.0,False
2129,1241,2.0,False
2129,1243,1.0,False
2129,234,1.0,False
2129,1266,1.0,False
2130,524,40.0,True
2130,227,20.0,False
2130,1232,4.0,False
2130,234,3.0,False
2130,1243,2.0,False
2131,534,50.0,True
2131,1232,11.0,False
2131,227,5.0,False
2131,1145,5.0,False
2131,1266,2.0,False
2131,1243,1.0,False
2132,534,50.0,True
2132,820,20.0,False
2132,1232,11.0,False
2132,227,5.0,False
2132,1266,2.0,False
2133,534,50.0,True
2133,1065,30.0,False
2133,227,10.0,False
2133,1234,5.0,False
2133,1144,4.0,False
2133,412,1.0,False
2134,216,50.0,True
2134,1232,10.0,False
2134,352,10.0,False
2134,354,7.0,False
2134,227,5.0,False
2134,412,3.0,False
2134,234,3.0,False
2134,574,2.0,False
2134,1243,1.0,False
2135,352,50.0,True
2135,1232,10.0,False
2135,1241,2.0,False
2135,573,2.0,False
2135,1243,1.0,False
2135,234,1.0,False
2135,1266,1.0,False
2136,593,70.0,True
2136,1232,10.0,False
2136,227,3.0,False
2136,1241,2.0,False
2136,573,2.0,False
2136,1243,1.0,False
2136,1266,1.0,False
2137,336,30.2,True
2137,820,14.0,False
2137,517,5.1,False
2137,1144,3.3,False
2137,1232,2.5,False
2137,575,2.5,False
2137,1266,1.0,False
2137,234,1.0,False
2137,1297,0.5,False
2138,336,30.2,True
2138,820,10.0,False
2138,517,5.1,False
2138,1144,3.3,False
2138,1232,2.5,False
2138,575,2.5,False
2138,1266,1.0,False
2138,234,1.0,False
2138,1297,0.5,False
2139,275,80.0,True
2139,516,10.0,False
2139,575,6.0,False
2139,1232,6.0,False
2139,234,4.0,False
2139,362,3.0,False
2139,354,3.0,False
2139,412,3.0,False
2139,1144,2.0,False
2139,1241,1.0,False
2139,1243,0.5,False
2140,1419,100.0,True
2140,378,40.0,False
2140,131,30.0,False
2140,1246,4.0,False
2140,906,3.0,False
2140,412,3.0,False
2140,1133,3.0,False
2140,1076,2.0,False
2141,563,200.0,True
2141,268,100.0,False
2141,516,50.0,False
2141,606,30.0,False
2141,233,4.0,False
2141,1298,2.0,False
2141,576,2.0,False
2142,1419,200.0,True
2142,202,100.0,False
2142,180,50.0,False
2142,1232,15.0,False
2142,1253,15.0,False
2142,1075,10.0,False
2142,233,10.0,False
2142,1271,10.0,False
2142,352,5.0,False
2142,354,5.0,False
2142,1144,3.0,False
2143,202,70.0,True
2143,820,10.0,False
2143,517,10.0,False
2143,1232,7.0,False
2143,575,5.0,False
2143,412,2.0,False
2143,234,2.0,False
2144,275,60.0,True
2144,1239,8.0,False
2144,575,6.0,False
2144,1145,5.0,False
2144,412,3.0,False
2144,1232,2.0,False
2144,1241,1.0,False
2144,1243,1.0,False
2144,1144,1.0,False
2145,275,60.0,True
2145,227,10.0,False
2145,1239,8.0,False
2145,575,6.0,False
2145,1145,5.0,False
2145,412,3.0,False
2145,1232,2.0,False
2145,1241,1.0,False
2145,1243,1.0,False
2145,1144,1.0,False
2146,275,80.0,True
2146,792,10.0,False
2146,1232,7.0,False
2146,412,4.0,False
2146,1145,3.0,False
2146,1243,2.0,False
2146,1241,1.0,False
2146,574,1.0,False
2147,1232,30.0,True
2147,295,20.0,False
2147,227,13.0,False
2147,575,10.0,False
2147,412,5.0,False
2147,234,4.0,False
2147,1144,4.0,False
2147,1243,2.0,False
2148,21,60.0,True
2148,1239,8.0,False
2148,575,6.0,False
2148,1145,5.0,False
2148,412,3.0,False
2148,1232,2.0,False
2148,1241,1.0,False
2148,1243,1.0,False
2148,1144,1.0,False
2149,1302,60.0,True
2149,1239,8.0,False
2149,575,6.0,False
2149,1145,5.0,False
2149,412,3.0,False
2149,1232,2.0,False
2149,1241,1.0,False
2149,1243,1.0,False
2149,1144,1.0,False
2150,298,50.0,True
2150,227,8.0,False
2150,1232,5.0,False
2150,1144,4.0,False
2150,234,2.0,False
2151,278,50.0,True
2151,1232,5.0,False
2151,234,3.0,False
2151,1243,1.0,False
2151,1145,1.0,False
2151,573,1.0,False
2152,273,11.0,True
2152,1232,6.0,False
2152,234,2.0,False
2152,315,1.0,False
2153,275,160.0,True
2153,1145,14.0,False
2153,575,2.0,False
2154,181,500.0,True
2154,151,200.0,False
2154,1232,52.0,False
2154,356,50.0,False
2154,227,20.0,False
2154,412,15.0,False
2154,1253,15.0,False
2154,1145,14.0,False
2154,234,12.0,False
2154,315,1.0,False
2154,1297,0.1,False
2155,272,200.0,True
2155,234,24.0,False
2155,227,7.0,False
2155,1232,5.0,False
2155,315,2.0,False
2156,275,40.0,True
2156,265,30.0,False
2156,1232,5.0,False
2156,209,4.0,False
2156,1253,4.0,False
2156,1227,4.0,False
2156,412,3.0,False
2156,1145,3.0,False
2156,236,2.0,False
2156,1144,2.0,False
2156,1266,2.0,False
2156,480,1.0,False
2156,1297,0.05,False
2157,871,70.0,True
2157,51,8.0,False
2157,1145,5.0,False
2157,1266,2.0,False
2158,873,70.0,True
2158,53,5.0,False
2158,1145,5.0,False
2158,1266,2.0,False
2159,1021,40.0,True
2159,53,15.0,False
2159,1145,10.0,False
2159,51,5.0,False
2160,877,70.0,True
2160,860,10.0,False
2160,53,5.0,False
2160,1145,5.0,False
2160,1266,3.0,False
2161,884,70.0,True
2161,860,10.0,False
2161,53,5.0,False
2161,1145,5.0,False
2161,1266,3.0,False
2162,971,70.0,True
2162,53,15.0,False
2162,860,10.0,False
2162,1145,5.0,False
2163,881,70.0,True
2163,53,15.0,False
2163,860,10.0,False
2163,1145,5.0,False
2163,1266,3.0,False
2164,886,40.0,True
2164,53,15.0,False
2164,1145,10.0,False
2164,51,5.0,False
2165,894,70.0,True
2165,53,15.0,False
2165,860,10.0,False
2165,1145,5.0,False
2165,1266,3.0,False
2166,903,70.0,True
2166,53,15.0,False
2166,860,10.0,False
2166,1145,5.0,False
2166,1266,3.0,False
2167,919,50.0,True
2167,1145,8.0,False
2167,209,5.0,False
2167,1266,2.0,False
2167,1297,1.0,False
2168,919,50.0,True
2168,860,20.0,False
2168,51,15.0,False
2168,1145,10.0,False
2168,1266,1.0,False
2168,1297,1.0,False
2169,921,40.0,True
2169,53,15.0,False
2169,1145,10.0,False
2169,51,5.0,False
2170,905,70.0,True
2170,51,10.0,False
2170,1145,5.0,False
2170,1266,2.0,False
2171,923,70.0,True
2171,860,10.0,False
2171,53,5.0,False
2171,1145,5.0,False
2171,1266,3.0,False
2172,1019,40.0,True
2172,53,15.0,False
2172,1145,10.0,False
2172,51,5.0,False
2173,925,40.0,True
2173,53,15.0,False
2173,1145,10.0,False
2173,51,5.0,False
2174,931,8.0,True
2174,51,8.0,True
2174,1145,5.0,False
2175,932,70.0,True
2175,51,10.0,False
2175,1145,5.0,False
2175,1266,3.0,False
2176,934,40.0,True
2176,53,15.0,False
2176,1145,10.0,False
2176,51,5.0,False
2177,936,40.0,True
2177,53,15.0,False
2177,1145,10.0,False
2177,51,5.0,False
2178,957,40.0,True
2178,53,15.0,False
2178,1145,10.0,False
2178,51,5.0,False
2179,914,25.0,True
2179,51,8.0,False
2179,1239,5.0,False
2179,227,5.0,False
2179,1145,5.0,False
2179,1266,2.0,False
2179,1144,2.0,False
2179,1241,1.0,False
2180,914,40.0,True
2180,53,15.0,False
2180,1145,10.0,False
2180,51,5.0,False
2181,939,70.0,True
2181,51,5.0,False
2181,1145,5.0,False
2181,1266,3.0,False
2182,1035,3.0,True
2183,978,40.0,True
2183,53,15.0,False
2183,1145,10.0,False
2183,51,5.0,False
2184,894,70.0,True
2184,51,10.0,False
2184,1145,5.0,False
2185,963,40.0,True
2185,1145,8.0,False
2186,1065,50.0,True
2186,860,15.0,False
2186,1145,15.0,False
2186,53,5.0,False
2187,950,70.0,True
2187,53,15.0,False
2187,860,10.0,False
2187,1145,5.0,False
2187,1266,3.0,False
2188,1056,70.0,True
2188,860,10.0,False
2188,517,10.0,False
2188,528,10.0,False
2188,748,10.0,False
2188,393,5.0,False
2188,209,5.0,False
2188,1145,5.0,False
2188,1293,5.0,False
2188,1144,4.0,False
2188,234,3.0,False
2188,1266,2.0,False
2188,1272,2.0,False
2188,1232,1.0,False
2189,1056,70.0,True
2189,860,10.0,False
2189,53,5.0,False
2189,1145,5.0,False
2189,1266,3.0,False
2190,937,70.0,True
2190,53,15.0,False
2190,860,10.0,False
2190,1145,5.0,False
2190,1266,3.0,False
2191,955,70.0,True
2191,53,15.0,False
2191,860,10.0,False
2191,1145,5.0,False
2191,1266,3.0,False
2192,961,40.0,True
2192,53,15.0,False
2192,1145,10.0,False
2192,51,5.0,False
2193,970,70.0,True
2193,860,10.0,False
2193,53,5.0,False
2193,1145,5.0,False
2193,1266,3.0,False
2194,974,18.0,True
2194,53,15.0,False
2194,1145,5.0,False
2194,393,1.0,False
2194,573,1.0,False
2195,888,70.0,True
2195,51,8.0,False
2195,1239,5.0,False
2195,227,5.0,False
2195,1145,5.0,False
2195,1266,2.0,False
2195,1144,2.0,False
2195,1241,1.0,False
2196,888,70.0,True
2196,53,15.0,False
2196,860,10.0,False
2196,1145,5.0,False
2196,1266,3.0,False
2197,975,70.0,True
2197,53,15.0,False
2197,860,10.0,False
2197,1145,5.0,False
2197,1266,3.0,False
2198,970,70.0,True
2198,53,15.0,False
2198,860,10.0,False
2198,1145,5.0,False
2198,1266,3.0,False
2199,1076,40.0,True
2199,1145,12.0,False
2199,234,9.0,False
2199,315,7.0,False
2200,275,50.0,True
2200,856,20.0,False
2200,209,15.0,False
2200,1053,14.0,False
2200,1044,14.0,False
2200,49,10.0,False
2200,516,10.0,False
2200,225,5.0,False
2200,1034,5.0,False
2200,1232,5.0,False
2200,412,2.0,False
2200,572,2.0,False
2201,875,300.0,True
2201,1145,200.0,False
2201,1113,200.0,False
2201,209,50.0,False
2201,180,50.0,False
2201,591,25.0,False
2201,565,25.0,False
2201,1403,25.0,False
2201,1289,20.0,False
2201,516,20.0,False
2201,225,15.0,False
2202,773,60.0,True
2202,860,10.0,False
2202,227,10.0,False
2202,209,10.0,False
2202,1293,8.0,False
2202,352,5.0,False
2202,1239,5.0,False
2202,1227,5.0,False
2202,1145,5.0,False
2202,295,2.0,False
2202,412,2.0,False
2202,354,1.0,False
2202,1297,1.0,False
2203,773,60.0,True
2203,860,10.0,False
2203,227,10.0,False
2203,209,10.0,False
2203,1239,5.0,False
2203,1227,5.0,False
2203,1145,5.0,False
2203,1266,2.0,False
2203,412,1.0,False
2203,480,1.0,False
2203,234,1.0,False
2203,1297,1.0,False
2204,773,60.0,True
2204,860,10.0,False
2204,50,10.0,False
2204,51,6.0,False
2204,1145,5.0,False
2204,1266,1.0,False
2204,1297,1.0,False
2205,788,50.0,True
2205,51,17.0,False
2205,860,14.0,False
2205,50,14.0,False
2205,1145,10.0,False
2205,1266,2.0,False
2205,412,1.0,False
2205,1297,1.0,False
2206,788,20.0,True
2206,860,10.0,False
2206,275,10.0,False
2206,51,8.0,False
2206,1145,7.0,False
2206,517,6.0,False
2206,393,4.0,False
2206,412,4.0,False
2206,1266,2.0,False
2206,575,2.0,False
2206,1144,1.0,False
2206,1297,1.0,False
2207,788,60.0,True
2207,51,17.0,False
2207,860,10.0,False
2207,1145,8.0,False
2207,1232,5.0,False
2207,480,1.0,False
2207,1297,1.0,False
2208,788,60.0,True
2208,860,10.0,False
2208,209,5.0,False
2208,1145,5.0,False
2208,1266,1.0,False
2208,1297,1.0,False
2209,773,60.0,True
2209,860,10.0,False
2209,227,10.0,False
2209,209,10.0,False
2209,1293,8.0,False
2209,352,5.0,False
2209,1239,5.0,False
2209,1227,5.0,False
2209,1145,5.0,False
2209,295,2.0,False
2209,412,2.0,False
2209,354,1.0,False
2209,1297,1.0,False
2210,812,60.0,True
2210,860,10.0,False
2210,209,5.0,False
2210,1145,5.0,False
2210,1266,1.0,False
2210,1297,1.0,False
2211,818,60.0,True
2211,860,20.0,False
2211,50,10.0,False
2211,51,10.0,False
2211,1145,5.0,False
2211,1266,1.0,False
2211,1297,1.0,False
2212,818,60.0,True
2212,860,10.0,False
2212,51,10.0,False
2212,1293,10.0,False
2212,1145,5.0,False
2212,1266,1.0,False
2212,1297,1.0,False
2213,804,40.0,True
2213,860,22.0,False
2213,50,10.0,False
2213,209,10.0,False
2213,51,6.0,False
2213,1145,5.0,False
2213,1266,1.0,False
2213,1297,1.0,False
2214,765,60.0,True
2214,860,10.0,False
2214,227,10.0,False
2214,209,10.0,False
2214,1292,8.0,False
2214,352,5.0,False
2214,1239,5.0,False
2214,1227,5.0,False
2214,1145,5.0,False
2214,295,2.0,False
2214,412,2.0,False
2214,354,1.0,False
2214,480,1.0,False
2214,1297,1.0,False
2215,788,60.0,True
2215,528,20.0,False
2215,209,20.0,False
2215,860,10.0,False
2215,393,10.0,False
2215,517,10.0,False
2215,234,5.0,False
2215,1145,5.0,False
2215,1293,5.0,False
2215,1232,3.0,False
2215,412,3.0,False
2215,1297,1.0,False
2216,806,40.0,True
2216,860,22.0,False
2216,50,10.0,False
2216,51,6.0,False
2216,1145,5.0,False
2216,1266,1.0,False
2216,1297,1.0,False
2217,1040,40.0,True
2217,461,30.0,False
2217,747,15.0,False
2217,1339,8.0,False
2217,1252,8.0,False
2217,1113,8.0,False
2217,858,6.0,False
2217,1178,6.0,False
2217,209,5.0,False
2217,295,3.0,False
2217,1145,2.0,False
2217,1266,0.4,False
2218,766,60.0,True
2218,38,20.0,False
2218,856,12.0,False
2218,209,11.0,False
2218,1145,10.0,False
2218,1252,6.0,False
2218,1232,5.0,False
2218,1227,4.0,False
2218,583,4.0,False
2218,225,3.0,False
2218,1270,3.0,False
2218,1178,3.0,False
2218,1235,1.0,False
2219,789,40.0,True
2219,575,10.0,False
2219,1145,5.0,False
2219,209,3.0,False
2219,1253,3.0,False
2219,412,3.0,False
2219,1232,2.0,False
2219,234,2.0,False
2219,1233,2.0,False
2219,227,2.0,False
2219,1243,0.3,False
2219,1297,0.05,False
2220,1145,200.0,True
2220,856,60.0,False
2220,1355,40.0,False
2220,50,30.0,False
2220,646,30.0,False
2220,1419,30.0,False
2220,589,25.0,False
2220,180,25.0,False
2220,516,15.0,False
2220,51,15.0,False
2220,1347,15.0,False
2220,722,15.0,False
2220,1232,6.0,False
2220,1144,5.0,False
2220,1250,1.0,False
2220,1298,1.0,False
2220,1390,1.0,False
2220,1243,1.0,False
2221,779,90.0,True
2221,766,50.0,False
2221,1113,50.0,False
2221,1351,30.0,False
2221,292,30.0,False
2221,461,15.0,False
2221,412,15.0,False
2221,606,10.0,False
2221,51,10.0,False
2221,516,10.0,False
2221,304,5.0,False
2221,1398,1.0,False
2222,1351,300.0,True
2222,1419,200.0,False
2222,209,80.0,False
2222,652,70.0,False
2222,1403,30.0,False
2222,233,20.0,False
2222,757,15.0,False
2222,747,15.0,False
2222,1227,10.0,False
2222,1232,5.0,False
2222,1266,2.0,False
2222,1298,0.2,False
2223,919,120.0,True
2223,856,60.0,False
2223,209,30.0,False
2223,392,15.0,False
2223,528,15.0,False
2223,516,15.0,False
2223,1271,15.0,False
2223,589,10.0,False
2223,53,10.0,False
2223,1419,10.0,False
2223,599,3.0,False
2224,336,50.0,True
2224,788,20.0,False
2224,275,10.0,False
2224,1145,10.0,False
2224,51,8.0,False
2224,209,6.0,False
2224,1266,5.0,False
2224,412,2.0,False
2224,575,2.0,False
2225,352,40.0,True
2225,51,10.0,False
2225,1145,8.0,False
2225,1266,2.0,False
2225,234,1.0,False
2226,405,20.0,True
2226,53,10.0,False
2226,1145,5.0,False
2226,1266,1.0,False
2227,397,50.0,True
2227,860,20.0,False
2227,53,10.0,False
2227,1145,5.0,False
2227,1266,1.0,False
2228,524,60.0,True
2228,860,20.0,False
2228,53,10.0,False
2228,1145,5.0,False
2228,1266,1.0,False
2229,530,10.0,True
2229,860,10.0,True
2229,53,6.0,False
2229,1145,5.0,False
2229,1266,2.0,False
2230,333,1000.0,True
2230,1145,200.0,False
2230,162,100.0,False
2230,291,45.0,False
2230,1239,20.0,False
2230,1234,15.0,False
2230,1241,6.0,False
2230,1266,1.0,False
2231,352,100.0,True
2231,1145,18.0,False
2231,51,16.0,False
2231,1266,3.0,False
2232,1419,40.0,True
2232,404,10.0,False
2232,163,8.0,False
2232,1145,5.0,False
2232,314,1.0,False
2232,1266,0.3,False
2233,589,40.0,True
2233,812,30.0,False
2233,856,30.0,False
2233,509,20.0,False
2233,1145,10.0,False
2233,48,6.0,False
2233,227,6.0,False
2233,50,4.0,False
2233,1235,3.0,False
2233,1297,0.2,False
2233,1266,0.1,False
2234,395,40.0,True
2234,53,15.0,False
2234,163,12.0,False
2234,280,12.0,False
2234,1145,8.0,False
2234,1252,3.0,False
2234,225,3.0,False
2234,1243,2.0,False
2234,1232,2.0,False
2234,1266,0.1,False
2235,352,40.0,True
2235,1040,40.0,True
2235,1419,24.0,False
2235,53,12.0,False
2235,1145,12.0,False
2235,516,10.0,False
2235,50,6.0,False
2235,1232,3.0,False
2235,574,2.0,False
2235,234,2.0,False
2235,1270,2.0,False
2235,209,1.0,False
2235,1266,0.1,False
2235,1297,0.05,False
2236,192,130.0,True
2236,1145,5.0,False
2236,1266,2.0,False
2237,198,100.0,True
2237,234,44.0,False
2237,1145,10.0,False
2237,227,2.0,False
2237,315,1.0,False
2238,198,100.0,True
2238,209,10.0,False
2238,1145,10.0,False
2239,51,42.0,True
2239,198,30.0,False
2239,393,20.0,False
2239,1145,10.0,False
2240,275,80.0,True
2240,209,10.0,False
2240,1232,7.0,False
2240,1145,5.0,False
2240,234,4.0,False
2240,1241,1.0,False
2240,412,1.0,False
2241,818,30.0,True
2241,860,25.0,False
2241,275,20.0,False
2241,53,10.0,False
2241,517,10.0,False
2241,1145,10.0,False
2241,51,3.0,False
2241,576,3.0,False
2241,1266,2.0,False
2241,1297,1.0,False
2242,1303,150.0,True
2242,517,5.0,False
2242,153,5.0,False
2242,266,5.0,False
2242,209,5.0,False
2242,1145,5.0,False
2242,393,3.0,False
2242,234,3.0,False
2242,1266,3.0,False
2242,1270,3.0,False
2243,275,80.0,True
2243,51,60.0,False
2243,788,40.0,False
2243,487,40.0,False
2243,200,10.0,False
2243,574,10.0,False
2243,1145,5.0,False
2243,412,4.0,False
2243,1266,3.0,False
2244,864,60.0,True
2244,860,10.0,False
2244,53,5.0,False
2244,1145,5.0,False
2244,1266,3.0,False
2245,298,40.0,True
2245,860,10.0,False
2245,53,5.0,False
2245,1145,5.0,False
2245,1266,3.0,False
2246,697,50.0,True
2246,860,10.0,False
2246,53,5.0,False
2246,1145,5.0,False
2246,1266,3.0,False
2247,860,100.0,True
2247,50,40.0,False
2247,818,40.0,False
2247,517,40.0,False
2247,1145,20.0,False
2247,51,15.0,False
2247,1137,15.0,False
2247,1113,15.0,False
2247,1266,1.0,False
2247,1297,1.0,False
2248,102,50.0,True
2248,1145,5.0,False
2248,234,3.0,False
2249,153,50.0,True
2249,51,20.0,False
2249,517,10.0,False
2249,582,10.0,False
2249,53,5.0,False
2249,1145,5.0,False
2249,618,5.0,False
2250,175,50.0,True
2250,1145,10.0,False
2251,1145,20.0,True
2251,153,20.0,True
2251,53,20.0,True
2251,273,20.0,True
2251,192,20.0,True
2251,860,20.0,True
2251,393,10.0,False
2251,51,10.0,False
2252,21,50.0,True
2252,804,20.0,False
2252,1419,10.0,False
2252,227,5.0,False
2252,295,4.0,False
2252,1145,3.0,False
2252,1232,1.0,False
2253,148,70.0,True
2253,1145,18.0,False
2253,227,15.0,False
2253,856,10.0,False
2253,295,5.0,False
2253,209,3.0,False
2253,51,3.0,False
2253,234,1.0,False
2253,1266,0.1,False
2254,952,130.0,True
2254,1365,100.0,False
2254,50,60.0,False
2254,1381,50.0,False
2254,856,40.0,False
2254,392,30.0,False
2254,580,30.0,False
2254,516,30.0,False
2254,1252,20.0,False
2254,1271,20.0,False
2254,1142,20.0,False
2254,1244,15.0,False
2254,653,15.0,False
2254,1232,10.0,False
2254,1390,10.0,False
2254,225,10.0,False
2254,1243,5.0,False
2255,50,80.0,True
2255,87,50.0,False
2255,856,45.0,False
2255,1359,40.0,False
2255,565,20.0,False
2255,1237,20.0,False
2255,227,20.0,False
2255,236,20.0,False
2255,209,15.0,False
2255,1256,15.0,False
2255,480,10.0,False
2255,244,10.0,False
2255,313,8.0,False
2255,295,5.0,False
2255,1142,5.0,False
2255,1381,2.0,False
2256,1066,20.0,True
2256,51,20.0,True
2256,860,15.0,False
2256,1145,8.0,False
2256,200,6.0,False
2256,354,3.0,False
2256,1074,3.0,False
2256,1266,2.0,False
2257,162,10.0,True
2257,234,4.0,False
2257,1145,3.0,False
2257,1074,2.0,False
2257,315,1.0,False
2258,1078,6.0,True
2258,234,5.0,False
2258,1145,5.0,False
2258,162,4.0,False
2258,315,2.0,False
2259,1078,6.0,True
2259,234,5.0,False
2259,1145,5.0,False
2260,1087,20.0,True
2260,234,4.0,False
2260,1145,3.0,False
2260,162,2.0,False
2260,315,1.0,False
2261,1145,5.0,True
2261,1087,4.0,False
2261,1266,2.0,False
2261,234,1.0,False
2262,860,10.0,True
2262,53,5.0,False
2262,1145,5.0,False
2262,1266,3.0,False
2262,1093,2.0,False
2263,346,50.0,True
2263,1133,5.0,False
2263,1232,4.0,False
2263,1266,2.0,False
2263,575,2.0,False
2263,412,1.0,False
2264,363,30.0,True
2264,1266,2.0,False
2264,1144,2.0,False
2264,1243,1.0,False
2264,412,1.0,False
2264,575,1.0,False
2265,369,70.0,True
2265,1234,4.0,False
2265,1239,4.0,False
2265,573,3.0,False
2265,412,2.0,False
2265,1266,2.0,False
2265,1243,1.0,False
2265,1279,1.0,False
2265,1144,1.0,False
2266,405,30.0,True
2266,1232,5.0,False
2266,575,5.0,False
2266,234,3.0,False
2266,1144,3.0,False
2266,412,2.0,False
2266,315,2.0,False
2267,388,70.0,True
2267,1239,10.0,False
2267,573,5.0,False
2267,412,2.0,False
2267,1266,2.0,False
2267,1232,1.0,False
2267,234,1.0,False
2267,1144,1.0,False
2267,315,1.0,False
2268,400,50.0,True
2268,1239,10.0,False
2268,573,5.0,False
2268,412,2.0,False
2268,1266,2.0,False
2268,1232,1.0,False
2268,234,1.0,False
2268,1144,1.0,False
2268,315,1.0,False
2269,1079,60.0,True
2269,1232,3.0,False
2269,412,2.0,False
2269,1266,2.0,False
2269,1243,1.0,False
2269,1144,1.0,False
2269,575,1.0,False
2270,420,70.0,True
2270,1239,10.0,False
2270,573,5.0,False
2270,412,2.0,False
2270,1266,2.0,False
2270,1234,1.0,False
2270,234,1.0,False
2270,1144,1.0,False
2270,315,1.0,False
2271,421,40.0,True
2271,1144,8.0,False
2271,575,2.0,False
2271,1232,1.0,False
2271,1243,1.0,False
2271,412,1.0,False
2272,422,40.0,True
2272,412,2.0,False
2272,1266,2.0,False
2272,292,1.0,False
2272,1144,1.0,False
2272,575,1.0,False
2273,422,50.0,True
2273,818,25.0,False
2273,573,3.0,False
2273,1144,2.0,False
2273,315,2.0,False
2273,412,1.0,False
2273,1266,1.0,False
2274,425,60.0,True
2274,1232,3.0,False
2274,412,2.0,False
2274,1266,2.0,False
2274,1243,1.0,False
2274,1144,1.0,False
2274,575,1.0,False
2275,435,20.0,True
2275,1065,20.0,True
2275,1234,1.0,False
2275,412,1.0,False
2275,1266,1.0,False
2275,1144,1.0,False
2276,435,70.0,True
2276,1239,5.0,False
2276,1234,5.0,False
2276,573,5.0,False
2276,1243,2.0,False
2276,412,2.0,False
2276,1270,2.0,False
2276,315,1.0,False
2277,1083,50.0,True
2277,528,20.0,False
2277,1270,3.0,False
2277,412,2.0,False
2277,1144,2.0,False
2277,1234,1.0,False
2277,1241,1.0,False
2277,1266,1.0,False
2277,573,1.0,False
2278,447,70.0,True
2278,573,6.0,False
2278,1239,4.0,False
2278,1232,4.0,False
2278,1241,2.0,False
2278,412,2.0,False
2278,234,2.0,False
2278,1266,2.0,False
2278,1243,1.0,False
2279,611,40.0,True
2279,459,8.0,False
2279,354,2.0,False
2279,1272,2.0,False
2279,315,2.0,False
2279,1241,1.0,False
2279,911,1.0,False
2279,234,1.0,False
2279,1144,1.0,False
2280,465,70.0,True
2280,1243,2.0,False
2280,412,2.0,False
2280,574,2.0,False
2280,1241,1.0,False
2280,1266,1.0,False
2280,1144,1.0,False
2281,487,30.0,True
2281,575,5.0,False
2281,412,1.0,False
2281,1266,1.0,False
2281,1144,1.0,False
2282,487,50.0,True
2282,1021,20.0,False
2282,573,5.0,False
2282,412,1.0,False
2282,1266,1.0,False
2282,1144,1.0,False
2283,487,50.0,True
2283,435,20.0,False
2283,1234,1.0,False
2283,412,1.0,False
2283,1266,1.0,False
2283,1144,1.0,False
2284,490,80.0,True
2284,1266,6.0,False
2284,412,3.0,False
2284,1243,2.0,False
2284,1144,1.0,False
2284,575,1.0,False
2285,490,70.0,True
2285,573,7.0,False
2285,1234,3.0,False
2285,1243,1.0,False
2285,412,1.0,False
2285,1266,1.0,False
2285,1144,1.0,False
2285,315,1.0,False
2286,490,80.0,True
2286,1246,6.0,False
2286,1266,5.0,False
2286,412,3.0,False
2286,1144,2.0,False
2286,1243,1.0,False
2286,575,1.0,False
2287,426,50.0,True
2287,1266,2.0,False
2287,575,2.0,False
2287,1243,1.0,False
2287,412,1.0,False
2287,1144,1.0,False
2288,499,70.0,True
2288,1232,5.0,False
2288,412,3.0,False
2288,573,3.0,False
2288,1241,2.0,False
2288,1144,2.0,False
2288,1243,1.0,False
2288,1266,1.0,False
2289,499,70.0,True
2289,278,15.0,False
2289,1232,5.0,False
2289,412,3.0,False
2289,573,3.0,False
2289,1241,2.0,False
2289,1144,2.0,False
2289,1243,1.0,False
2289,1266,1.0,False
2290,500,15.0,True
2290,1239,7.0,False
2290,1243,2.0,False
2290,412,2.0,False
2290,1270,2.0,False
2290,234,1.0,False
2290,1144,1.0,False
2291,530,40.0,True
2291,517,5.0,False
2291,412,4.0,False
2291,315,2.0,False
2291,1243,1.0,False
2291,1266,1.0,False
2291,1144,1.0,False
2292,453,40.0,True
2292,1144,8.0,False
2292,575,2.0,False
2292,1232,1.0,False
2292,1243,1.0,False
2292,412,1.0,False
2293,536,60.0,True
2293,1232,3.0,False
2293,412,2.0,False
2293,1266,2.0,False
2293,1243,1.0,False
2293,1144,1.0,False
2293,575,1.0,False
2294,543,60.0,True
2294,1232,3.0,False
2294,412,2.0,False
2294,1266,2.0,False
2294,1243,1.0,False
2294,1144,1.0,False
2294,575,1.0,False
2295,551,35.0,True
2295,1246,5.0,False
2295,1232,2.0,False
2295,575,2.0,False
2295,1243,1.0,False
2295,412,1.0,False
2295,1144,1.0,False
2296,550,70.0,True
2296,1246,5.0,False
2296,1241,1.0,False
2296,412,1.0,False
2296,1144,1.0,False
2296,573,1.0,False
2297,559,70.0,True
2297,412,2.0,False
2297,1266,2.0,False
2297,573,2.0,False
2297,1144,1.0,False
2298,559,30.0,True
2298,422,5.0,False
2298,435,5.0,False
2298,516,5.0,False
2298,412,3.0,False
2298,1270,3.0,False
2298,234,2.0,False
2298,575,2.0,False
2298,1236,1.0,False
2298,1266,1.0,False
2299,559,40.0,True
2299,575,2.0,False
2299,1241,1.0,False
2299,412,1.0,False
2299,1266,1.0,False
2299,1144,1.0,False
2300,1065,30.0,True
2300,559,30.0,True
2300,1234,3.0,False
2300,234,2.0,False
2300,1144,2.0,False
2300,1297,2.0,False
2300,1241,1.0,False
2300,412,1.0,False
2301,559,35.0,True
2301,422,10.0,False
2301,575,2.0,False
2301,412,1.0,False
2301,1266,1.0,False
2301,1144,1.0,False
2301,315,1.0,False
2302,562,70.0,True
2302,1239,10.0,False
2302,573,5.0,False
2302,412,2.0,False
2302,1266,2.0,False
2302,1232,1.0,False
2302,234,1.0,False
2302,1144,1.0,False
2302,315,1.0,False
2303,593,50.0,True
2303,1144,4.0,False
2303,1266,3.0,False
2303,1243,2.0,False
2303,412,2.0,False
2303,1043,2.0,False
2303,575,2.0,False
2304,336,360.0,True
2304,1232,30.0,False
2304,1144,14.0,False
2304,412,12.0,False
2304,575,12.0,False
2304,1243,6.0,False
2305,520,500.0,True
2306,539,150.0,True
2306,837,30.0,False
2306,487,25.0,False
2306,354,15.0,False
2306,435,13.0,False
2306,860,13.0,False
2306,618,5.0,False
2306,355,3.0,False
2307,261,100.0,True
2307,487,40.0,False
2307,818,30.0,False
2307,434,30.0,False
2307,393,20.0,False
2307,1145,14.0,False
2307,1266,1.5,False
2307,1144,1.5,False
2307,1074,0.5,False
2308,587,400.0,True
2308,1243,6.0,False
2308,575,3.0,False
2308,1144,2.0,False
2308,1266,1.5,False
2309,559,21.05,True
2309,422,3.51,False
2309,435,3.51,False
2309,516,3.51,False
2309,412,2.11,False
2309,1270,2.11,False
2309,575,1.4,False
2309,234,1.0,False
2309,1236,0.7,False
2309,1266,0.7,False
2310,530,34.2,True
2310,516,5.1,False
2310,1285,4.3,False
2310,412,3.5,False
2310,315,0.8,False
2310,1243,0.8,False
2310,1144,0.8,False
2310,1266,0.5,False
2311,559,28.7,True
2311,422,4.8,False
2311,435,4.8,False
2311,516,4.8,False
2311,412,1.4,False
2311,1270,1.4,False
2311,234,1.0,False
2311,575,1.0,False
2311,1144,1.0,False
2311,1236,0.5,False
2311,1266,0.5,False
2312,530,40.0,True
2312,1285,7.0,False
2312,516,5.0,False
2312,412,4.3,False
2312,315,2.1,False
2312,1266,1.1,False
2312,1243,1.1,False
2313,422,50.0,True
2313,412,2.5,False
2313,1266,2.5,False
2313,292,2.0,False
2313,1144,2.0,False
2313,575,1.3,False
2314,545,50.0,True
2314,1246,5.0,False
2314,1144,3.0,False
2314,575,2.55,False
2314,1232,2.0,False
2314,1243,1.28,False
2314,412,1.28,False
2315,611,27.6,True
2315,459,5.5,False
2315,354,1.4,False
2315,1272,1.4,False
2315,315,1.4,False
2315,1241,0.7,False
2315,911,0.7,False
2315,234,0.7,False
2315,1144,0.7,False
2316,422,40.0,True
2316,412,2.0,False
2316,1266,2.0,False
2316,1144,2.0,False
2316,292,1.0,False
2316,575,1.0,False
2317,525,70.0,True
2317,1232,3.0,False
2317,412,2.0,False
2317,1266,2.0,False
2317,1144,2.0,False
2317,1243,1.0,False
2317,575,1.0,False
2318,487,47.4,True
2318,575,7.9,False
2318,1144,4.0,False
2318,412,1.6,False
2318,1266,1.6,False
2319,499,48.3,True
2319,1232,3.4,False
2319,412,2.1,False
2319,573,2.1,False
2319,1241,1.4,False
2319,1144,1.0,False
2319,1243,0.7,False
2319,1266,0.7,False
2320,261,70.0,True
2320,487,17.8,False
2320,434,13.3,False
2320,393,8.8,False
2320,818,6.0,False
2320,1145,1.0,False
2320,1266,0.7,False
2320,1144,0.7,False
2320,1074,0.3,False
2321,593,38.5,True
2321,1266,2.3,False
2321,1243,1.5,False
2321,412,1.5,False
2321,1043,1.5,False
2321,575,1.5,False
2321,1144,1.0,False
2322,611,50.0,True
2322,459,8.0,False
2322,354,2.0,False
2322,1272,2.0,False
2322,315,1.0,False
2322,1241,1.0,False
2322,911,1.0,False
2322,234,1.0,False
2322,1144,1.0,False
2323,471,41.0,True
2323,1232,2.5,False
2323,412,1.6,False
2323,1266,1.6,False
2323,1144,1.0,False
2323,1243,0.8,False
2323,575,0.8,False
2324,421,40.0,True
2324,1144,3.0,False
2324,575,2.0,False
2324,1232,1.0,False
2324,1243,1.0,False
2324,412,1.0,False
2325,1093,40.0,True
2325,422,40.0,True
2325,1232,12.0,False
2325,1270,6.0,False
2325,1241,5.0,False
2325,1144,4.0,False
2325,575,4.0,False
2325,412,4.0,False
2325,234,4.0,False
2326,529,400.0,True
2326,1239,10.0,False
2326,1232,7.0,False
2326,412,6.0,False
2326,575,5.0,False
2326,1266,4.0,False
2326,1144,4.0,False
2326,1243,3.0,False
2326,1270,2.0,False
2327,390,120.0,True
2327,1241,12.0,False
2327,1270,12.0,False
2327,234,8.0,False
2327,1266,8.0,False
2327,412,4.0,False
2327,1144,2.0,False
2328,395,150.0,True
2328,1270,10.0,False
2328,1239,10.0,False
2328,575,10.0,False
2328,412,6.0,False
2328,234,6.0,False
2328,1144,6.0,False
2328,1266,5.0,False
2328,1243,3.0,False
2328,1241,2.0,False
2329,396,120.0,True
2329,1270,8.0,False
2329,234,7.0,False
2329,575,5.0,False
2329,1266,5.0,False
2329,412,4.0,False
2329,1241,3.0,False
2329,1243,2.0,False
2330,530,80.0,True
2330,396,60.0,False
2330,1239,10.0,False
2330,575,5.0,False
2330,1270,5.0,False
2330,1241,4.0,False
2330,234,4.0,False
2330,412,3.0,False
2330,1266,2.0,False
2330,1243,1.0,False
2331,289,300.0,True
2331,528,70.0,False
2331,1232,35.0,False
2331,352,15.0,False
2331,1144,12.0,False
2331,575,9.0,False
2331,412,6.0,False
2331,1241,5.0,False
2331,234,4.0,False
2332,415,160.0,True
2332,1232,12.0,False
2332,412,6.0,False
2332,1241,4.0,False
2332,1144,4.0,False
2332,234,4.0,False
2332,1266,3.0,False
2332,315,3.0,False
2333,1385,50.0,True
2333,1232,21.0,False
2333,1072,20.0,False
2333,1144,12.0,False
2333,575,6.0,False
2333,412,6.0,False
2333,234,4.0,False
2333,1243,3.0,False
2333,1297,1.0,False
2334,11,300.0,True
2334,375,100.0,False
2334,1232,25.0,False
2334,575,10.0,False
2334,412,6.0,False
2334,1144,6.0,False
2334,315,3.0,False
2335,422,200.0,True
2335,1145,6.0,False
2335,412,6.0,False
2335,575,4.0,False
2335,1266,3.0,False
2335,1243,2.0,False
2335,1144,2.0,False
2336,459,150.0,True
2336,911,25.0,False
2336,412,6.0,False
2336,575,6.0,False
2336,1144,6.0,False
2336,1241,4.0,False
2336,315,3.0,False
2337,477,150.0,True
2337,575,12.0,False
2337,412,12.0,False
2337,1241,8.0,False
2337,234,4.0,False
2337,1144,4.0,False
2337,1232,3.0,False
2337,315,2.0,False
2338,528,120.0,True
2338,516,40.0,False
2338,1239,26.0,False
2338,1270,10.0,False
2338,575,8.0,False
2338,234,5.0,False
2338,412,4.0,False
2338,1266,4.0,False
2338,1232,4.0,False
2338,1241,2.0,False
2338,315,2.0,False
2339,532,90.0,True
2339,315,2.0,False
2339,575,2.0,False
2339,412,2.0,False
2339,1241,2.0,False
2339,234,2.0,False
2339,1144,1.0,False
2340,364,60.0,True
2340,575,6.0,False
2340,227,4.0,False
2340,1232,4.0,False
2340,1241,4.0,False
2340,315,2.0,False
2340,1144,2.0,False
2341,180,70.0,True
2341,534,20.0,False
2341,1243,12.0,False
2341,1246,7.0,False
2341,329,5.0,False
2341,303,3.0,False
2341,1270,3.0,False
2341,1273,3.0,False
2341,1253,3.0,False
2341,309,1.0,False
2342,350,70.0,True
2342,1419,15.0,False
2342,1232,5.0,False
2342,575,2.0,False
2342,412,2.0,False
2342,1144,2.0,False
2342,1243,0.6,False
2342,1297,0.05,False
2343,387,70.0,True
2343,1239,3.0,False
2343,1274,3.0,False
2343,572,3.0,False
2343,412,3.0,False
2343,1270,3.0,False
2343,314,2.0,False
2343,1234,2.0,False
2343,234,2.0,False
2343,1144,2.0,False
2344,573,60.0,True
2344,387,50.0,False
2344,856,30.0,False
2344,833,20.0,False
2344,1239,15.0,False
2344,1270,5.0,False
2344,234,5.0,False
2344,357,3.0,False
2344,309,3.0,False
2344,1145,2.0,False
2344,1266,0.4,False
2345,549,50.0,True
2345,259,10.0,False
2345,1178,4.0,False
2345,575,3.0,False
2345,412,3.0,False
2345,1232,3.0,False
2345,1144,3.0,False
2345,309,2.0,False
2345,1266,0.2,False
2346,396,40.0,True
2346,1419,15.0,False
2346,1266,3.5,False
2346,575,3.0,False
2346,1145,2.0,False
2346,412,2.0,False
2346,1144,2.0,False
2346,234,1.0,False
2346,1243,0.5,False
2347,419,70.0,True
2347,1246,5.0,False
2347,412,3.0,False
2347,660,2.0,False
2347,1144,2.0,False
2347,1243,0.5,False
2348,459,70.0,True
2348,138,15.0,False
2348,1232,5.0,False
2348,575,3.0,False
2348,412,3.0,False
2348,1144,2.0,False
2348,1241,1.0,False
2348,1243,1.0,False
2349,352,40.0,True
2349,51,10.0,False
2349,660,5.0,False
2349,1232,3.0,False
2349,412,2.0,False
2349,1144,2.0,False
2349,1243,1.0,False
2349,1241,0.5,False
2350,544,70.0,True
2350,275,20.0,False
2350,1253,3.0,False
2350,1232,3.0,False
2350,1266,2.3,False
2350,234,2.0,False
2350,1144,2.0,False
2350,1243,1.0,False
2351,348,30.0,True
2351,459,20.0,False
2351,616,15.0,False
2351,269,12.0,False
2351,1144,3.0,False
2351,412,3.0,False
2351,227,3.0,False
2351,1234,2.0,False
2351,1232,2.0,False
2351,1243,1.0,False
2351,1241,0.6,False
2352,414,50.0,True
2352,1069,4.0,False
2352,1232,3.0,False
2352,234,2.0,False
2352,1144,2.0,False
2352,1243,0.5,False
2353,1419,30.0,True
2353,592,7.0,False
2353,575,4.0,False
2353,1232,3.0,False
2353,412,3.0,False
2353,234,2.0,False
2353,1144,2.0,False
2353,1243,0.5,False
2354,524,200.0,True
2354,516,60.0,False
2354,298,60.0,False
2354,528,40.0,False
2354,1178,25.0,False
2354,1272,15.0,False
2354,233,5.0,False
2354,1420,2.0,False
2354,310,2.0,False
2355,275,70.0,True
2355,304,25.0,False
2355,516,15.0,False
2355,1084,10.0,False
2355,1232,6.0,False
2355,1390,5.0,False
2355,1272,5.0,False
2355,1243,3.0,False
2355,1250,1.0,False
2355,1298,1.0,False
2356,563,35.0,True
2356,489,30.0,False
2356,516,20.0,False
2356,349,20.0,False
2356,1239,20.0,False
2356,225,15.0,False
2356,1271,15.0,False
2356,396,15.0,False
2356,1144,5.0,False
2356,412,2.0,False
2356,1266,2.0,False
2357,464,80.0,True
2357,516,15.0,False
2357,412,5.0,False
2357,1144,5.0,False
2357,1246,3.0,False
2357,1076,3.0,False
2357,1252,3.0,False
2357,1239,2.0,False
2357,480,2.0,False
2357,1243,2.0,False
2358,275,40.0,True
2358,1092,15.0,False
2358,1266,0.1,False
2358,1243,0.1,False
2358,1144,0.1,False
2358,412,0.1,False
2359,509,50.0,True
2359,518,15.0,False
2359,1403,10.0,False
2359,575,5.0,False
2359,412,5.0,False
2359,1241,5.0,False
2359,1271,5.0,False
2359,352,3.0,False
2359,425,3.0,False
2359,660,2.0,False
2360,376,50.0,True
2360,574,10.0,False
2360,1241,10.0,False
2360,233,10.0,False
2360,480,5.0,False
2360,412,5.0,False
2360,516,5.0,False
2360,1047,5.0,False
2360,1243,3.0,False
2361,505,200.0,True
2361,1246,15.0,False
2361,412,10.0,False
2361,1232,5.0,False
2361,1144,2.0,False
2361,1266,2.0,False
2361,1243,1.0,False
2362,1021,40.0,True
2362,528,20.0,False
2362,1239,5.0,False
2362,1144,2.0,False
2362,1232,1.0,False
2362,234,1.0,False
2362,573,1.0,False
2363,528,30.0,True
2363,509,12.0,False
2363,392,10.0,False
2363,1057,10.0,False
2363,1239,7.0,False
2363,352,5.0,False
2363,1241,1.0,False
2363,234,1.0,False
2363,1270,1.0,False
2364,988,80.0,True
2364,573,3.0,False
2364,1241,2.0,False
2364,412,1.0,False
2364,1266,1.0,False
2364,1144,1.0,False
2365,988,80.0,True
2365,422,40.0,False
2365,573,5.0,False
2365,1241,2.0,False
2365,234,2.0,False
2365,1266,2.0,False
2365,1272,2.0,False
2365,412,1.0,False
2366,1024,50.0,True
2366,422,30.0,False
2366,530,20.0,False
2366,435,10.0,False
2366,516,10.0,False
2366,573,10.0,False
2366,1239,3.0,False
2366,1270,3.0,False
2366,1234,1.0,False
2366,1241,1.0,False
2366,412,1.0,False
2366,1266,1.0,False
2367,1027,50.0,True
2367,422,30.0,False
2367,530,20.0,False
2367,434,10.0,False
2367,516,10.0,False
2367,573,10.0,False
2367,1239,3.0,False
2367,1270,3.0,False
2367,1234,1.0,False
2367,1241,1.0,False
2367,412,1.0,False
2367,1266,1.0,False
2368,915,18.0,True
2368,1239,5.0,False
2368,1144,2.0,False
2368,1234,1.0,False
2368,1241,1.0,False
2368,412,1.0,False
2368,234,1.0,False
2368,573,1.0,False
2369,895,18.0,True
2369,1239,5.0,False
2369,1144,2.0,False
2369,1234,1.0,False
2369,1241,1.0,False
2369,412,1.0,False
2369,234,1.0,False
2369,573,1.0,False
2370,907,18.0,True
2370,1239,5.0,False
2370,1144,2.0,False
2370,1232,1.0,False
2370,1241,1.0,False
2370,412,1.0,False
2370,234,1.0,False
2370,575,1.0,False
2371,1030,50.0,True
2371,422,30.0,False
2371,530,20.0,False
2371,434,10.0,False
2371,516,10.0,False
2371,1239,3.0,False
2371,1144,2.0,False
2371,573,2.0,False
2371,1234,1.0,False
2371,1241,1.0,False
2371,412,1.0,False
2371,1266,1.0,False
2372,914,18.0,True
2372,1239,5.0,False
2372,1144,2.0,False
2372,1241,1.0,False
2372,234,1.0,False
2372,573,1.0,False
2373,1041,18.0,True
2373,1239,5.0,False
2373,1232,4.0,False
2373,1144,2.0,False
2373,234,1.0,False
2373,573,1.0,False
2374,1001,80.0,True
2374,1232,5.0,False
2374,1239,5.0,False
2374,412,2.0,False
2374,234,2.0,False
2374,1270,2.0,False
2374,1238,1.0,False
2374,1241,1.0,False
2374,1205,1.0,False
2374,573,1.0,False
2375,1056,100.0,True
2375,1239,13.0,False
2375,575,5.0,False
2375,234,3.0,False
2375,1270,3.0,False
2375,412,2.0,False
2375,1243,1.0,False
2375,480,1.0,False
2375,1144,1.0,False
2376,1056,100.0,True
2376,1239,13.0,False
2376,1065,10.0,False
2376,575,5.0,False
2376,234,3.0,False
2376,1270,3.0,False
2376,412,2.0,False
2376,1243,1.0,False
2376,480,1.0,False
2376,1144,1.0,False
2377,1056,100.0,True
2377,1239,13.0,False
2377,573,10.0,False
2377,234,3.0,False
2377,1270,3.0,False
2377,412,2.0,False
2377,1243,1.0,False
2377,480,1.0,False
2377,1144,1.0,False
2378,1056,70.0,True
2378,414,20.0,False
2378,1241,10.0,False
2378,1239,5.0,False
2378,234,2.0,False
2378,1272,2.0,False
2378,573,2.0,False
2378,412,1.0,False
2379,1057,25.0,True
2379,1239,5.0,False
2379,1232,2.0,False
2379,1144,1.0,False
2379,315,1.0,False
2380,1057,10.0,True
2380,227,6.0,False
2380,1239,5.0,False
2380,1232,4.0,False
2380,1144,1.0,False
2380,315,1.0,False
2381,1057,100.0,True
2381,1239,13.0,False
2381,234,3.0,False
2381,1270,3.0,False
2381,412,2.0,False
2381,1243,1.0,False
2381,480,1.0,False
2381,1144,1.0,False
2382,974,18.0,True
2382,1239,5.0,False
2382,1232,3.0,False
2382,1144,2.0,False
2382,412,1.0,False
2382,234,1.0,False
2382,573,1.0,False
2383,1012,80.0,True
2383,528,30.0,False
2383,509,12.0,False
2383,392,10.0,False
2383,1239,7.0,False
2383,352,5.0,False
2383,412,5.0,False
2383,1272,5.0,False
2383,234,3.0,False
2383,573,3.0,False
2383,1234,1.0,False
2383,1241,1.0,False
2384,1064,70.0,True
2384,1021,15.0,False
2384,530,15.0,False
2384,392,4.0,False
2384,234,4.0,False
2384,1144,4.0,False
2384,412,2.0,False
2384,1236,1.0,False
2384,1266,1.0,False
2384,1270,1.0,False
2385,977,50.0,True
2385,422,30.0,False
2385,528,20.0,False
2385,434,10.0,False
2385,516,10.0,False
2385,573,10.0,False
2385,1239,3.0,False
2385,1270,3.0,False
2385,1232,1.0,False
2385,1241,1.0,False
2385,412,1.0,False
2385,1266,1.0,False
2386,1013,80.0,True
2386,528,30.0,False
2386,509,12.0,False
2386,392,10.0,False
2386,1239,7.0,False
2386,352,5.0,False
2386,412,5.0,False
2386,1272,5.0,False
2386,234,3.0,False
2386,573,3.0,False
2386,1234,1.0,False
2386,1241,1.0,False
2387,990,400.0,True
2387,1232,30.0,False
2387,575,18.0,False
2387,412,12.0,False
2387,1241,6.0,False
2387,480,6.0,False
2387,234,4.0,False
2387,1266,3.0,False
2387,1144,2.0,False
2387,315,1.0,False
2387,355,1.0,False
2388,1037,200.0,True
2388,828,50.0,False
2388,528,38.0,False
2388,539,25.0,False
2388,1145,7.0,False
2388,1266,0.3,False
2389,914,80.0,True
2389,1232,4.0,False
2389,234,3.0,False
2389,1144,3.0,False
2389,1243,3.0,False
2389,1297,2.0,False
2389,1266,2.0,False
2390,38,200.0,True
2390,991,70.0,False
2390,516,15.0,False
2390,404,10.0,False
2390,457,10.0,False
2390,234,9.0,False
2390,1144,7.0,False
2390,1270,5.0,False
2390,412,5.0,False
2390,1340,5.0,False
2390,1266,2.7,False
2390,1241,1.0,False
2390,1243,1.0,False
2391,395,30.0,True
2391,530,30.0,True
2391,432,20.0,False
2391,1030,20.0,False
2391,539,20.0,False
2391,1402,15.0,False
2391,565,14.0,False
2391,1040,10.0,False
2391,516,10.0,False
2391,1178,7.0,False
2391,1239,6.0,False
2391,424,5.0,False
2391,1272,4.0,False
2391,1144,3.0,False
2391,1232,2.0,False
2391,412,2.0,False
2391,1266,0.6,False
2392,1040,40.0,True
2392,396,30.0,False
2392,1403,30.0,False
2392,530,20.0,False
2392,577,10.0,False
2392,578,10.0,False
2392,1270,7.0,False
2392,234,5.0,False
2392,1266,3.0,False
2392,1235,1.0,False
2392,292,0.2,False
2393,530,30.0,True
2393,446,30.0,True
2393,432,20.0,False
2393,1059,20.0,False
2393,422,15.0,False
2393,516,10.0,False
2393,1270,9.0,False
2393,404,6.0,False
2393,234,3.0,False
2393,227,3.0,False
2393,1252,3.0,False
2393,412,2.0,False
2393,1144,2.0,False
2393,1069,1.0,False
2393,1241,1.0,False
2393,1266,0.5,False
2393,1243,0.5,False
2394,432,30.0,True
2394,516,15.0,False
2394,916,15.0,False
2394,1239,5.0,False
2394,660,4.0,False
2394,234,3.0,False
2394,1270,3.0,False
2394,1144,3.0,False
2394,1232,2.0,False
2394,1243,1.0,False
2395,1060,70.0,True
2395,1381,20.0,False
2395,578,15.0,False
2395,577,15.0,False
2395,432,10.0,False
2395,516,10.0,False
2395,676,10.0,False
2395,1232,9.0,False
2395,51,8.0,False
2395,1270,7.0,False
2395,227,5.0,False
2395,1235,2.0,False
2395,867,2.0,False
2395,1266,1.0,False
2395,480,1.0,False
2395,1297,0.05,False
2396,1040,40.0,True
2396,528,30.0,False
2396,1335,15.0,False
2396,309,8.0,False
2396,1270,7.0,False
2396,642,5.0,False
2396,234,5.0,False
2396,1419,5.0,False
2396,330,3.0,False
2396,1232,3.0,False
2396,1235,2.0,False
2396,1266,0.1,False
2396,1297,0.05,False
2397,767,50.0,True
2397,509,15.0,False
2397,1241,10.0,False
2397,516,10.0,False
2397,412,5.0,False
2397,1232,4.0,False
2397,575,4.0,False
2397,1266,2.0,False
2397,1144,2.0,False
2397,225,1.0,False
2398,828,60.0,True
2398,1272,5.0,False
2398,573,5.0,False
2398,1266,2.0,False
2398,1232,1.0,False
2398,1241,1.0,False
2398,412,1.0,False
2398,1144,1.0,False
2399,509,50.0,True
2399,392,50.0,True
2399,530,50.0,True
2399,767,50.0,True
2399,1006,50.0,True
2399,1402,50.0,True
2399,538,50.0,True
2399,856,50.0,True
2399,1104,50.0,True
2399,298,30.0,False
2399,1270,30.0,False
2399,1236,10.0,False
2399,310,5.0,False
2399,234,4.0,False
2399,1266,4.0,False
2400,180,70.0,True
2400,766,30.0,False
2400,1351,30.0,False
2400,459,30.0,False
2400,1232,6.0,False
2400,1144,2.0,False
2400,1241,0.5,False
2400,1243,0.5,False
2400,1266,0.4,False
2401,1402,50.0,True
2401,829,20.0,False
2401,298,10.0,False
2401,1270,10.0,False
2401,234,8.0,False
2401,642,5.0,False
2401,1232,5.0,False
2401,575,4.0,False
2401,1227,4.0,False
2401,1252,4.0,False
2401,412,3.0,False
2401,1235,2.0,False
2401,480,1.0,False
2402,545,50.0,True
2402,1385,30.0,False
2402,1232,5.0,False
2402,412,5.0,False
2402,1144,4.0,False
2402,1145,3.0,False
2402,1241,1.0,False
2402,1243,0.6,False
2402,1297,0.05,False
2403,529,70.0,True
2403,1239,5.0,False
2403,573,5.0,False
2403,292,2.0,False
2403,1266,2.0,False
2403,1232,1.0,False
2403,412,1.0,False
2403,234,1.0,False
2403,1144,1.0,False
2404,396,50.0,True
2404,1239,18.0,False
2404,573,6.0,False
2404,1234,4.0,False
2404,412,2.0,False
2404,1266,2.0,False
2404,1144,2.0,False
2404,315,1.0,False
2405,181,80.0,True
2405,857,20.0,False
2405,392,10.0,False
2405,1252,10.0,False
2405,528,10.0,False
2405,153,10.0,False
2405,753,5.0,False
2405,1266,2.0,False
2405,234,1.0,False
2406,1056,50.0,True
2406,1335,10.0,False
2406,412,5.0,False
2406,435,5.0,False
2406,573,5.0,False
2406,1239,4.0,False
2406,234,4.0,False
2406,352,3.0,False
2406,1232,2.0,False
2406,354,2.0,False
2406,1266,2.0,False
2406,1144,2.0,False
2406,315,2.0,False
2407,193,20.0,True
2408,868,20.0,True
2408,509,20.0,True
2408,516,20.0,True
2408,1252,15.0,False
2408,392,10.0,False
2408,581,10.0,False
2408,234,5.0,False
2408,1266,2.0,False
2409,473,100.0,True
2409,515,50.0,False
2409,424,10.0,False
2410,330,300.0,True
2410,1239,100.0,False
2410,225,30.0,False
2410,1144,14.0,False
2410,234,12.0,False
2410,315,2.0,False
2411,515,21.6,True
2411,181,21.6,True
2411,474,10.8,False
2411,1142,6.0,False
2411,404,2.7,False
2412,529,65.5,True
2412,573,3.6,False
2412,292,2.9,False
2412,1239,2.2,False
2412,1144,2.2,False
2412,1266,1.5,False
2412,1232,0.7,False
2412,412,0.7,False
2412,234,0.7,False
2413,473,47.8,True
2413,515,23.9,False
2413,424,4.8,False
2413,1142,3.0,False
2413,1266,0.5,False
2414,181,64.9,True
2414,857,16.2,False
2414,392,8.1,False
2414,1252,8.1,False
2414,528,8.1,False
2414,153,8.1,False
2414,753,4.1,False
2414,1266,1.6,False
2414,234,0.8,False
2415,1419,100.0,True
2415,563,70.0,False
2415,257,30.0,False
2415,130,30.0,False
2415,1381,20.0,False
2415,518,10.0,False
2415,1124,7.0,False
2415,225,4.0,False
2415,1142,4.0,False
2415,1266,3.4,False
2415,653,3.0,False
2416,644,50.0,True
2416,1108,20.0,False
2416,1339,10.0,False
2416,159,5.0,False
2416,73,4.0,False
2416,1252,4.0,False
2416,690,3.0,False
2416,645,3.0,False
2416,1396,3.0,False
2416,227,3.0,False
2416,303,2.0,False
2416,1266,0.6,False
2416,1297,0.05,False
2417,180,50.0,True
2417,565,30.0,False
2417,265,20.0,False
2417,1040,20.0,False
2417,1252,7.0,False
2417,516,5.0,False
2417,1266,3.6,False
2417,724,2.0,False
2417,723,2.0,False
2417,1270,2.0,False
2417,365,1.0,False
2417,234,1.0,False
2417,1297,0.05,False
2417,1294,0.05,False
2418,1419,60.0,True
2418,673,50.0,False
2418,529,40.0,False
2418,766,30.0,False
2418,1335,20.0,False
2418,856,20.0,False
2418,1033,20.0,False
2418,1270,10.0,False
2418,909,10.0,False
2418,234,5.0,False
2418,225,4.0,False
2418,1232,3.0,False
2418,309,2.0,False
2418,338,2.0,False
2418,1266,1.4,False
2419,640,30.0,True
2419,589,30.0,True
2419,262,20.0,False
2419,596,15.0,False
2419,578,12.0,False
2419,577,12.0,False
2419,461,10.0,False
2419,1142,6.0,False
2419,412,3.0,False
2419,653,3.0,False
2419,1266,1.0,False
2419,1243,1.0,False
2419,1297,0.1,False
2420,1403,40.0,True
2420,428,30.0,False
2420,374,30.0,False
2420,1339,15.0,False
2420,553,10.0,False
2420,329,5.0,False
2420,1146,5.0,False
2420,234,4.0,False
2420,1294,0.05,False
2420,1297,0.05,False
2421,644,100.0,True
2421,276,100.0,True
2421,404,20.0,False
2421,1142,5.0,False
2421,225,5.0,False
2421,653,3.0,False
2421,1266,1.2,False
2422,644,80.0,True
2422,489,40.0,False
2422,1040,20.0,False
2422,1143,4.0,False
2422,1270,4.0,False
2422,225,4.0,False
2422,309,3.0,False
2422,1266,0.8,False
2422,1297,0.05,False
2423,1402,20.0,True
2423,1111,20.0,True
2423,1335,15.0,False
2423,512,15.0,False
2423,747,15.0,False
2423,1381,10.0,False
2423,459,5.0,False
2423,225,5.0,False
2423,269,3.0,False
2423,653,3.0,False
2424,451,70.0,True
2424,275,40.0,False
2424,516,12.0,False
2424,392,8.0,False
2424,354,5.0,False
2424,660,5.0,False
2424,1340,3.0,False
2424,1144,3.0,False
2424,1232,2.0,False
2424,1241,1.0,False
2424,1243,1.0,False
2424,1266,0.5,False
2425,478,70.0,True
2425,516,8.0,False
2425,392,6.0,False
2425,354,3.0,False
2425,1239,3.0,False
2425,1133,2.0,False
2425,1246,2.0,False
2425,412,2.0,False
2425,1144,1.0,False
2425,575,1.0,False
2425,1243,0.8,False
2425,1241,0.3,False
2425,1266,0.2,False
2426,563,50.0,True
2426,478,20.0,False
2426,513,20.0,False
2426,374,16.0,False
2426,364,12.0,False
2426,392,10.0,False
2426,295,6.0,False
2426,1270,5.0,False
2426,1142,3.0,False
2427,530,50.0,True
2427,1402,50.0,True
2427,577,15.0,False
2427,578,15.0,False
2427,610,10.0,False
2427,1381,10.0,False
2427,1270,10.0,False
2427,234,9.0,False
2427,1419,5.0,False
2427,1266,1.2,False
2428,563,30.0,True
2428,1419,30.0,True
2428,151,30.0,True
2428,530,20.0,False
2428,156,20.0,False
2428,516,5.0,False
2428,1232,5.0,False
2428,234,4.0,False
2428,1142,2.0,False
2428,1145,1.0,False
2428,1144,1.0,False
2428,1243,0.5,False
2428,1266,0.2,False
2429,156,30.0,True
2429,565,30.0,True
2429,577,15.0,False
2429,579,15.0,False
2429,553,15.0,False
2429,153,10.0,False
2429,516,10.0,False
2429,723,5.0,False
2429,1232,5.0,False
2429,1256,5.0,False
2429,225,5.0,False
2429,1142,4.0,False
2429,1266,0.1,False
2430,738,80.0,True
2430,574,6.0,False
2430,412,3.0,False
2430,234,2.0,False
2430,1043,2.0,False
2430,911,2.0,False
2430,227,2.0,False
2430,1241,1.0,False
2430,480,1.0,False
2430,1266,0.5,False
2430,1243,0.5,False
2431,563,40.0,True
2431,613,30.0,False
2431,578,20.0,False
2431,516,10.0,False
2431,484,10.0,False
2431,353,10.0,False
2431,1419,5.0,False
2431,234,5.0,False
2431,653,3.0,False
2431,1340,3.0,False
2431,412,2.0,False
2431,1266,0.1,False
2432,622,30.0,True
2432,538,20.0,False
2432,625,15.0,False
2432,578,12.0,False
2432,577,12.0,False
2432,1270,12.0,False
2432,591,10.0,False
2432,334,10.0,False
2432,516,8.0,False
2432,1178,4.0,False
2432,234,3.0,False
2432,1266,1.0,False
2433,35,200.0,True
2433,655,150.0,False
2433,565,60.0,False
2433,516,60.0,False
2433,1339,30.0,False
2433,1142,30.0,False
2433,553,20.0,False
2433,1178,15.0,False
2433,1271,15.0,False
2433,577,15.0,False
2433,581,15.0,False
2433,580,15.0,False
2433,1243,5.0,False
2433,1266,2.0,False
2433,1298,1.0,False
2434,766,250.0,True
2434,856,60.0,False
2434,489,50.0,False
2434,581,25.0,False
2434,578,25.0,False
2434,528,20.0,False
2434,310,20.0,False
2434,1271,15.0,False
2434,1235,15.0,False
2434,233,15.0,False
2434,1243,15.0,False
2434,642,10.0,False
2434,1298,1.0,False
2435,1419,200.0,True
2435,856,120.0,False
2435,565,60.0,False
2435,1355,50.0,False
2435,461,50.0,False
2435,660,30.0,False
2435,1376,25.0,False
2435,1021,20.0,False
2435,1256,15.0,False
2435,1142,15.0,False
2435,1271,15.0,False
2435,1279,5.0,False
2435,1389,5.0,False
2435,180,1.0,False
2435,1298,1.0,False
2436,950,60.0,True
2436,589,50.0,False
2436,489,50.0,False
2436,1389,50.0,False
2436,395,45.0,False
2436,1142,30.0,False
2436,565,20.0,False
2436,1271,15.0,False
2436,354,15.0,False
2436,310,5.0,False
2436,412,5.0,False
2437,334,250.0,True
2437,180,50.0,False
2437,516,40.0,False
2437,1374,30.0,False
2437,1142,30.0,False
2437,1230,30.0,False
2437,1381,30.0,False
2437,412,15.0,False
2437,1422,15.0,False
2437,1390,15.0,False
2437,221,15.0,False
2437,233,5.0,False
2437,1124,1.0,False
2438,516,40.0,True
2438,1178,30.0,False
2438,1418,25.0,False
2438,289,25.0,False
2438,577,25.0,False
2438,446,20.0,False
2438,1232,15.0,False
2438,391,10.0,False
2438,358,7.0,False
2438,354,7.0,False
2438,575,7.0,False
2439,275,100.0,True
2439,1111,50.0,False
2439,565,40.0,False
2439,577,25.0,False
2439,354,17.0,False
2439,553,15.0,False
2439,225,15.0,False
2439,653,15.0,False
2439,614,10.0,False
2439,1235,2.0,False
2440,1227,100.0,True
2440,950,60.0,False
2440,516,50.0,False
2440,1376,35.0,False
2440,1374,35.0,False
2440,1178,30.0,False
2440,1381,20.0,False
2440,563,15.0,False
2440,1270,15.0,False
2440,1266,0.5,False
2441,1403,60.0,True
2441,516,60.0,True
2441,1060,50.0,False
2441,395,40.0,False
2441,358,30.0,False
2441,1145,30.0,False
2441,354,15.0,False
2441,1271,15.0,False
2441,653,15.0,False
2441,1390,5.0,False
2441,575,5.0,False
2441,1266,1.0,False
2441,1298,1.0,False
2442,565,100.0,True
2442,516,70.0,False
2442,275,60.0,False
2442,512,50.0,False
2442,446,30.0,False
2442,1389,20.0,False
2442,553,20.0,False
2442,1145,20.0,False
2442,1232,18.0,False
2442,225,15.0,False
2442,1144,15.0,False
2442,653,15.0,False
2442,412,7.0,False
2442,1243,5.0,False
2442,313,5.0,False
2442,1271,5.0,False
2443,339,25.0,True
2443,516,10.0,False
2443,1246,10.0,False
2443,412,10.0,False
2443,275,5.0,False
2443,313,5.0,False
2443,233,5.0,False
2443,1271,5.0,False
2443,1144,5.0,False
2444,524,80.0,True
2444,313,30.0,False
2444,652,20.0,False
2444,1252,15.0,False
2444,1111,15.0,False
2444,1271,5.0,False
2445,509,30.0,True
2445,516,10.0,False
2445,1252,10.0,False
2445,578,3.0,False
2445,581,3.0,False
2445,233,1.0,False
2445,1271,0.5,False
2446,180,50.0,True
2446,1111,20.0,False
2446,265,10.0,False
2446,392,10.0,False
2447,180,50.0,True
2447,1252,10.0,False
2447,412,5.0,False
2447,516,5.0,False
2447,1111,5.0,False
2447,233,2.0,False
2447,1421,1.0,False
2447,1294,1.0,False
2448,589,25.0,True
2448,1413,25.0,True
2448,1113,15.0,False
2448,392,10.0,False
2448,304,5.0,False
2448,330,5.0,False
2448,690,5.0,False
2448,221,5.0,False
2449,275,25.0,True
2449,1127,8.0,False
2449,1178,6.0,False
2449,1381,5.0,False
2449,1142,3.0,False
2449,653,2.0,False
2449,1232,2.0,False
2449,304,1.0,False
2449,1271,1.0,False
2450,527,30.0,True
2450,574,2.0,False
2450,1241,0.3,False
2450,233,0.3,False
2450,412,0.1,False
2450,1144,0.1,False
2450,1243,0.1,False
2451,370,40.0,True
2452,371,40.0,True
2453,372,40.0,True
2454,404,10.0,True
2454,315,2.0,False
2454,1232,1.0,False
2454,1241,1.0,False
2454,412,1.0,False
2454,911,1.0,False
2454,480,1.0,False
2454,234,1.0,False
2455,373,40.0,True
2456,374,40.0,True
2457,375,40.0,True
2458,375,40.0,True
2458,675,20.0,False
2458,298,10.0,False
2458,642,2.0,False
2458,310,2.0,False
2459,459,50.0,True
2459,573,5.0,False
2459,1241,3.0,False
2459,412,1.0,False
2459,910,1.0,False
2459,1263,1.0,False
2460,509,50.0,True
2460,528,20.0,False
2460,516,10.0,False
2460,498,5.0,False
2460,574,3.0,False
2460,1234,2.0,False
2460,1241,2.0,False
2460,292,1.0,False
2460,412,1.0,False
2460,1263,1.0,False
2460,1144,1.0,False
2461,378,40.0,True
2462,382,40.0,True
2463,383,40.0,True
2464,337,70.0,True
2464,675,20.0,False
2464,1267,15.0,False
2464,422,10.0,False
2464,573,3.0,False
2464,480,3.0,False
2464,412,1.0,False
2464,1048,1.0,False
2464,162,1.0,False
2465,846,100.0,True
2465,446,70.0,False
2465,675,20.0,False
2465,1267,15.0,False
2465,422,10.0,False
2465,162,10.0,False
2465,434,3.0,False
2465,337,3.0,False
2465,574,3.0,False
2465,298,1.0,False
2466,528,40.0,True
2466,459,5.5,False
2466,1241,1.5,False
2466,1048,1.0,False
2466,1266,1.0,False
2466,412,0.5,False
2466,480,0.5,False
2467,375,35.0,True
2468,382,50.0,True
2469,382,70.0,True
2470,382,60.0,True
2471,382,80.0,True
2472,378,70.0,True
2473,446,32.2,True
2473,846,6.5,False
2473,675,4.4,False
2473,1267,3.0,False
2473,422,2.5,False
2473,337,1.4,False
2473,434,1.3,False
2473,298,1.1,False
2473,162,0.6,False
2473,574,0.5,False
2474,446,43.0,True
2474,846,8.7,False
2474,675,5.8,False
2474,1267,4.0,False
2474,422,3.3,False
2474,337,1.8,False
2474,434,1.7,False
2474,298,1.5,False
2474,162,0.8,False
2474,574,0.7,False
2475,373,120.0,True
2476,374,100.0,True
2477,528,43.4,True
2477,459,5.5,False
2477,1241,2.5,False
2477,412,1.6,False
2477,1048,1.5,False
2477,1266,1.0,False
2477,480,0.7,False
2478,374,250.0,True
2479,373,125.0,True
2480,459,41.0,True
2480,573,4.1,False
2480,1241,2.5,False
2480,412,0.8,False
2480,910,0.8,False
2480,1263,0.8,False
2481,509,41.7,True
2481,528,16.7,False
2481,516,8.3,False
2481,498,4.2,False
2481,574,2.5,False
2481,1241,1.7,False
2481,1234,1.7,False
2481,1144,0.8,False
2481,412,0.8,False
2481,292,0.8,False
2481,1263,0.8,False
2482,379,100.0,True
2483,380,100.0,True
2484,381,100.0,True
2485,384,100.0,True
2486,422,200.0,True
2486,1049,23.0,False
2486,412,14.0,False
2486,575,8.0,False
2486,234,6.0,False
2486,315,4.0,False
2486,1241,4.0,False
2486,1263,2.0,False
2487,446,800.0,True
2487,422,400.0,False
2487,574,300.0,False
2487,1340,240.0,False
2487,432,200.0,False
2487,1263,130.0,False
2487,412,60.0,False
2487,480,20.0,False
2487,1241,10.0,False
2487,355,10.0,False
2488,1413,40.0,True
2488,422,30.0,False
2488,516,8.0,False
2488,1232,5.0,False
2488,239,5.0,False
2488,38,5.0,False
2488,412,5.0,False
2488,355,3.0,False
2488,660,3.0,False
2488,358,3.0,False
2488,354,3.0,False
2488,1340,1.0,False
2488,480,1.0,False
2488,1241,1.0,False
2488,1049,1.0,False
2488,1265,0.2,False
2489,1419,25.0,True
2489,359,20.0,False
2489,422,12.0,False
2489,1402,8.0,False
2489,573,4.0,False
2489,577,4.0,False
2489,578,4.0,False
2489,412,4.0,False
2489,660,4.0,False
2489,1049,2.0,False
2489,1340,2.0,False
2489,480,2.0,False
2489,51,2.0,False
2489,1241,1.0,False
2489,1243,1.0,False
2489,1266,0.3,False
2490,586,30.0,True
2490,446,20.0,False
2490,180,20.0,False
2490,574,10.0,False
2490,412,5.0,False
2490,1241,2.0,False
2490,1049,2.0,False
2490,911,2.0,False
2490,1265,0.2,False
2491,422,80.0,True
2491,446,40.0,False
2491,1402,40.0,False
2491,574,10.0,False
2491,298,10.0,False
2491,412,6.0,False
2491,642,5.0,False
2491,1049,3.0,False
2491,1340,3.0,False
2491,480,2.0,False
2491,1265,1.2,False
2492,489,40.0,True
2492,1419,40.0,True
2492,516,8.0,False
2492,412,3.0,False
2492,354,3.0,False
2492,906,2.0,False
2492,51,2.0,False
2492,1241,2.0,False
2492,480,1.0,False
2492,1076,1.0,False
2492,1267,1.0,False
2493,525,30.0,True
2493,1077,12.0,False
2493,1402,10.0,False
2493,516,5.0,False
2493,354,4.0,False
2493,1267,3.0,False
2493,412,3.0,False
2493,1340,2.0,False
2493,234,2.0,False
2493,1241,1.0,False
2493,480,1.0,False
2493,163,1.0,False
2493,1243,0.5,False
2493,1265,0.4,False
2493,312,0.2,False
2494,530,50.0,True
2494,1419,50.0,True
2494,516,10.0,False
2494,459,8.0,False
2494,1267,5.0,False
2494,412,4.0,False
2494,1340,3.0,False
2494,660,3.0,False
2494,1241,1.0,False
2495,1419,40.0,True
2495,538,30.0,False
2495,738,30.0,False
2495,516,8.0,False
2495,574,5.0,False
2495,354,3.0,False
2495,412,3.0,False
2495,1049,3.0,False
2495,51,2.0,False
2495,1241,2.0,False
2495,1265,1.0,False
2495,480,1.0,False
2496,1419,40.0,True
2496,558,30.0,False
2496,1402,20.0,False
2496,574,10.0,False
2496,516,10.0,False
2496,354,4.0,False
2496,1049,4.0,False
2496,412,3.0,False
2496,480,1.0,False
2496,1265,0.8,False
2497,1419,40.0,True
2497,352,30.0,False
2497,422,20.0,False
2497,574,4.0,False
2497,1340,3.0,False
2497,354,2.0,False
2497,51,2.0,False
2497,234,2.0,False
2497,1049,2.0,False
2497,1267,1.9,False
2498,359,160.0,True
2498,869,30.0,False
2498,1389,20.0,False
2498,524,20.0,False
2498,422,20.0,False
2498,1241,15.0,False
2498,1347,15.0,False
2498,1232,10.0,False
2498,1243,1.0,False
2499,1411,800.0,True
2499,422,100.0,False
2499,446,50.0,False
2499,516,50.0,False
2499,720,50.0,False
2499,1178,30.0,False
2499,571,25.0,False
2499,1232,15.0,False
2499,1272,15.0,False
2499,233,15.0,False
2500,334,250.0,True
2500,516,60.0,False
2500,575,25.0,False
2500,358,15.0,False
2500,354,15.0,False
2500,1232,15.0,False
2500,1239,15.0,False
2500,1347,15.0,False
2500,660,10.0,False
2500,1241,10.0,False
2500,1272,10.0,False
2500,1243,7.0,False
2500,1390,5.0,False
2501,422,50.0,True
2501,1402,30.0,False
2501,660,30.0,False
2501,524,25.0,False
2501,1403,25.0,False
2501,1347,15.0,False
2501,360,10.0,False
2501,1264,3.0,False
2502,1403,100.0,True
2502,422,100.0,True
2502,660,30.0,False
2502,571,25.0,False
2502,516,25.0,False
2502,358,20.0,False
2502,354,15.0,False
2502,162,15.0,False
2502,574,10.0,False
2502,412,10.0,False
2502,1264,2.0,False
2503,738,200.0,True
2503,516,60.0,False
2503,434,20.0,False
2503,358,17.0,False
2503,354,17.0,False
2503,575,15.0,False
2503,1232,15.0,False
2503,1347,10.0,False
2503,1241,10.0,False
2503,1243,5.0,False
2503,1390,5.0,False
2504,565,200.0,True
2504,516,40.0,False
2504,670,40.0,False
2504,1402,40.0,False
2504,1389,20.0,False
2504,358,15.0,False
2504,354,15.0,False
2504,1241,15.0,False
2504,1232,15.0,False
2504,1390,15.0,False
2504,660,10.0,False
2504,1144,5.0,False
2504,1047,5.0,False
2504,1243,2.0,False
2505,1419,300.0,True
2505,516,150.0,False
2505,1272,30.0,False
2505,1347,30.0,False
2505,360,7.0,False
2505,1266,2.0,False
2505,467,2.0,False
2506,516,60.0,True
2506,395,50.0,False
2506,1347,30.0,False
2506,1272,25.0,False
2506,467,20.0,False
2506,358,15.0,False
2506,354,15.0,False
2506,1264,5.0,False
2507,524,200.0,True
2507,392,40.0,False
2507,1347,30.0,False
2507,434,20.0,False
2507,354,18.0,False
2507,358,15.0,False
2507,1336,15.0,False
2507,1272,15.0,False
2507,412,12.0,False
2507,233,7.0,False
2507,1266,5.0,False
2508,556,200.0,True
2508,1003,100.0,False
2508,516,60.0,False
2508,434,25.0,False
2508,1241,20.0,False
2508,358,15.0,False
2508,354,15.0,False
2508,1347,15.0,False
2508,1232,15.0,False
2508,1390,15.0,False
2508,1111,15.0,False
2508,575,10.0,False
2509,1413,35.0,True
2509,434,5.0,False
2509,354,1.0,False
2509,412,1.0,False
2509,1241,0.8,False
2509,221,0.5,False
2509,1047,0.5,False
2509,1243,0.5,False
2510,556,80.0,True
2510,574,5.0,False
2510,1241,4.0,False
2510,1340,1.0,False
2510,412,1.0,False
2510,354,0.5,False
2510,660,0.2,False
2510,480,0.1,False
2510,516,0.1,False
2510,1267,0.1,False
2511,422,50.0,True
2511,528,30.0,False
2511,1271,30.0,False
2511,1402,30.0,False
2511,577,20.0,False
2511,392,20.0,False
2511,354,10.0,False
2511,434,10.0,False
2511,1241,10.0,False
2511,1419,10.0,False
2511,233,5.0,False
2512,675,400.0,True
2512,1340,15.0,False
2512,1241,8.0,False
2512,574,5.0,False
2512,412,3.0,False
2513,988,80.0,True
2514,1027,70.0,True
2515,1028,80.0,True
2516,1029,70.0,True
2517,1001,80.0,True
2518,1056,70.0,True
2518,1232,5.0,False
2518,1239,5.0,False
2518,412,2.0,False
2518,234,2.0,False
2518,1270,2.0,False
2518,1238,1.0,False
2518,1241,1.0,False
2518,1205,1.0,False
2518,573,1.0,False
2519,1061,70.0,True
2520,1062,80.0,True
2520,1232,5.0,False
2520,1239,5.0,False
2520,412,2.0,False
2520,234,2.0,False
2520,1270,2.0,False
2520,1238,1.0,False
2520,1241,1.0,False
2520,1205,1.0,False
2520,573,1.0,False
2521,422,30.0,True
2521,528,20.0,False
2521,977,20.0,False
2521,434,10.0,False
2521,516,10.0,False
2521,573,10.0,False
2521,1239,3.0,False
2521,1270,3.0,False
2521,1232,1.0,False
2521,1241,1.0,False
2521,412,1.0,False
2521,1266,1.0,False
2522,923,200.0,True
2522,982,100.0,False
2522,1239,36.0,False
2522,1270,14.0,False
2522,234,12.0,False
2522,354,8.0,False
2522,412,6.0,False
2522,1144,4.0,False
2522,310,1.0,False
2522,1297,1.0,False
2523,844,30.0,True
2523,1266,2.0,False
2523,1144,2.0,False
2523,573,2.0,False
2523,412,1.0,False
2523,1297,1.0,False
2524,837,30.0,True
2524,1266,2.0,False
2524,1144,2.0,False
2524,575,2.0,False
2524,412,1.0,False
2524,1297,1.0,False
2525,460,70.0,True
2525,1056,40.0,False
2525,1234,2.0,False
2525,1272,1.0,False
2525,1144,1.0,False
2526,574,70.0,True
2526,1232,2.0,False
2526,1270,1.0,False
2526,1144,1.0,False
2527,435,50.0,True
2527,860,50.0,True
2527,828,30.0,False
2527,354,5.0,False
2527,1266,1.0,False
2528,874,15.0,True
2529,1015,50.0,True
2529,1232,2.0,False
2529,573,2.0,False
2529,412,1.0,False
2529,1144,1.0,False
2530,1025,15.0,True
2531,910,15.0,True
2532,929,15.0,True
2533,1049,15.0,True
2534,899,15.0,True
2535,989,15.0,True
2536,1059,15.0,True
2537,967,15.0,True
2538,972,15.0,True
2539,979,15.0,True
2540,1015,1000.0,True
2540,1232,200.0,False
2540,1234,200.0,False
2540,412,60.0,False
2540,480,60.0,False
2541,898,100.0,True
2542,943,100.0,True
2543,954,100.0,True
2544,998,100.0,True
2545,1008,100.0,True
2546,1022,100.0,True
2547,1052,100.0,True
2548,1063,100.0,True
2549,1340,100.0,True
2550,1342,100.0,True
2551,1343,100.0,True
2552,1344,100.0,True
2553,1345,100.0,True
2554,343,10.0,True
2554,1232,5.0,False
2554,1241,3.0,False
2554,1246,3.0,False
2554,412,2.0,False
2555,364,25.0,True
2556,408,20.0,True
2557,396,10.0,True
2557,1232,5.0,False
2557,1241,3.0,False
2557,1246,3.0,False
2557,412,2.0,False
2558,418,25.0,True
2559,519,10.0,True
2560,530,30.0,True
2560,1232,5.0,False
2560,412,2.0,False
2560,234,2.0,False
2560,1144,1.0,False
2561,738,10.0,True
2561,1232,5.0,False
2561,1241,3.0,False
2561,1246,3.0,False
2561,412,2.0,False
2562,1239,500.0,True
2562,395,240.0,False
2562,412,5.0,False
2562,575,5.0,False
2562,1144,5.0,False
2562,234,4.0,False
2563,417,100.0,True
2564,470,100.0,True
2565,527,100.0,True
2566,535,100.0,True
2567,334,1000.0,True
2567,1232,460.0,False
2567,1266,70.0,False
2567,1270,70.0,False
2567,234,60.0,False
2567,412,20.0,False
2567,480,10.0,False
2567,355,10.0,False
2568,428,40.0,True
2568,1232,12.0,False
2568,1419,10.0,False
2568,1270,7.0,False
2568,575,3.0,False
2568,412,2.0,False
2568,234,2.0,False
2568,1144,2.0,False
2568,1243,1.0,False
2569,609,60.0,True
2569,1419,25.0,False
2569,516,15.0,False
2569,1232,14.0,False
2569,1270,14.0,False
2569,234,12.0,False
2569,652,10.0,False
2569,575,6.0,False
2569,412,4.0,False
2569,360,3.0,False
2569,354,3.0,False
2569,1076,1.0,False
2570,516,40.0,True
2570,530,30.0,False
2570,1232,8.0,False
2570,1270,8.0,False
2570,660,7.0,False
2570,404,5.0,False
2571,575,40.0,True
2571,1419,20.0,False
2571,1270,7.0,False
2571,1232,7.0,False
2571,234,6.0,False
2572,697,200.0,True
2572,516,80.0,False
2572,1272,30.0,False
2572,1347,30.0,False
2572,1227,30.0,False
2572,358,20.0,False
2572,354,20.0,False
2572,660,15.0,False
2572,1232,12.0,False
2572,233,10.0,False
2573,428,70.0,True
2574,427,1.0,True
2575,431,70.0,True
2576,532,70.0,True
2577,481,100.0,True
2578,619,100.0,True
2578,1419,60.0,False
2578,234,16.0,False
2578,1270,12.0,False
2578,653,6.0,False
2578,1266,2.2,False
2578,1297,0.05,False
2579,422,50.0,True
2579,509,20.0,False
2579,1270,7.0,False
2579,234,6.0,False
2579,467,6.0,False
2579,412,5.0,False
2579,480,2.0,False
2579,1340,1.0,False
2579,1266,0.9,False
2580,565,70.0,True
2580,234,9.0,False
2580,1270,6.0,False
2580,1256,5.0,False
2580,412,5.0,False
2580,1142,2.0,False
2580,1297,1.0,False
2580,1266,1.0,False
2580,439,1.0,False
2581,1402,50.0,True
2581,530,40.0,False
2581,1270,10.0,False
2581,234,6.0,False
2581,1178,5.0,False
2581,1266,1.1,False
2582,610,60.0,True
2582,516,12.0,False
2582,575,8.0,False
2582,1145,8.0,False
2582,1270,5.0,False
2582,1232,5.0,False
2582,412,3.0,False
2582,574,3.0,False
2582,234,3.0,False
2582,1241,2.0,False
2583,1419,15.0,True
2583,480,10.0,False
2583,1270,4.0,False
2583,234,3.0,False
2583,467,2.0,False
2583,1266,0.4,False
2584,1419,80.0,True
2584,524,40.0,False
2584,1178,20.0,False
2584,1270,12.0,False
2584,467,10.0,False
2584,652,5.0,False
2584,1266,1.7,False
2585,1403,20.0,True
2585,509,15.0,False
2585,1271,15.0,False
2585,528,15.0,False
2585,392,10.0,False
2585,278,5.0,False
2585,1075,5.0,False
2585,233,3.0,False
2586,1232,4.0,True
2587,1234,4.0,True
2588,1239,4.0,True
2589,1246,80.0,True
2590,1274,4.0,True
2591,1239,18.0,True
2591,818,10.0,False
2591,1232,4.0,False
2591,225,4.0,False
2591,234,4.0,False
2591,1144,4.0,False
2591,310,2.0,False
2591,1297,2.0,False
2592,575,5.0,True
2592,1234,2.0,False
2592,412,1.0,False
2592,1266,1.0,False
2593,575,5.0,True
2593,1144,2.0,False
2593,1234,2.0,False
2593,412,1.0,False
2593,1266,1.0,False
2594,1144,4.0,True
2594,1266,2.0,False
2595,1232,6.5,True
2595,234,3.5,False
2595,575,2.0,False
2595,412,1.5,False
2595,1144,0.5,False
2595,1243,0.4,False
2595,1297,0.1,False
2596,1239,40.0,True
2596,1234,40.0,True
2596,412,22.0,False
2596,575,22.0,False
2596,1241,15.0,False
2596,1227,11.0,False
2596,1144,7.0,False
2596,1266,6.0,False
2596,234,5.0,False
2596,480,4.0,False
2597,162,51.0,True
2597,1241,28.0,False
2597,911,17.0,False
2597,412,8.0,False
2597,1048,6.0,False
2597,480,3.0,False
2597,234,3.0,False
2597,315,3.0,False
2597,1267,2.0,False
2598,575,9.0,True
2598,1144,7.0,False
2598,412,6.0,False
2598,480,5.0,False
2598,1266,3.0,False
2598,1298,0.1,False
2599,1246,114.0,True
2599,575,30.0,False
2599,1227,25.0,False
2599,412,17.0,False
2599,1241,8.0,False
2599,907,6.0,False
2600,1234,2.0,True
2600,575,2.0,True
2600,412,1.0,False
2600,1144,1.0,False
2600,1297,0.1,False
2601,1232,3.0,True
2601,575,3.0,True
2601,234,2.0,False
2601,412,2.0,False
2601,1144,0.4,False
2601,1243,0.1,False
2601,1297,0.1,False
2602,1232,5.0,True
2602,1144,5.0,True
2602,575,3.0,False
2602,412,3.0,False
2602,234,2.0,False
2602,1297,0.5,False
2603,1272,52.0,True
2603,412,24.0,False
2603,234,12.0,False
2603,1266,12.0,False
2603,1236,8.0,False
2603,315,7.0,False
2604,1232,2.0,True
2604,575,1.0,False
2604,412,1.0,False
2604,1144,0.5,False
2604,1243,0.3,False
2605,1232,9.0,True
2605,573,0.5,False
2605,1243,0.4,False
2605,1144,0.3,False
2605,1241,0.3,False
2606,1232,45.0,True
2606,1144,7.0,False
2606,354,6.0,False
2606,352,6.0,False
2606,1243,6.0,False
2606,1241,2.0,False
2607,1232,10.0,True
2607,575,4.0,False
2607,1243,2.0,False
2607,234,0.5,False
2607,1241,0.2,False
2607,1272,0.2,False
2608,1232,30.0,True
2608,1048,12.0,False
2608,412,12.0,False
2608,1241,6.0,False
2609,1234,45.0,True
2609,225,20.0,False
2609,234,18.0,False
2609,575,18.0,False
2609,1144,14.0,False
2609,412,12.0,False
2609,227,7.0,False
2609,1297,0.5,False
2610,1048,13.0,True
2610,575,4.0,False
2610,412,2.0,False
2610,1144,1.0,False
2611,676,75.0,True
2611,1232,30.0,False
2611,412,20.0,False
2611,227,20.0,False
2611,575,10.0,False
2611,480,10.0,False
2611,1297,0.5,False
2612,1232,13.0,True
2612,1270,10.0,False
2612,234,6.0,False
2613,1232,15.0,True
2613,1270,7.0,False
2614,1239,112.0,True
2614,1272,44.0,False
2614,234,30.0,False
2614,225,14.0,False
2615,1239,5.0,True
2615,1270,5.0,True
2615,234,5.0,True
2616,1232,30.0,True
2616,412,24.0,False
2616,1144,14.0,False
2616,1243,12.0,False
2616,1241,12.0,False
2617,1232,5.0,True
2617,412,2.0,False
2617,1048,2.0,False
2617,1241,1.0,False
2618,1232,5.0,True
2618,234,2.6,False
2618,575,1.5,False
2618,412,1.1,False
2618,1144,0.5,False
2618,1243,0.3,False
2618,1297,0.2,False
2619,1232,6.8,True
2619,1270,3.2,False
2620,1240,100.0,True
2621,1248,100.0,True
2622,1282,100.0,True
2623,1239,40.0,True
2623,1385,20.0,False
2623,225,10.0,False
2623,412,6.0,False
2623,1144,2.0,False
2624,909,150.0,True
2624,586,40.0,False
2624,591,20.0,False
2624,1246,12.0,False
2624,516,10.0,False
2624,575,5.0,False
2624,412,3.0,False
2624,360,2.0,False
2624,1145,2.0,False
2624,1076,1.0,False
2624,1241,1.0,False
2625,1113,80.0,True
2625,234,6.0,False
2625,1104,5.0,False
2625,1131,3.0,False
2626,1103,100.0,True
2627,1108,65.0,True
2627,1111,65.0,True
2628,1113,200.0,True
2629,1121,20.0,True
2630,1113,150.0,True
2630,158,36.0,False
2630,225,5.0,False
2631,1119,200.0,True
2632,1119,150.0,True
2633,1111,65.0,True
2634,1107,82.0,True
2635,1119,150.0,True
2636,1119,100.0,True
2637,1095,100.0,True
2638,1096,100.0,True
2639,1097,100.0,True
2640,1098,100.0,True
2641,1099,100.0,True
2642,1100,100.0,True
2643,1101,100.0,True
2644,1102,100.0,True
2645,1105,100.0,True
2646,1107,100.0,True
2647,1108,100.0,True
2648,1110,100.0,True
2649,1111,100.0,True
2650,1112,100.0,True
2651,1114,200.0,True
2652,1115,200.0,True
2653,1116,200.0,True
2654,1117,200.0,True
2655,1118,200.0,True
2656,1119,200.0,True
2657,1120,100.0,True
2658,1122,100.0,True
2659,1123,100.0,True
2660,1124,100.0,True
2661,1125,100.0,True
2662,1126,100.0,True
2663,1127,100.0,True
2664,1128,100.0,True
2665,1129,100.0,True
2666,1130,100.0,True
2667,1346,100.0,True
2668,644,80.0,True
2668,1109,50.0,False
2668,1113,30.0,False
2668,69,10.0,False
2668,225,6.0,False
2669,1113,30.0,True
2669,1346,15.0,False
2669,653,5.0,False
2669,1266,0.2,False
2670,1106,100.0,True
2670,681,50.0,False
2670,1113,50.0,False
2670,225,12.0,False
2670,322,3.0,False
2670,1254,0.1,False
2671,1113,30.0,True
2671,1346,15.0,False
2671,856,12.0,False
2671,234,5.0,False
2671,225,3.0,False
2672,1113,80.0,True
2672,683,50.0,False
2672,689,20.0,False
2672,234,12.0,False
2672,1089,1.2,False
2673,780,250.0,True
2673,1113,200.0,False
2673,461,60.0,False
2673,1346,50.0,False
2673,2,30.0,False
2673,304,20.0,False
2673,516,15.0,False
2673,1155,10.0,False
2673,1398,5.0,False
2673,1298,3.0,False
2673,1265,0.5,False
2674,394,100.0,True
2675,702,200.0,True
2676,720,200.0,True
2677,567,200.0,True
2678,759,200.0,True
2679,508,100.0,True
2680,595,100.0,True
2681,624,100.0,True
2682,628,100.0,True
2683,638,100.0,True
2684,648,100.0,True
2685,653,100.0,True
2686,663,100.0,True
2687,676,100.0,True
2688,677,100.0,True
2689,701,100.0,True
2690,728,100.0,True
2691,734,100.0,True
2692,743,100.0,True
2693,746,100.0,True
2694,749,100.0,True
2695,752,100.0,True
2696,1193,100.0,True
2697,1402,300.0,True
2697,234,50.0,False
2697,480,20.0,False
2697,1297,10.0,False
2697,309,5.0,False
2698,280,200.0,True
2699,711,100.0,True
2699,1205,50.0,False
2700,14,43.0,True
2700,156,41.0,False
2700,270,40.0,False
2700,133,38.0,False
2700,315,30.0,False
2700,292,28.0,False
2700,234,25.0,False
2701,163,1600.0,True
2701,135,1500.0,False
2701,422,850.0,False
2701,480,400.0,False
2701,234,200.0,False
2701,298,3.0,False
2701,310,1.0,False
2701,1241,1.0,False
2702,587,23.0,True
2702,135,23.0,True
2702,163,20.0,False
2702,234,18.0,False
2702,590,13.0,False
2702,310,2.0,False
2703,1196,100.0,True
2704,215,100.0,True
2705,321,100.0,True
2706,1183,100.0,True
2707,1184,100.0,True
2708,1185,100.0,True
2709,1194,100.0,True
2710,1195,100.0,True
2711,1197,100.0,True
2712,1198,100.0,True
2713,1199,100.0,True
2714,1200,100.0,True
2715,1201,100.0,True
2716,1202,100.0,True
2717,1203,100.0,True
2718,1204,100.0,True
2719,1205,100.0,True
2720,1206,100.0,True
2721,1207,100.0,True
2722,1208,100.0,True
2723,1209,100.0,True
2724,1210,100.0,True
2725,1211,100.0,True
2726,1212,100.0,True
2727,1213,100.0,True
2728,1214,100.0,True
2729,281,100.0,True
2730,282,100.0,True
2731,283,100.0,True
2732,738,100.0,True
2732,1419,80.0,False
2732,1111,50.0,False
2732,225,12.0,False
2732,304,3.0,False
2733,1150,2.0,True
2734,1157,2.0,True
2735,1158,15.0,True
2736,1167,100.0,True
2737,625,30.0,True
2737,236,17.0,False
2737,480,8.0,False
2737,234,5.0,False
2737,1237,3.0,False
2737,310,1.0,False
2738,135,26.0,True
2738,234,10.0,False
2738,163,8.0,False
2739,1172,10.0,True
2739,234,5.0,False
2740,1175,5.0,True
2741,1179,15.0,True
2742,1187,100.0,True
2743,1186,200.0,True
2744,1188,15.0,True
2745,1149,100.0,True
2746,1151,100.0,True
2747,1152,100.0,True
2748,1153,100.0,True
2749,1154,100.0,True
2750,1159,100.0,True
2751,1160,100.0,True
2752,1161,100.0,True
2753,1162,100.0,True
2754,1163,100.0,True
2755,1164,100.0,True
2756,1165,100.0,True
2757,1166,100.0,True
2758,1168,100.0,True
2759,1169,100.0,True
2760,1170,100.0,True
2761,1171,100.0,True
2762,1173,100.0,True
2763,1174,100.0,True
2764,1176,100.0,True
2765,1177,100.0,True
2766,1178,100.0,True
2766,729,100.0,True
2767,1180,100.0,True
2768,1181,100.0,True
2769,1182,100.0,True
2770,1189,100.0,True
2771,1190,100.0,True
2772,1191,100.0,True
2773,1192,100.0,True
2774,1347,100.0,True
2775,1348,100.0,True
2776,1349,100.0,True
2777,225,17.0,True
2777,480,12.0,False
2777,642,5.0,False
2777,1270,2.0,False
2778,619,100.0,True
2779,622,100.0,True
2780,627,100.0,True
2781,631,100.0,True
2782,639,100.0,True
2783,640,100.0,True
2784,642,10.0,True
2785,644,200.0,True
2786,647,100.0,True
2787,652,100.0,True
2788,659,100.0,True
2789,662,100.0,True
2790,664,100.0,True
2791,665,100.0,True
2792,666,100.0,True
2793,670,100.0,True
2794,678,100.0,True
2795,681,100.0,True
2796,689,100.0,True
2797,703,100.0,True
2798,706,100.0,True
2799,710,100.0,True
2800,711,200.0,True
2801,714,100.0,True
2802,716,100.0,True
2803,717,100.0,True
2804,718,100.0,True
2805,719,100.0,True
2806,732,100.0,True
2807,737,100.0,True
2808,319,13.0,True
2809,741,100.0,True
2810,744,100.0,True
2811,747,100.0,True
2812,750,100.0,True
2813,755,100.0,True
2814,711,150.0,True
2815,755,120.0,True
2816,698,120.0,True
2817,696,120.0,True
2818,619,120.0,True
2819,674,100.0,True
2820,684,80.0,True
2821,664,160.0,True
2822,684,150.0,True
2823,670,120.0,True
2824,622,110.0,True
2825,696,50.0,True
2826,755,70.0,True
2827,620,100.0,True
2828,621,100.0,True
2829,629,100.0,True
2830,632,100.0,True
2831,633,100.0,True
2832,634,100.0,True
2833,635,100.0,True
2834,636,100.0,True
2835,643,100.0,True
2836,649,100.0,True
2837,650,100.0,True
2838,654,100.0,True
2839,655,100.0,True
2840,656,100.0,True
2841,657,100.0,True
2842,658,100.0,True
2843,680,100.0,True
2844,683,100.0,True
2845,684,100.0,True
2846,687,100.0,True
2847,688,100.0,True
2848,693,100.0,True
2849,696,100.0,True
2850,698,100.0,True
2851,699,100.0,True
2852,705,100.0,True
2853,712,100.0,True
2854,713,100.0,True
2855,715,100.0,True
2856,721,100.0,True
2857,725,100.0,True
2858,726,100.0,True
2859,727,100.0,True
2860,730,100.0,True
2861,733,100.0,True
2862,735,100.0,True
2863,739,100.0,True
2864,745,100.0,True
2865,751,100.0,True
2866,756,100.0,True
2867,757,100.0,True
2868,760,100.0,True
2869,631,30.0,True
2869,234,12.0,False
2869,227,5.0,False
2869,653,5.0,False
2870,1113,80.0,True
2870,38,40.0,False
2870,689,20.0,False
2870,745,20.0,False
2870,747,20.0,False
2870,1403,20.0,False
2870,234,8.0,False
2870,1137,3.0,False
2870,859,3.0,False
2871,748,100.0,True
2872,762,100.0,True
2873,623,100.0,True
2874,625,100.0,True
2875,630,100.0,True
2876,637,100.0,True
2877,645,100.0,True
2878,646,100.0,True
2879,651,100.0,True
2880,660,100.0,True
2881,661,100.0,True
2882,668,100.0,True
2883,671,100.0,True
2884,672,100.0,True
2885,679,100.0,True
2886,682,100.0,True
2887,685,100.0,True
2888,686,100.0,True
2889,690,100.0,True
2890,691,100.0,True
2891,692,100.0,True
2892,694,100.0,True
2893,695,100.0,True
2894,700,100.0,True
2895,704,100.0,True
2896,707,100.0,True
2897,708,100.0,True
2898,709,100.0,True
2899,723,100.0,True
2900,724,100.0,True
2901,731,100.0,True
2902,736,100.0,True
2903,740,100.0,True
2904,742,100.0,True
2905,753,100.0,True
2906,754,100.0,True
2907,758,100.0,True
2908,761,100.0,True
2909,763,100.0,True
2910,631,80.0,True
2910,234,16.0,False
2910,227,5.0,False
2910,1089,1.2,False
2911,665,15.0,True
2911,234,9.0,False
2911,642,3.0,False
2911,1337,3.0,False
2911,653,2.0,False
2912,21,150.0,True
2913,23,150.0,True
2914,24,150.0,True
2915,171,130.0,True
2916,25,150.0,True
2917,27,130.0,True
2918,31,140.0,True
2919,33,170.0,True
2920,176,170.0,True
2921,175,130.0,True
2922,34,140.0,True
2923,170,130.0,True
2924,51,30.0,True
2924,459,10.9,False
2924,354,8.2,False
2924,1246,6.5,False
2924,1239,5.5,False
2924,1145,1.9,False
2924,1266,0.3,False
2925,422,70.0,True
2925,7,30.0,False
2925,574,3.0,False
2925,1144,0.8,False
2925,1145,0.4,False
2925,1266,0.2,False
2925,1243,0.2,False
2926,162,90.0,True
2926,175,30.0,False
2926,234,16.0,False
2926,1266,0.6,False
2927,139,90.0,True
2927,286,51.8,False
2927,234,7.4,False
2927,1145,3.7,False
2927,1266,2.2,False
2928,162,90.0,True
2928,1145,72.0,False
2928,244,36.0,False
2928,14,27.0,False
2928,1216,18.0,False
2928,234,9.0,False
2928,642,1.8,False
2928,480,1.8,False
2928,1266,1.1,False
2929,14,90.0,True
2929,1216,40.0,False
2929,234,10.0,False
2929,602,2.4,False
2929,642,1.5,False
2929,1266,0.6,False
2930,22,100.0,True
2931,26,100.0,True
2932,28,100.0,True
2933,29,100.0,True
2934,30,100.0,True
2935,32,100.0,True
2936,140,100.0,True
2937,171,100.0,True
2938,172,100.0,True
2939,173,100.0,True
2940,174,100.0,True
2941,176,100.0,True
2942,13,900.0,True
2942,298,160.0,False
2942,234,150.0,False
2942,642,35.0,False
2942,1266,27.0,False
2942,602,10.0,False
2942,310,10.0,False
2943,1419,70.0,True
2943,12,30.0,False
2943,163,10.0,False
2943,175,10.0,False
2943,234,9.0,False
2943,5,5.0,False
2943,1266,0.5,False
2944,1413,70.0,True
2944,1111,30.0,False
2944,7,10.0,False
2944,234,6.0,False
2944,753,5.0,False
2944,1266,0.5,False
2945,1419,40.0,True
2945,669,40.0,True
2945,162,20.0,False
2945,234,19.0,False
2945,856,12.0,False
2945,1346,10.0,False
2945,667,7.0,False
2945,257,6.0,False
2945,287,5.0,False
2945,653,3.0,False
2945,1337,0.4,False
2946,298,40.0,True
2946,13,30.0,False
2946,234,12.0,False
2946,690,10.0,False
2946,642,5.0,False
2946,1266,0.3,False
2947,1419,50.0,True
2947,459,40.0,False
2947,131,20.0,False
2947,516,15.0,False
2947,856,15.0,False
2947,13,10.0,False
2947,1145,10.0,False
2947,1239,10.0,False
2947,49,4.0,False
2948,1419,50.0,True
2948,348,30.0,False
2948,486,30.0,False
2948,396,20.0,False
2948,375,20.0,False
2948,856,20.0,False
2948,133,15.0,False
2948,259,15.0,False
2948,1145,8.0,False
2948,575,5.0,False
2948,412,3.0,False
2948,1144,2.0,False
2948,480,1.0,False
2949,163,20.0,True
2949,1113,5.0,False
2949,856,5.0,False
2949,329,3.0,False
2949,318,3.0,False
2949,234,3.0,False
2949,303,3.0,False
2949,496,2.0,False
2949,1145,0.5,False
2949,1266,0.2,False
2950,14,30.0,True
2950,298,10.0,False
2950,392,10.0,False
2950,271,8.0,False
2950,234,8.0,False
2950,589,7.0,False
2950,134,6.0,False
2950,759,6.0,False
2950,495,4.0,False
2950,1243,2.0,False
2950,1266,0.3,False
2951,148,70.0,True
2951,1419,60.0,False
2951,156,30.0,False
2951,285,10.0,False
2951,234,8.0,False
2951,1266,1.0,False
2952,162,20.0,True
2952,622,15.0,False
2952,1419,15.0,False
2952,225,3.0,False
2952,234,3.0,False
2952,309,2.0,False
2952,1266,0.1,False
2953,181,130.0,True
2954,180,75.0,True
2955,194,140.0,True
2956,11,100.0,True
2957,151,100.0,True
2958,155,100.0,True
2959,184,100.0,True
2960,185,100.0,True
2961,186,100.0,True
2962,187,100.0,True
2963,188,100.0,True
2964,189,100.0,True
2965,195,100.0,True
2966,203,100.0,True
2967,204,100.0,True
2968,205,100.0,True
2969,206,100.0,True
2970,207,100.0,True
2971,208,100.0,True
2972,212,100.0,True
2973,213,100.0,True
2974,214,100.0,True
2975,216,100.0,True
2976,217,100.0,True
2977,218,100.0,True
2978,219,100.0,True
2979,220,100.0,True
2980,261,100.0,True
2981,289,100.0,True
2982,295,13.0,True
2983,298,60.0,True
2984,296,100.0,True
2985,297,100.0,True
2986,299,100.0,True
2987,301,100.0,True
2988,302,100.0,True
2989,303,100.0,True
2990,304,100.0,True
2991,305,100.0,True
2992,306,100.0,True
2993,307,100.0,True
2994,308,100.0,True
2995,309,100.0,True
2996,310,100.0,True
2997,318,100.0,True
2998,320,100.0,True
2999,322,100.0,True
3000,323,100.0,True
3001,324,100.0,True
3002,325,100.0,True
3003,326,100.0,True
3004,327,100.0,True
3005,328,100.0,True
3006,329,100.0,True
3007,330,100.0,True
3008,331,100.0,True
3009,332,100.0,True
3010,641,100.0,True
3011,857,50.0,True
3012,856,50.0,True
3013,864,50.0,True
3014,854,100.0,True
3015,855,100.0,True
3016,861,100.0,True
3017,862,100.0,True
3018,865,100.0,True
3019,866,100.0,True
3020,222,3.0,True
3021,228,3.0,True
3022,252,28.0,True
3023,225,100.0,True
3024,239,100.0,True
3025,240,100.0,True
3026,241,100.0,True
3027,242,100.0,True
3028,243,100.0,True
3029,244,100.0,True
3030,245,100.0,True
3031,275,80.0,True
3032,277,80.0,True
3033,278,100.0,True
3034,279,100.0,True
3035,311,100.0,True
3036,1419,166.0,True
3036,1358,30.0,False
3036,1232,8.0,False
3036,290,7.0,False
3036,234,3.0,False
3036,575,3.0,False
3036,412,2.0,False
3036,1144,2.0,False
3036,1241,0.5,False
3036,1243,0.5,False
3036,1266,0.1,False
3037,1245,20.0,True
3038,1252,10.0,True
3039,1289,20.0,True
3040,1292,20.0,True
3041,1296,20.0,True
3042,729,160.0,True
3042,653,15.0,False
3042,1144,7.0,False
3042,1266,1.5,False
3043,1242,100.0,True
3044,1245,100.0,True
3045,1255,100.0,True
3046,1258,100.0,True
3047,1259,100.0,True
3048,1260,100.0,True
3049,1269,100.0,True
3050,1276,100.0,True
3051,1280,100.0,True
3052,1286,100.0,True
3053,1287,100.0,True
3054,1021,30.0,True
3055,878,60.0,True
3056,907,15.0,True
3057,1054,18.0,True
3058,892,100.0,True
3059,927,100.0,True
3060,942,100.0,True
3061,951,100.0,True
3062,952,100.0,True
3063,965,100.0,True
3064,969,100.0,True
3065,981,100.0,True
3066,984,100.0,True
3067,985,100.0,True
3068,987,100.0,True
3069,996,100.0,True
3070,997,100.0,True
3071,1000,100.0,True
3072,1002,100.0,True
3073,1005,100.0,True
3074,1011,100.0,True
3075,1014,100.0,True
3076,1018,100.0,True
3077,1036,100.0,True
3078,1042,100.0,True
3079,1051,100.0,True
3080,1341,100.0,True
3081,1135,6.0,True
3082,1137,6.0,True
3083,1133,100.0,True
3084,1134,100.0,True
3085,1140,100.0,True
3086,1142,100.0,True
3087,1144,100.0,True
3088,1266,2.0,True
3089,575,5.0,True
3089,412,1.0,False
3089,1266,1.0,False
3090,1270,7.0,True
3091,1235,100.0,True
3092,1241,100.0,True
3093,1243,100.0,True
3094,1253,100.0,True
3095,1256,100.0,True
3096,1261,100.0,True
3097,1270,100.0,True
3098,1277,100.0,True
3099,1291,100.0,True
3100,1297,100.0,True
3101,412,12.0,True
3102,404,5.0,True
3103,392,70.0,True
3104,422,70.0,True
3105,565,140.0,True
3106,446,70.0,True
3107,475,15.0,True
3108,498,30.0,True
3109,503,60.0,True
3110,509,30.0,True
3111,516,15.0,True
3112,528,70.0,True
3113,560,15.0,True
3114,563,200.0,True
3115,576,10.0,True
3116,352,70.0,True
3117,585,50.0,True
3118,351,100.0,True
3119,356,100.0,True
3120,359,100.0,True
3121,360,100.0,True
3122,385,100.0,True
3123,386,100.0,True
3124,391,100.0,True
3125,398,100.0,True
3126,399,100.0,True
3127,400,100.0,True
3128,402,100.0,True
3129,403,100.0,True
3130,409,100.0,True
3131,410,100.0,True
3132,411,100.0,True
3133,413,100.0,True
3134,415,100.0,True
3135,419,100.0,True
3136,420,100.0,True
3137,424,100.0,True
3138,432,100.0,True
3139,433,100.0,True
3140,436,100.0,True
3141,437,100.0,True
3142,438,100.0,True
3143,439,100.0,True
3144,440,100.0,True
3145,442,100.0,True
3146,443,100.0,True
3147,444,100.0,True
3148,445,100.0,True
3149,451,100.0,True
3150,452,100.0,True
3151,455,100.0,True
3152,456,100.0,True
3153,459,100.0,True
3154,460,100.0,True
3155,461,100.0,True
3156,462,100.0,True
3157,467,100.0,True
3158,468,100.0,True
3159,471,100.0,True
3160,472,100.0,True
3161,476,100.0,True
3162,482,100.0,True
3163,483,100.0,True
3164,484,100.0,True
3165,485,100.0,True
3166,489,100.0,True
3167,490,100.0,True
3168,491,100.0,True
3169,492,100.0,True
3170,494,100.0,True
3171,495,100.0,True
3172,497,100.0,True
3173,499,100.0,True
3174,501,100.0,True
3175,502,100.0,True
3176,504,100.0,True
3177,505,100.0,True
3178,506,100.0,True
3179,511,100.0,True
3180,512,100.0,True
3181,518,100.0,True
3182,530,100.0,True
3183,531,100.0,True
3184,538,100.0,True
3185,540,100.0,True
3186,541,100.0,True
3187,545,100.0,True
3188,546,100.0,True
3189,547,100.0,True
3190,548,100.0,True
3191,555,100.0,True
3192,556,100.0,True
3193,557,100.0,True
3194,566,100.0,True
3195,568,100.0,True
3196,569,100.0,True
3197,577,100.0,True
3198,578,100.0,True
3199,579,100.0,True
3200,580,100.0,True
3201,581,100.0,True
3202,1339,100.0,True
3203,477,200.0,True
3203,1246,40.0,False
3203,1239,10.0,False
3203,516,10.0,False
3203,352,7.0,False
3203,1243,1.0,False
3203,1144,1.0,False
3204,1075,70.0,True
3205,1081,200.0,True
3205,575,60.0,False
3205,1239,40.0,False
3205,498,30.0,False
3205,1270,20.0,False
3205,234,17.0,False
3205,412,8.0,False
3206,1218,200.0,True
3207,1215,100.0,True
3208,1216,100.0,True
3209,1217,100.0,True
3210,1219,100.0,True
3211,1220,100.0,True
3212,1221,100.0,True
3213,1222,100.0,True
3214,1223,100.0,True
3215,1225,100.0,True
3216,1226,100.0,True
3217,1227,100.0,True
3218,1228,100.0,True
3219,1229,100.0,True
3220,1230,100.0,True
3221,1314,250.0,True
3222,1315,300.0,True
3223,1316,300.0,True
3224,1318,300.0,True
3225,1319,300.0,True
3226,1321,300.0,True
3227,41,100.0,True
3228,42,100.0,True
3229,43,100.0,True
3230,153,100.0,True
3231,300,100.0,True
3232,389,100.0,True
3233,407,100.0,True
3234,430,100.0,True
3235,514,100.0,True
3236,564,100.0,True
3237,583,100.0,True
3238,608,100.0,True
3239,781,100.0,True
3240,848,100.0,True
3241,1299,100.0,True
3242,1309,100.0,True
3243,1310,100.0,True
3244,1311,100.0,True
3245,1312,100.0,True
3246,1313,100.0,True
3247,1322,100.0,True
3248,1323,100.0,True
3249,1330,100.0,True
3250,1331,100.0,True
3251,1332,100.0,True
